ISO-10303-21;
HEADER;
FILE_DESCRIPTION (( 'STEP AP214' ),
    '1' );
FILE_NAME ('Radar Enclosure.STEP',
    '2026-04-15T22:56:56',
    ( '' ),
    ( '' ),
    'SwSTEP 2.0',
    'SolidWorks 2025',
    '' );
FILE_SCHEMA (( 'AUTOMOTIVE_DESIGN' ));
ENDSEC;

DATA;
#1 = VECTOR ( 'NONE', #1975, 1000.000000000000000 ) ;
#2 = EDGE_CURVE ( 'NONE', #1247, #2006, #2080, .T. ) ;
#3 = VERTEX_POINT ( 'NONE', #1211 ) ;
#4 = DIRECTION ( 'NONE',  ( 0.000000000000000000, 0.000000000000000000, 1.000000000000000000 ) ) ;
#5 = CARTESIAN_POINT ( 'NONE',  ( -2.460000000000003961, 39.82923954403116795, -25.45999999999999019 ) ) ;
#6 = ORIENTED_EDGE ( 'NONE', *, *, #1792, .F. ) ;
#7 = CARTESIAN_POINT ( 'NONE',  ( 9.735245425957550935, 5.000000000000004441, -22.44265765304163551 ) ) ;
#8 = CARTESIAN_POINT ( 'NONE',  ( -72.46000000000000796, 5.000000000000004441, 27.46000000000000085 ) ) ;
#9 = EDGE_CURVE ( 'NONE', #194, #1769, #188, .T. ) ;
#10 = LINE ( 'NONE', #1103, #1547 ) ;
#11 = VERTEX_POINT ( 'NONE', #1022 ) ;
#12 = ORIENTED_EDGE ( 'NONE', *, *, #1361, .T. ) ;
#13 = CARTESIAN_POINT ( 'NONE',  ( 72.45999999999997954, 5.000000000000004441, 27.46000000000000085 ) ) ;
#14 = ORIENTED_EDGE ( 'NONE', *, *, #1867, .T. ) ;
#15 = ORIENTED_EDGE ( 'NONE', *, *, #1951, .T. ) ;
#16 = EDGE_CURVE ( 'NONE', #1597, #659, #392, .T. ) ;
#17 = CARTESIAN_POINT ( 'NONE',  ( 55.53999999999999915, 39.82923954403116795, -27.45999999999999019 ) ) ;
#18 = CARTESIAN_POINT ( 'NONE',  ( -57.76475457404245617, 15.00000000000000533, -19.94265765304163551 ) ) ;
#19 =( LENGTH_UNIT ( ) NAMED_UNIT ( * ) SI_UNIT ( .MILLI., .METRE. ) );
#20 = FACE_BOUND ( 'NONE', #1018, .T. ) ;
#21 = ORIENTED_EDGE ( 'NONE', *, *, #1336, .T. ) ;
#22 = EDGE_LOOP ( 'NONE', ( #1112, #994, #665, #1577 ) ) ;
#23 = CARTESIAN_POINT ( 'NONE',  ( -72.46000000000000796, 7.524766660116894101, -5.249999999999991118 ) ) ;
#24 = CARTESIAN_POINT ( 'NONE',  ( -72.46000000000000796, 5.000000000000004441, 27.46000000000000085 ) ) ;
#25 = VECTOR ( 'NONE', #2033, 1000.000000000000000 ) ;
#26 = DIRECTION ( 'NONE',  ( 0.000000000000000000, 0.000000000000000000, -1.000000000000000000 ) ) ;
#27 = DIRECTION ( 'NONE',  ( -0.000000000000000000, -0.000000000000000000, -1.000000000000000000 ) ) ;
#28 = EDGE_CURVE ( 'NONE', #753, #1139, #1055, .T. ) ;
#29 = CIRCLE ( 'NONE', #1340, 2.499995000000000189 ) ;
#30 = VECTOR ( 'NONE', #358, 1000.000000000000000 ) ;
#31 = DIRECTION ( 'NONE',  ( -1.000000000000000000, 0.000000000000000000, 0.000000000000000000 ) ) ;
#32 = ORIENTED_EDGE ( 'NONE', *, *, #1598, .T. ) ;
#33 = VECTOR ( 'NONE', #708, 1000.000000000000000 ) ;
#34 = AXIS2_PLACEMENT_3D ( 'NONE', #319, #982, #1823 ) ;
#35 = ORIENTED_EDGE ( 'NONE', *, *, #1111, .F. ) ;
#36 = EDGE_CURVE ( 'NONE', #1122, #1941, #1515, .T. ) ;
#37 = CARTESIAN_POINT ( 'NONE',  ( -3.710000000000005294, 39.82923954403116795, -25.45999999999999019 ) ) ;
#38 = DIRECTION ( 'NONE',  ( -1.000000000000000000, 0.000000000000000000, 0.000000000000000000 ) ) ;
#39 = DIRECTION ( 'NONE',  ( -0.000000000000000000, -1.000000000000000000, -0.000000000000000000 ) ) ;
#40 = CARTESIAN_POINT ( 'NONE',  ( 55.54000000000024073, 16.82923954403117150, -25.45999999999999019 ) ) ;
#41 = CYLINDRICAL_SURFACE ( 'NONE', #308, 3.175000000000004263 ) ;
#42 = ORIENTED_EDGE ( 'NONE', *, *, #54, .T. ) ;
#43 = EDGE_CURVE ( 'NONE', #1582, #364, #1370, .T. ) ;
#44 = EDGE_LOOP ( 'NONE', ( #328, #2115, #1619, #1742 ) ) ;
#45 = DIRECTION ( 'NONE',  ( 0.000000000000000000, 0.000000000000000000, 1.000000000000000000 ) ) ;
#46 = ORIENTED_EDGE ( 'NONE', *, *, #1598, .F. ) ;
#47 = CARTESIAN_POINT ( 'NONE',  ( -33.17000000000000881, 22.03006333144230666, -25.45999999999999019 ) ) ;
#48 = DIRECTION ( 'NONE',  ( 0.000000000000000000, 0.000000000000000000, 1.000000000000000000 ) ) ;
#49 = CARTESIAN_POINT ( 'NONE',  ( -38.17000000000000881, 22.03006333144230666, -25.45999999999999019 ) ) ;
#50 = CARTESIAN_POINT ( 'NONE',  ( -38.17000000000000881, 22.03006333144230666, -27.45999999999999019 ) ) ;
#51 = CYLINDRICAL_SURFACE ( 'NONE', #2090, 2.499994999999997969 ) ;
#52 = ORIENTED_EDGE ( 'NONE', *, *, #806, .T. ) ;
#53 = VERTEX_POINT ( 'NONE', #703 ) ;
#54 = EDGE_CURVE ( 'NONE', #1769, #113, #854, .T. ) ;
#55 = PLANE ( 'NONE',  #1239 ) ;
#56 = DIRECTION ( 'NONE',  ( -1.000000000000000000, -0.000000000000000000, -0.000000000000000000 ) ) ;
#57 = LINE ( 'NONE', #1993, #2084 ) ;
#58 = CARTESIAN_POINT ( 'NONE',  ( -75.00000000000001421, 80.00000000000000000, 30.00000000000000355 ) ) ;
#59 = DIRECTION ( 'NONE',  ( 0.000000000000000000, -0.000000000000000000, -1.000000000000000000 ) ) ;
#60 = DIRECTION ( 'NONE',  ( 0.000000000000000000, 0.000000000000000000, 1.000000000000000000 ) ) ;
#61 = AXIS2_PLACEMENT_3D ( 'NONE', #1457, #1767, #639 ) ;
#62 = ORIENTED_EDGE ( 'NONE', *, *, #1886, .F. ) ;
#63 = CIRCLE ( 'NONE', #340, 2.000000000000001776 ) ;
#64 = ORIENTED_EDGE ( 'NONE', *, *, #806, .F. ) ;
#65 = AXIS2_PLACEMENT_3D ( 'NONE', #225, #888, #1543 ) ;
#66 = CIRCLE ( 'NONE', #1920, 2.499994999999997969 ) ;
#67 = LINE ( 'NONE', #726, #996 ) ;
#68 = EDGE_LOOP ( 'NONE', ( #1350, #1860 ) ) ;
#69 = PLANE ( 'NONE',  #1641 ) ;
#70 = AXIS2_PLACEMENT_3D ( 'NONE', #1868, #231, #567 ) ;
#71 = DIRECTION ( 'NONE',  ( 0.000000000000000000, 0.000000000000000000, 1.000000000000000000 ) ) ;
#72 = CARTESIAN_POINT ( 'NONE',  ( 72.45999999999997954, 5.000000000000004441, 27.46000000000000085 ) ) ;
#73 = LINE ( 'NONE', #1039, #825 ) ;
#74 = DIRECTION ( 'NONE',  ( -0.000000000000000000, 1.000000000000000000, -0.000000000000000000 ) ) ;
#75 = ADVANCED_FACE ( 'NONE', ( #1046 ), #1524, .T. ) ;
#76 = VERTEX_POINT ( 'NONE', #523 ) ;
#77 = LINE ( 'NONE', #85, #1544 ) ;
#78 = VERTEX_POINT ( 'NONE', #209 ) ;
#79 = CARTESIAN_POINT ( 'NONE',  ( 17.45999999999997598, 15.00000000000000533, 27.46000000000000085 ) ) ;
#80 = CARTESIAN_POINT ( 'NONE',  ( 54.29000000000024073, 16.82923954403117150, -25.45999999999999019 ) ) ;
#81 = DIRECTION ( 'NONE',  ( -0.000000000000000000, -0.000000000000000000, -1.000000000000000000 ) ) ;
#82 = DIRECTION ( 'NONE',  ( -1.000000000000000000, 0.000000000000000000, 0.000000000000000000 ) ) ;
#83 = ADVANCED_FACE ( 'NONE', ( #890 ), #1504, .F. ) ;
#84 = ORIENTED_EDGE ( 'NONE', *, *, #1770, .T. ) ;
#85 = CARTESIAN_POINT ( 'NONE',  ( 0.4599999999999743183, 19.70000000000000284, 27.46000000000000085 ) ) ;
#86 = ORIENTED_EDGE ( 'NONE', *, *, #908, .T. ) ;
#87 = LINE ( 'NONE', #432, #405 ) ;
#88 = DIRECTION ( 'NONE',  ( 0.000000000000000000, 0.000000000000000000, -1.000000000000000000 ) ) ;
#89 = PLANE ( 'NONE',  #1005 ) ;
#90 = EDGE_CURVE ( 'NONE', #1873, #808, #1032, .T. ) ;
#91 = FACE_OUTER_BOUND ( 'NONE', #262, .T. ) ;
#92 = AXIS2_PLACEMENT_3D ( 'NONE', #217, #1670, #38 ) ;
#93 = EDGE_LOOP ( 'NONE', ( #1027, #2070 ) ) ;
#94 = DIRECTION ( 'NONE',  ( 0.000000000000000000, 0.000000000000000000, -1.000000000000000000 ) ) ;
#95 = AXIS2_PLACEMENT_3D ( 'NONE', #1604, #956, #1144 ) ;
#96 = VERTEX_POINT ( 'NONE', #1546 ) ;
#97 = FACE_OUTER_BOUND ( 'NONE', #570, .T. ) ;
#98 = EDGE_CURVE ( 'NONE', #1721, #271, #506, .T. ) ;
#99 = VECTOR ( 'NONE', #1995, 1000.000000000000000 ) ;
#100 = CARTESIAN_POINT ( 'NONE',  ( 74.99999999999998579, 0.000000000000000000, 30.00000000000000355 ) ) ;
#101 = LINE ( 'NONE', #770, #691 ) ;
#102 = ORIENTED_EDGE ( 'NONE', *, *, #320, .T. ) ;
#103 = VECTOR ( 'NONE', #773, 1000.000000000000000 ) ;
#104 = AXIS2_PLACEMENT_3D ( 'NONE', #1431, #1283, #948 ) ;
#105 = CARTESIAN_POINT ( 'NONE',  ( -19.54000000000002757, 39.69999999999999574, 27.46000000000000085 ) ) ;
#106 = VERTEX_POINT ( 'NONE', #1012 ) ;
#107 = ADVANCED_FACE ( 'NONE', ( #1180 ), #69, .F. ) ;
#108 = CARTESIAN_POINT ( 'NONE',  ( 72.45999999999997954, 5.000000000000004441, -27.45999999999999019 ) ) ;
#109 = ORIENTED_EDGE ( 'NONE', *, *, #1486, .T. ) ;
#110 = FACE_BOUND ( 'NONE', #1499, .T. ) ;
#111 = FACE_BOUND ( 'NONE', #983, .T. ) ;
#112 = FACE_OUTER_BOUND ( 'NONE', #301, .T. ) ;
#113 = VERTEX_POINT ( 'NONE', #857 ) ;
#114 = CARTESIAN_POINT ( 'NONE',  ( -60.26475457404245617, 5.000000000000004441, -22.44265765304163551 ) ) ;
#115 = ORIENTED_EDGE ( 'NONE', *, *, #1262, .F. ) ;
#116 = EDGE_CURVE ( 'NONE', #534, #1812, #728, .T. ) ;
#117 = DIRECTION ( 'NONE',  ( 0.000000000000000000, 1.000000000000000000, 0.000000000000000000 ) ) ;
#118 = VERTEX_POINT ( 'NONE', #563 ) ;
#119 = CARTESIAN_POINT ( 'NONE',  ( 56.79000000000024073, 16.82923954403117150, -25.45999999999999019 ) ) ;
#120 = DIRECTION ( 'NONE',  ( 0.000000000000000000, -0.000000000000000000, 1.000000000000000000 ) ) ;
#121 = LINE ( 'NONE', #1250, #240 ) ;
#122 = ORIENTED_EDGE ( 'NONE', *, *, #879, .F. ) ;
#123 = CARTESIAN_POINT ( 'NONE',  ( -2.540000000000014246, 0.000000000000000000, 4.999999999999997335 ) ) ;
#124 = LINE ( 'NONE', #428, #656 ) ;
#125 = ORIENTED_EDGE ( 'NONE', *, *, #157, .T. ) ;
#126 = DIRECTION ( 'NONE',  ( 1.000000000000000000, 0.000000000000000000, -0.000000000000000000 ) ) ;
#127 = EDGE_LOOP ( 'NONE', ( #313, #2039, #2098, #622 ) ) ;
#128 = FACE_OUTER_BOUND ( 'NONE', #643, .T. ) ;
#129 = AXIS2_PLACEMENT_3D ( 'NONE', #985, #1634, #820 ) ;
#130 = VECTOR ( 'NONE', #648, 1000.000000000000000 ) ;
#131 = LINE ( 'NONE', #1438, #927 ) ;
#132 = DIRECTION ( 'NONE',  ( 1.000000000000000000, 0.000000000000000000, 0.000000000000000000 ) ) ;
#133 = EDGE_LOOP ( 'NONE', ( #184, #1541, #389, #865 ) ) ;
#134 = CIRCLE ( 'NONE', #273, 2.499995000000000189 ) ;
#135 = ADVANCED_FACE ( 'NONE', ( #1681, #1363 ), #2010, .F. ) ;
#136 = APPLICATION_CONTEXT ( 'automotive_design' ) ;
#137 = CARTESIAN_POINT ( 'NONE',  ( -2.459999999999764597, 16.82923954403117150, -25.45999999999999019 ) ) ;
#138 = FACE_BOUND ( 'NONE', #1452, .T. ) ;
#139 = AXIS2_PLACEMENT_3D ( 'NONE', #741, #1877, #1240 ) ;
#140 = ADVANCED_FACE ( 'NONE', ( #1077 ), #1256, .F. ) ;
#141 = ORIENTED_EDGE ( 'NONE', *, *, #2105, .T. ) ;
#142 = ORIENTED_EDGE ( 'NONE', *, *, #522, .F. ) ;
#143 = LINE ( 'NONE', #1795, #1097 ) ;
#144 = DIRECTION ( 'NONE',  ( 1.000000000000000000, 0.000000000000000000, 0.000000000000000000 ) ) ;
#145 = PRODUCT_DEFINITION_SHAPE ( 'NONE', 'NONE',  #399 ) ;
#146 = ORIENTED_EDGE ( 'NONE', *, *, #1927, .T. ) ;
#147 = CARTESIAN_POINT ( 'NONE',  ( -2.460000000000003961, 39.82923954403116795, -25.45999999999999019 ) ) ;
#148 = DIRECTION ( 'NONE',  ( -1.000000000000000000, 0.000000000000000000, 0.000000000000000000 ) ) ;
#149 = VERTEX_POINT ( 'NONE', #1730 ) ;
#150 = ORIENTED_EDGE ( 'NONE', *, *, #1164, .T. ) ;
#151 = DIRECTION ( 'NONE',  ( -0.000000000000000000, -0.000000000000000000, -1.000000000000000000 ) ) ;
#152 = DIRECTION ( 'NONE',  ( -0.000000000000000000, -0.000000000000000000, -1.000000000000000000 ) ) ;
#153 =( NAMED_UNIT ( * ) SI_UNIT ( $, .STERADIAN. ) SOLID_ANGLE_UNIT ( ) );
#154 = ORIENTED_EDGE ( 'NONE', *, *, #522, .T. ) ;
#155 = CARTESIAN_POINT ( 'NONE',  ( -72.46000000000000796, 80.00000000000000000, 27.46000000000000085 ) ) ;
#156 = LINE ( 'NONE', #1488, #1242 ) ;
#157 = EDGE_CURVE ( 'NONE', #276, #11, #1706, .T. ) ;
#158 = VERTEX_POINT ( 'NONE', #119 ) ;
#159 = ADVANCED_FACE ( 'NONE', ( #1901 ), #1738, .F. ) ;
#160 = ORIENTED_EDGE ( 'NONE', *, *, #1940, .T. ) ;
#161 = PLANE ( 'NONE',  #992 ) ;
#162 = FACE_OUTER_BOUND ( 'NONE', #1449, .T. ) ;
#163 = VECTOR ( 'NONE', #635, 1000.000000000000000 ) ;
#164 = ADVANCED_FACE ( 'NONE', ( #1396 ), #2043, .F. ) ;
#165 = ORIENTED_EDGE ( 'NONE', *, *, #2001, .T. ) ;
#166 = AXIS2_PLACEMENT_3D ( 'NONE', #383, #1047, #1693 ) ;
#167 = DIRECTION ( 'NONE',  ( -0.000000000000000000, -1.000000000000000000, -0.000000000000000000 ) ) ;
#168 = CARTESIAN_POINT ( 'NONE',  ( -75.00000000000001421, 80.00000000000000000, -29.99999999999999289 ) ) ;
#169 = AXIS2_PLACEMENT_3D ( 'NONE', #247, #1394, #1899 ) ;
#170 = FACE_OUTER_BOUND ( 'NONE', #1175, .T. ) ;
#171 = VERTEX_POINT ( 'NONE', #1566 ) ;
#172 = VECTOR ( 'NONE', #872, 1000.000000000000000 ) ;
#173 = VECTOR ( 'NONE', #498, 1000.000000000000000 ) ;
#174 = ORIENTED_EDGE ( 'NONE', *, *, #1770, .F. ) ;
#175 = EDGE_CURVE ( 'NONE', #869, #113, #87, .T. ) ;
#176 = DIRECTION ( 'NONE',  ( -1.000000000000000000, 0.000000000000000000, 0.000000000000000000 ) ) ;
#177 = CARTESIAN_POINT ( 'NONE',  ( 0.000000000000000000, 0.000000000000000000, 0.000000000000000000 ) ) ;
#178 = ORIENTED_EDGE ( 'NONE', *, *, #1624, .T. ) ;
#179 = ADVANCED_FACE ( 'NONE', ( #1437 ), #239, .T. ) ;
#180 = DIRECTION ( 'NONE',  ( 0.000000000000000000, -0.000000000000000000, -1.000000000000000000 ) ) ;
#181 = CARTESIAN_POINT ( 'NONE',  ( 0.03999500000023561985, 16.82923954403117150, -25.45999999999999019 ) ) ;
#182 = PLANE ( 'NONE',  #1203 ) ;
#183 = ORIENTED_EDGE ( 'NONE', *, *, #9, .T. ) ;
#184 = ORIENTED_EDGE ( 'NONE', *, *, #841, .T. ) ;
#185 = ADVANCED_FACE ( 'NONE', ( #97 ), #2083, .T. ) ;
#186 = CARTESIAN_POINT ( 'NONE',  ( 58.03999499999999756, 39.82923954403116795, -25.45999999999999019 ) ) ;
#187 = ORIENTED_EDGE ( 'NONE', *, *, #1684, .T. ) ;
#188 = LINE ( 'NONE', #1346, #540 ) ;
#189 = CARTESIAN_POINT ( 'NONE',  ( -72.46000000000000796, 7.524766660116894101, -5.249999999999991118 ) ) ;
#190 = LINE ( 'NONE', #1506, #1815 ) ;
#191 = CARTESIAN_POINT ( 'NONE',  ( -60.26475457404245617, 15.00000000000000533, -22.44265765304163551 ) ) ;
#192 = ORIENTED_EDGE ( 'NONE', *, *, #1251, .T. ) ;
#193 = ADVANCED_FACE ( 'NONE', ( #592 ), #1874, .T. ) ;
#194 = VERTEX_POINT ( 'NONE', #758 ) ;
#195 = CARTESIAN_POINT ( 'NONE',  ( -60.26475457404245617, 15.00000000000000533, -22.44265765304163551 ) ) ;
#196 = EDGE_LOOP ( 'NONE', ( #837, #2005, #1494, #1632 ) ) ;
#197 = DIRECTION ( 'NONE',  ( -1.000000000000000000, 0.000000000000000000, 0.000000000000000000 ) ) ;
#198 = CIRCLE ( 'NONE', #1948, 0.9999999999999974465 ) ;
#199 = CARTESIAN_POINT ( 'NONE',  ( -2.460000000000003961, 39.82923954403116795, -25.45999999999999019 ) ) ;
#200 = CARTESIAN_POINT ( 'NONE',  ( -2.540000000000014246, -0.07999999999999587996, 8.175000000000002487 ) ) ;
#201 = CIRCLE ( 'NONE', #233, 0.9999999999999974465 ) ;
#202 = VECTOR ( 'NONE', #702, 1000.000000000000000 ) ;
#203 = FACE_OUTER_BOUND ( 'NONE', #1160, .T. ) ;
#204 = VERTEX_POINT ( 'NONE', #1419 ) ;
#205 = CIRCLE ( 'NONE', #481, 1.250000000000001554 ) ;
#206 = VECTOR ( 'NONE', #706, 1000.000000000000000 ) ;
#207 = ORIENTED_EDGE ( 'NONE', *, *, #501, .F. ) ;
#208 = CARTESIAN_POINT ( 'NONE',  ( -2.460000000000003961, 39.82923954403116795, -27.45999999999999019 ) ) ;
#209 = CARTESIAN_POINT ( 'NONE',  ( -75.00000000000001421, 0.000000000000000000, -29.99999999999999289 ) ) ;
#210 = CARTESIAN_POINT ( 'NONE',  ( -57.76475457404245617, 5.000000000000004441, -19.94265765304163551 ) ) ;
#211 = CARTESIAN_POINT ( 'NONE',  ( -75.00000000000001421, 7.524766660116894101, -5.249999999999991118 ) ) ;
#212 = CARTESIAN_POINT ( 'NONE',  ( 9.735245425957550935, 15.00000000000000533, -22.44265765304163551 ) ) ;
#213 = DIRECTION ( 'NONE',  ( 0.000000000000000000, 0.000000000000000000, 1.000000000000000000 ) ) ;
#214 = EDGE_LOOP ( 'NONE', ( #560, #568, #1076, #1218 ) ) ;
#215 = ORIENTED_EDGE ( 'NONE', *, *, #16, .F. ) ;
#216 = PLANE ( 'NONE',  #1274 ) ;
#217 = CARTESIAN_POINT ( 'NONE',  ( -2.459999999999764597, 16.82923954403117150, -25.45999999999999019 ) ) ;
#218 = CARTESIAN_POINT ( 'NONE',  ( 53.04000500000024232, 16.82923954403117150, -25.45999999999999019 ) ) ;
#219 = DIRECTION ( 'NONE',  ( -0.000000000000000000, -1.000000000000000000, -0.000000000000000000 ) ) ;
#220 = LINE ( 'NONE', #406, #1278 ) ;
#221 = DIRECTION ( 'NONE',  ( -1.000000000000000000, 0.000000000000000000, 0.000000000000000000 ) ) ;
#222 = ORIENTED_EDGE ( 'NONE', *, *, #494, .T. ) ;
#223 = EDGE_CURVE ( 'NONE', #1434, #710, #1266, .T. ) ;
#224 = VERTEX_POINT ( 'NONE', #1248 ) ;
#225 = CARTESIAN_POINT ( 'NONE',  ( 55.54000000000024073, 16.82923954403117150, -25.45999999999999019 ) ) ;
#226 = ORIENTED_EDGE ( 'NONE', *, *, #1214, .F. ) ;
#227 = DIRECTION ( 'NONE',  ( 0.000000000000000000, 0.000000000000000000, 1.000000000000000000 ) ) ;
#228 = EDGE_CURVE ( 'NONE', #1198, #1816, #1406, .T. ) ;
#229 = CARTESIAN_POINT ( 'NONE',  ( 9.735245425957550935, 5.000000000000004441, -22.44265765304163551 ) ) ;
#230 = LINE ( 'NONE', #696, #2093 ) ;
#231 = DIRECTION ( 'NONE',  ( 1.000000000000000000, 2.312964634635746211E-15, -0.000000000000000000 ) ) ;
#232 = DIRECTION ( 'NONE',  ( -0.000000000000000000, 1.000000000000000000, -0.000000000000000000 ) ) ;
#233 = AXIS2_PLACEMENT_3D ( 'NONE', #460, #1302, #1119 ) ;
#234 = VECTOR ( 'NONE', #2117, 1000.000000000000000 ) ;
#235 = VERTEX_POINT ( 'NONE', #1429 ) ;
#236 = EDGE_CURVE ( 'NONE', #118, #149, #198, .T. ) ;
#237 = CARTESIAN_POINT ( 'NONE',  ( 7.235245425957550047, 5.000000000000004441, -4.942657653041636401 ) ) ;
#238 = ORIENTED_EDGE ( 'NONE', *, *, #484, .T. ) ;
#239 = CYLINDRICAL_SURFACE ( 'NONE', #438, 2.000000000000001776 ) ;
#240 = VECTOR ( 'NONE', #1439, 1000.000000000000000 ) ;
#241 = ADVANCED_FACE ( 'NONE', ( #1585 ), #584, .F. ) ;
#242 = FACE_OUTER_BOUND ( 'NONE', #877, .T. ) ;
#243 = LINE ( 'NONE', #906, #1955 ) ;
#244 = ADVANCED_FACE ( 'NONE', ( #110, #768 ), #1712, .F. ) ;
#245 = LINE ( 'NONE', #575, #343 ) ;
#246 = ORIENTED_EDGE ( 'NONE', *, *, #1997, .T. ) ;
#247 = CARTESIAN_POINT ( 'NONE',  ( 9.735245425957550935, 15.00000000000000533, -22.44265765304163551 ) ) ;
#248 = ORIENTED_EDGE ( 'NONE', *, *, #254, .T. ) ;
#249 = DIRECTION ( 'NONE',  ( 0.000000000000000000, 1.000000000000000000, 0.000000000000000000 ) ) ;
#250 = EDGE_CURVE ( 'NONE', #1503, #761, #1926, .T. ) ;
#251 = CARTESIAN_POINT ( 'NONE',  ( -2.459999999999764597, 16.82923954403117150, -25.45999999999999019 ) ) ;
#252 = CYLINDRICAL_SURFACE ( 'NONE', #618, 2.499994999999997969 ) ;
#253 = DIRECTION ( 'NONE',  ( 0.000000000000000000, 0.000000000000000000, -1.000000000000000000 ) ) ;
#254 = EDGE_CURVE ( 'NONE', #1139, #1233, #265, .T. ) ;
#255 = EDGE_LOOP ( 'NONE', ( #678, #941, #780, #2111 ) ) ;
#256 = CARTESIAN_POINT ( 'NONE',  ( 56.79000000000000625, 39.82923954403116795, -25.45999999999999019 ) ) ;
#257 = ORIENTED_EDGE ( 'NONE', *, *, #1062, .T. ) ;
#258 = DIRECTION ( 'NONE',  ( 0.000000000000000000, -0.000000000000000000, -1.000000000000000000 ) ) ;
#259 = CARTESIAN_POINT ( 'NONE',  ( -57.76475457404245617, 5.000000000000004441, -4.942657653041636401 ) ) ;
#260 = PRODUCT ( 'Radar Enclosure', 'Radar Enclosure', '', ( #680 ) ) ;
#261 = CARTESIAN_POINT ( 'NONE',  ( 7.235245425957548271, 5.000000000000004441, -19.94265765304163551 ) ) ;
#262 = EDGE_LOOP ( 'NONE', ( #1651, #464, #226, #1276 ) ) ;
#263 = DIRECTION ( 'NONE',  ( 0.000000000000000000, 0.000000000000000000, -1.000000000000000000 ) ) ;
#264 = EDGE_CURVE ( 'NONE', #499, #2088, #143, .T. ) ;
#265 = CIRCLE ( 'NONE', #1910, 1.250000000000001554 ) ;
#266 = ORIENTED_EDGE ( 'NONE', *, *, #1663, .T. ) ;
#267 = VECTOR ( 'NONE', #2011, 1000.000000000000000 ) ;
#268 = ADVANCED_FACE ( 'NONE', ( #2108, #1957 ), #475, .F. ) ;
#269 = PLANE ( 'NONE',  #1374 ) ;
#270 = CIRCLE ( 'NONE', #1163, 2.499995000000001522 ) ;
#271 = VERTEX_POINT ( 'NONE', #955 ) ;
#272 = CARTESIAN_POINT ( 'NONE',  ( -60.26475457404245617, 15.00000000000000533, -22.44265765304163551 ) ) ;
#273 = AXIS2_PLACEMENT_3D ( 'NONE', #1050, #60, #1192 ) ;
#274 = CARTESIAN_POINT ( 'NONE',  ( 17.45999999999997598, 15.00000000000000533, 27.46000000000000085 ) ) ;
#275 = CARTESIAN_POINT ( 'NONE',  ( 72.45999999999997954, 5.000000000000004441, -27.45999999999999019 ) ) ;
#276 = VERTEX_POINT ( 'NONE', #977 ) ;
#277 = AXIS2_PLACEMENT_3D ( 'NONE', #973, #278, #2078 ) ;
#278 = DIRECTION ( 'NONE',  ( -0.000000000000000000, 1.000000000000000000, -0.000000000000000000 ) ) ;
#279 = ORIENTED_EDGE ( 'NONE', *, *, #2096, .F. ) ;
#280 = PLANE ( 'NONE',  #1710 ) ;
#281 = ORIENTED_EDGE ( 'NONE', *, *, #317, .T. ) ;
#282 = DIRECTION ( 'NONE',  ( -1.000000000000000000, 0.000000000000000000, -0.000000000000000000 ) ) ;
#283 = DIRECTION ( 'NONE',  ( 1.000000000000000000, 0.000000000000000000, 0.000000000000000000 ) ) ;
#284 = LINE ( 'NONE', #1108, #1106 ) ;
#285 = ORIENTED_EDGE ( 'NONE', *, *, #1982, .T. ) ;
#286 = FACE_BOUND ( 'NONE', #68, .T. ) ;
#287 = ORIENTED_EDGE ( 'NONE', *, *, #1221, .F. ) ;
#288 = CARTESIAN_POINT ( 'NONE',  ( -72.46000000000000796, 7.524766660116894101, -5.249999999999991118 ) ) ;
#289 = VERTEX_POINT ( 'NONE', #1762 ) ;
#290 = EDGE_CURVE ( 'NONE', #949, #1428, #1311, .T. ) ;
#291 = FACE_OUTER_BOUND ( 'NONE', #1844, .T. ) ;
#292 = CYLINDRICAL_SURFACE ( 'NONE', #95, 1.250000000000007994 ) ;
#293 = PLANE ( 'NONE',  #104 ) ;
#294 = ORIENTED_EDGE ( 'NONE', *, *, #1382, .F. ) ;
#295 = UNCERTAINTY_MEASURE_WITH_UNIT (LENGTH_MEASURE( 1.000000000000000082E-05 ), #19, 'distance_accuracy_value', 'NONE');
#296 = EDGE_CURVE ( 'NONE', #1135, #866, #1786, .T. ) ;
#297 = DIRECTION ( 'NONE',  ( 0.000000000000000000, 0.000000000000000000, -1.000000000000000000 ) ) ;
#298 = DIRECTION ( 'NONE',  ( 0.000000000000000000, 0.000000000000000000, 1.000000000000000000 ) ) ;
#299 = ORIENTED_EDGE ( 'NONE', *, *, #2109, .F. ) ;
#300 = VECTOR ( 'NONE', #1405, 1000.000000000000000 ) ;
#301 = EDGE_LOOP ( 'NONE', ( #146, #1794, #1785, #735 ) ) ;
#302 = CARTESIAN_POINT ( 'NONE',  ( 0.000000000000000000, 80.00000000000000000, 0.000000000000000000 ) ) ;
#303 = ADVANCED_FACE ( 'NONE', ( #455 ), #161, .F. ) ;
#304 = VECTOR ( 'NONE', #711, 1000.000000000000000 ) ;
#305 = CARTESIAN_POINT ( 'NONE',  ( 54.45999999999997954, 15.00000000000000533, 23.46000000000000085 ) ) ;
#306 = FACE_OUTER_BOUND ( 'NONE', #612, .T. ) ;
#307 = VERTEX_POINT ( 'NONE', #314 ) ;
#308 = AXIS2_PLACEMENT_3D ( 'NONE', #698, #74, #213 ) ;
#309 = CARTESIAN_POINT ( 'NONE',  ( -60.26475457404245617, 5.000000000000004441, -2.442657653041635513 ) ) ;
#310 = DIRECTION ( 'NONE',  ( 0.000000000000000000, 0.000000000000000000, 1.000000000000000000 ) ) ;
#311 = VECTOR ( 'NONE', #554, 1000.000000000000000 ) ;
#312 = ORIENTED_EDGE ( 'NONE', *, *, #548, .F. ) ;
#313 = ORIENTED_EDGE ( 'NONE', *, *, #36, .T. ) ;
#314 = CARTESIAN_POINT ( 'NONE',  ( -2.540000000000014246, 5.000000000000004441, 8.175000000000002487 ) ) ;
#315 = PLANE ( 'NONE',  #2085 ) ;
#316 = ORIENTED_EDGE ( 'NONE', *, *, #580, .T. ) ;
#317 = EDGE_CURVE ( 'NONE', #429, #2082, #1626, .T. ) ;
#318 = DIRECTION ( 'NONE',  ( -0.000000000000000000, -0.000000000000000000, -1.000000000000000000 ) ) ;
#319 = CARTESIAN_POINT ( 'NONE',  ( 55.54000000000024073, 16.82923954403117150, -25.45999999999999019 ) ) ;
#320 = EDGE_CURVE ( 'NONE', #1751, #534, #1617, .T. ) ;
#321 = DIRECTION ( 'NONE',  ( -1.000000000000000000, 0.000000000000000000, 0.000000000000000000 ) ) ;
#322 = ORIENTED_EDGE ( 'NONE', *, *, #1509, .F. ) ;
#323 = ADVANCED_FACE ( 'NONE', ( #128 ), #809, .T. ) ;
#324 = ADVANCED_FACE ( 'NONE', ( #613 ), #326, .T. ) ;
#325 = ORIENTED_EDGE ( 'NONE', *, *, #934, .T. ) ;
#326 = CYLINDRICAL_SURFACE ( 'NONE', #129, 2.000000000000001776 ) ;
#327 = CARTESIAN_POINT ( 'NONE',  ( 72.45999999999997954, 5.000000000000004441, 27.46000000000000085 ) ) ;
#328 = ORIENTED_EDGE ( 'NONE', *, *, #1176, .T. ) ;
#329 = DIRECTION ( 'NONE',  ( 0.000000000000000000, 0.000000000000000000, -1.000000000000000000 ) ) ;
#330 = CARTESIAN_POINT ( 'NONE',  ( -4.959995000000005483, 39.82923954403116795, -27.45999999999999019 ) ) ;
#331 = DIRECTION ( 'NONE',  ( -0.000000000000000000, -0.000000000000000000, -1.000000000000000000 ) ) ;
#332 = ORIENTED_EDGE ( 'NONE', *, *, #1923, .F. ) ;
#333 = EDGE_LOOP ( 'NONE', ( #1423, #1209, #183, #42 ) ) ;
#334 = ADVANCED_FACE ( 'NONE', ( #291 ), #626, .F. ) ;
#335 = VECTOR ( 'NONE', #645, 1000.000000000000000 ) ;
#336 = DIRECTION ( 'NONE',  ( 1.000000000000000000, 0.000000000000000000, 0.000000000000000000 ) ) ;
#337 =( LENGTH_UNIT ( ) NAMED_UNIT ( * ) SI_UNIT ( .MILLI., .METRE. ) );
#338 = AXIS2_PLACEMENT_3D ( 'NONE', #1496, #705, #1212 ) ;
#339 = VERTEX_POINT ( 'NONE', #1937 ) ;
#340 = AXIS2_PLACEMENT_3D ( 'NONE', #1564, #1720, #910 ) ;
#341 = DIRECTION ( 'NONE',  ( 0.000000000000000000, 0.000000000000000000, -1.000000000000000000 ) ) ;
#342 = DIRECTION ( 'NONE',  ( -0.000000000000000000, 1.000000000000000000, -0.000000000000000000 ) ) ;
#343 = VECTOR ( 'NONE', #883, 1000.000000000000000 ) ;
#344 = VECTOR ( 'NONE', #1328, 1000.000000000000000 ) ;
#345 = CARTESIAN_POINT ( 'NONE',  ( 0.4599999999999743183, 19.70000000000000284, 30.00000000000000355 ) ) ;
#346 = ORIENTED_EDGE ( 'NONE', *, *, #98, .T. ) ;
#347 = AXIS2_PLACEMENT_3D ( 'NONE', #361, #1630, #1348 ) ;
#348 = EDGE_CURVE ( 'NONE', #1436, #1996, #465, .T. ) ;
#349 = ORIENTED_EDGE ( 'NONE', *, *, #1146, .F. ) ;
#350 = CARTESIAN_POINT ( 'NONE',  ( 0.000000000000000000, 0.000000000000000000, -25.45999999999999019 ) ) ;
#351 = DIRECTION ( 'NONE',  ( -0.000000000000000000, -0.000000000000000000, -1.000000000000000000 ) ) ;
#352 = EDGE_CURVE ( 'NONE', #709, #1996, #1295, .T. ) ;
#353 = CARTESIAN_POINT ( 'NONE',  ( -2.459999999999764597, 16.82923954403117150, -25.45999999999999019 ) ) ;
#354 = DIRECTION ( 'NONE',  ( 0.000000000000000000, 0.000000000000000000, 1.000000000000000000 ) ) ;
#355 = CYLINDRICAL_SURFACE ( 'NONE', #1309, 2.000000000000001776 ) ;
#356 = ORIENTED_EDGE ( 'NONE', *, *, #652, .F. ) ;
#357 = ORIENTED_EDGE ( 'NONE', *, *, #841, .F. ) ;
#358 = DIRECTION ( 'NONE',  ( -0.000000000000000000, -0.000000000000000000, -1.000000000000000000 ) ) ;
#359 = DIRECTION ( 'NONE',  ( 0.000000000000000000, 0.000000000000000000, 1.000000000000000000 ) ) ;
#360 = CARTESIAN_POINT ( 'NONE',  ( 0.000000000000000000, 0.000000000000000000, 0.000000000000000000 ) ) ;
#361 = CARTESIAN_POINT ( 'NONE',  ( 55.54000000000024073, 16.82923954403117150, -25.45999999999999019 ) ) ;
#362 = PRODUCT_RELATED_PRODUCT_CATEGORY ( 'part', '', ( #260 ) ) ;
#363 = LINE ( 'NONE', #1842, #787 ) ;
#364 = VERTEX_POINT ( 'NONE', #1475 ) ;
#365 = ORIENTED_EDGE ( 'NONE', *, *, #704, .F. ) ;
#366 = FACE_OUTER_BOUND ( 'NONE', #1820, .T. ) ;
#367 = CARTESIAN_POINT ( 'NONE',  ( -2.460000000000003961, 39.82923954403116795, -27.45999999999999019 ) ) ;
#368 = EDGE_CURVE ( 'NONE', #1352, #171, #891, .T. ) ;
#369 = AXIS2_PLACEMENT_3D ( 'NONE', #1199, #880, #2000 ) ;
#370 = CARTESIAN_POINT ( 'NONE',  ( -72.46000000000000796, 5.000000000000004441, -27.45999999999999019 ) ) ;
#371 = VECTOR ( 'NONE', #167, 1000.000000000000000 ) ;
#372 = LINE ( 'NONE', #212, #483 ) ;
#373 = AXIS2_PLACEMENT_3D ( 'NONE', #1827, #1030, #176 ) ;
#374 = CARTESIAN_POINT ( 'NONE',  ( 17.45999999999997598, 15.00000000000000533, 23.46000000000000085 ) ) ;
#375 = ORIENTED_EDGE ( 'NONE', *, *, #43, .T. ) ;
#376 = AXIS2_PLACEMENT_3D ( 'NONE', #1924, #1279, #1984 ) ;
#377 = AXIS2_PLACEMENT_3D ( 'NONE', #925, #263, #148 ) ;
#378 = ORIENTED_EDGE ( 'NONE', *, *, #767, .F. ) ;
#379 = PRODUCT_DEFINITION_FORMATION_WITH_SPECIFIED_SOURCE ( 'ANY', '', #260, .NOT_KNOWN. ) ;
#380 = DIRECTION ( 'NONE',  ( 0.000000000000000000, -1.000000000000000000, 0.000000000000000000 ) ) ;
#381 = EDGE_LOOP ( 'NONE', ( #257, #503, #1593, #1360 ) ) ;
#382 = ORIENTED_EDGE ( 'NONE', *, *, #1534, .F. ) ;
#383 = CARTESIAN_POINT ( 'NONE',  ( 55.54000000000024073, 16.82923954403117150, -25.45999999999999019 ) ) ;
#384 = CARTESIAN_POINT ( 'NONE',  ( 53.04000500000024232, 16.82923954403117150, -25.45999999999999019 ) ) ;
#385 = EDGE_CURVE ( 'NONE', #1749, #1253, #1642, .T. ) ;
#386 = CARTESIAN_POINT ( 'NONE',  ( -33.17000000000001592, 22.03006333144230666, -27.45999999999999019 ) ) ;
#387 = CARTESIAN_POINT ( 'NONE',  ( 58.03999500000023914, 16.82923954403117150, -27.45999999999999019 ) ) ;
#388 = ORIENTED_EDGE ( 'NONE', *, *, #861, .F. ) ;
#389 = ORIENTED_EDGE ( 'NONE', *, *, #799, .F. ) ;
#390 = ADVANCED_FACE ( 'NONE', ( #2112 ), #1778, .F. ) ;
#391 = CYLINDRICAL_SURFACE ( 'NONE', #65, 1.250000000000001110 ) ;
#392 = LINE ( 'NONE', #1701, #1606 ) ;
#393 = DIRECTION ( 'NONE',  ( -0.000000000000000000, -0.000000000000000000, -1.000000000000000000 ) ) ;
#394 = DIRECTION ( 'NONE',  ( 1.000000000000000000, 0.000000000000000000, 0.000000000000000000 ) ) ;
#395 = DIRECTION ( 'NONE',  ( -0.000000000000000000, -0.000000000000000000, 1.000000000000000000 ) ) ;
#396 = ORIENTED_EDGE ( 'NONE', *, *, #1933, .T. ) ;
#397 = ORIENTED_EDGE ( 'NONE', *, *, #904, .F. ) ;
#398 = LINE ( 'NONE', #1082, #995 ) ;
#399 = PRODUCT_DEFINITION ( 'UNKNOWN', '', #379, #1442 ) ;
#400 = ORIENTED_EDGE ( 'NONE', *, *, #466, .T. ) ;
#401 = DIRECTION ( 'NONE',  ( 1.000000000000000000, 0.000000000000000000, 0.000000000000000000 ) ) ;
#402 = EDGE_CURVE ( 'NONE', #709, #666, #620, .T. ) ;
#403 = CARTESIAN_POINT ( 'NONE',  ( -75.00000000000001421, 80.00000000000000000, -29.99999999999999289 ) ) ;
#404 = LINE ( 'NONE', #1069, #1169 ) ;
#405 = VECTOR ( 'NONE', #746, 1000.000000000000000 ) ;
#406 = CARTESIAN_POINT ( 'NONE',  ( 18.45999999999997243, 15.00000000000000533, 27.46000000000000085 ) ) ;
#407 = LINE ( 'NONE', #191, #1612 ) ;
#408 = AXIS2_PLACEMENT_3D ( 'NONE', #730, #1713, #1559 ) ;
#409 = VECTOR ( 'NONE', #1818, 1000.000000000000000 ) ;
#410 = EDGE_LOOP ( 'NONE', ( #2120, #356, #187, #1287 ) ) ;
#411 = EDGE_CURVE ( 'NONE', #307, #235, #1880, .T. ) ;
#412 = AXIS2_PLACEMENT_3D ( 'NONE', #374, #1696, #1687 ) ;
#413 = AXIS2_PLACEMENT_3D ( 'NONE', #451, #1579, #1458 ) ;
#414 = CARTESIAN_POINT ( 'NONE',  ( -3.709999999999765929, 16.82923954403117150, -25.45999999999999019 ) ) ;
#415 = ORIENTED_EDGE ( 'NONE', *, *, #2001, .F. ) ;
#416 = DIRECTION ( 'NONE',  ( 1.000000000000000000, 0.000000000000000000, 0.000000000000000000 ) ) ;
#417 = CARTESIAN_POINT ( 'NONE',  ( -72.46000000000000796, 13.52476666011689410, -5.249999999999991118 ) ) ;
#418 = CARTESIAN_POINT ( 'NONE',  ( 52.45999999999997954, 15.00000000000000533, 27.46000000000000085 ) ) ;
#419 = ADVANCED_FACE ( 'NONE', ( #1806 ), #1942, .F. ) ;
#420 = LINE ( 'NONE', #1725, #579 ) ;
#421 = ORIENTED_EDGE ( 'NONE', *, *, #1200, .T. ) ;
#422 = FACE_OUTER_BOUND ( 'NONE', #1393, .T. ) ;
#423 = VERTEX_POINT ( 'NONE', #155 ) ;
#424 = DIRECTION ( 'NONE',  ( -1.000000000000000000, 0.000000000000000000, 0.000000000000000000 ) ) ;
#425 = EDGE_CURVE ( 'NONE', #1838, #1788, #201, .T. ) ;
#426 = CARTESIAN_POINT ( 'NONE',  ( -75.00000000000001421, 0.000000000000000000, 30.00000000000000355 ) ) ;
#427 = DIRECTION ( 'NONE',  ( -1.000000000000000000, 0.000000000000000000, 0.000000000000000000 ) ) ;
#428 = CARTESIAN_POINT ( 'NONE',  ( -60.26475457404245617, 15.00000000000000533, -22.44265765304163551 ) ) ;
#429 = VERTEX_POINT ( 'NONE', #1318 ) ;
#430 = CARTESIAN_POINT ( 'NONE',  ( -72.46000000000000796, 13.52476666011689410, 5.250000000000009770 ) ) ;
#431 = ORIENTED_EDGE ( 'NONE', *, *, #1968, .T. ) ;
#432 = CARTESIAN_POINT ( 'NONE',  ( 0.03999499999999710231, 39.82923954403116795, -25.45999999999999019 ) ) ;
#433 = DIRECTION ( 'NONE',  ( -0.000000000000000000, -0.000000000000000000, -1.000000000000000000 ) ) ;
#434 = DIRECTION ( 'NONE',  ( -0.000000000000000000, -0.000000000000000000, -1.000000000000000000 ) ) ;
#435 = ORIENTED_EDGE ( 'NONE', *, *, #1611, .F. ) ;
#436 = ADVANCED_FACE ( 'NONE', ( #470 ), #1639, .F. ) ;
#437 = PLANE ( 'NONE',  #968 ) ;
#438 = AXIS2_PLACEMENT_3D ( 'NONE', #445, #571, #600 ) ;
#439 = AXIS2_PLACEMENT_3D ( 'NONE', #2022, #1864, #738 ) ;
#440 = ORIENTED_EDGE ( 'NONE', *, *, #1933, .F. ) ;
#441 = AXIS2_PLACEMENT_3D ( 'NONE', #123, #1790, #341 ) ;
#442 = DIRECTION ( 'NONE',  ( -0.000000000000000000, -0.000000000000000000, -1.000000000000000000 ) ) ;
#443 = AXIS2_PLACEMENT_3D ( 'NONE', #931, #1709, #1881 ) ;
#444 = EDGE_LOOP ( 'NONE', ( #1971, #1395, #902, #357, #1081, #1339 ) ) ;
#445 = CARTESIAN_POINT ( 'NONE',  ( 17.45999999999997598, 15.00000000000000533, 23.46000000000000085 ) ) ;
#446 = VECTOR ( 'NONE', #117, 1000.000000000000000 ) ;
#447 = DIRECTION ( 'NONE',  ( 0.000000000000000000, 0.000000000000000000, 1.000000000000000000 ) ) ;
#448 = LINE ( 'NONE', #2055, #1855 ) ;
#449 = ORIENTED_EDGE ( 'NONE', *, *, #1361, .F. ) ;
#450 = CIRCLE ( 'NONE', #377, 2.000000000000003553 ) ;
#451 = CARTESIAN_POINT ( 'NONE',  ( -72.46000000000000796, 5.000000000000004441, 27.46000000000000085 ) ) ;
#452 = ORIENTED_EDGE ( 'NONE', *, *, #1908, .F. ) ;
#453 = FACE_OUTER_BOUND ( 'NONE', #1934, .T. ) ;
#454 = VERTEX_POINT ( 'NONE', #2103 ) ;
#455 = FACE_OUTER_BOUND ( 'NONE', #1263, .T. ) ;
#456 = EDGE_CURVE ( 'NONE', #2088, #3, #1542, .T. ) ;
#457 = CYLINDRICAL_SURFACE ( 'NONE', #1780, 0.9999999999999974465 ) ;
#458 = DIRECTION ( 'NONE',  ( -0.000000000000000000, -0.000000000000000000, -1.000000000000000000 ) ) ;
#459 = EDGE_LOOP ( 'NONE', ( #1821, #1758 ) ) ;
#460 = CARTESIAN_POINT ( 'NONE',  ( 17.45999999999997598, 15.00000000000000533, 27.46000000000000085 ) ) ;
#461 = DIRECTION ( 'NONE',  ( 0.000000000000000000, 0.000000000000000000, -1.000000000000000000 ) ) ;
#462 = ORIENTED_EDGE ( 'NONE', *, *, #2096, .T. ) ;
#463 = DIRECTION ( 'NONE',  ( 0.000000000000000000, 0.000000000000000000, 1.000000000000000000 ) ) ;
#464 = ORIENTED_EDGE ( 'NONE', *, *, #250, .F. ) ;
#465 = LINE ( 'NONE', #981, #1950 ) ;
#466 = EDGE_CURVE ( 'NONE', #289, #1315, #1962, .T. ) ;
#467 = LINE ( 'NONE', #627, #130 ) ;
#468 = CARTESIAN_POINT ( 'NONE',  ( 74.99999999999998579, 80.00000000000000000, 30.00000000000000355 ) ) ;
#469 = EDGE_LOOP ( 'NONE', ( #1324, #1545, #987, #1688 ) ) ;
#470 = FACE_OUTER_BOUND ( 'NONE', #1321, .T. ) ;
#471 = CARTESIAN_POINT ( 'NONE',  ( -4.959994999999763898, 16.82923954403117150, -25.45999999999999019 ) ) ;
#472 = ORIENTED_EDGE ( 'NONE', *, *, #1467, .F. ) ;
#473 = EDGE_CURVE ( 'NONE', #194, #869, #1676, .T. ) ;
#474 = EDGE_LOOP ( 'NONE', ( #325, #279, #2017, #819 ) ) ;
#475 = PLANE ( 'NONE',  #1477 ) ;
#476 = AXIS2_PLACEMENT_3D ( 'NONE', #137, #2091, #1621 ) ;
#477 = AXIS2_PLACEMENT_3D ( 'NONE', #1178, #1680, #1353 ) ;
#478 = DIRECTION ( 'NONE',  ( 0.000000000000000000, 1.000000000000000000, 0.000000000000000000 ) ) ;
#479 = SHAPE_DEFINITION_REPRESENTATION ( #145, #1157 ) ;
#480 = EDGE_LOOP ( 'NONE', ( #294, #1017 ) ) ;
#481 = AXIS2_PLACEMENT_3D ( 'NONE', #1569, #544, #394 ) ;
#482 = DIRECTION ( 'NONE',  ( 0.000000000000000000, -0.000000000000000000, 1.000000000000000000 ) ) ;
#483 = VECTOR ( 'NONE', #873, 1000.000000000000000 ) ;
#484 = EDGE_CURVE ( 'NONE', #1315, #1756, #630, .T. ) ;
#485 = EDGE_LOOP ( 'NONE', ( #1480, #125, #150, #378 ) ) ;
#486 = ORIENTED_EDGE ( 'NONE', *, *, #961, .T. ) ;
#487 = DIRECTION ( 'NONE',  ( 0.000000000000000000, -0.000000000000000000, -1.000000000000000000 ) ) ;
#488 = FACE_OUTER_BOUND ( 'NONE', #1834, .T. ) ;
#489 = ORIENTED_EDGE ( 'NONE', *, *, #653, .T. ) ;
#490 = EDGE_CURVE ( 'NONE', #669, #1756, #804, .T. ) ;
#491 = DIRECTION ( 'NONE',  ( 0.000000000000000000, 0.000000000000000000, 1.000000000000000000 ) ) ;
#492 = CARTESIAN_POINT ( 'NONE',  ( 7.235245425957550047, 5.000000000000004441, -4.942657653041636401 ) ) ;
#493 = ADVANCED_FACE ( 'NONE', ( #1465 ), #1023, .F. ) ;
#494 = EDGE_CURVE ( 'NONE', #1260, #918, #717, .T. ) ;
#495 = EDGE_LOOP ( 'NONE', ( #1698, #1185 ) ) ;
#496 = ORIENTED_EDGE ( 'NONE', *, *, #772, .F. ) ;
#497 = LINE ( 'NONE', #855, #202 ) ;
#498 = DIRECTION ( 'NONE',  ( -0.000000000000000000, -0.000000000000000000, 1.000000000000000000 ) ) ;
#499 = VERTEX_POINT ( 'NONE', #1853 ) ;
#500 = CARTESIAN_POINT ( 'NONE',  ( 0.4599999999999743183, 19.70000000000000284, 30.00000000000000355 ) ) ;
#501 = EDGE_CURVE ( 'NONE', #158, #1965, #670, .T. ) ;
#502 = DIRECTION ( 'NONE',  ( 0.000000000000000000, 0.000000000000000000, 1.000000000000000000 ) ) ;
#503 = ORIENTED_EDGE ( 'NONE', *, *, #1558, .F. ) ;
#504 = APPLICATION_CONTEXT ( 'automotive_design' ) ;
#505 = ORIENTED_EDGE ( 'NONE', *, *, #1486, .F. ) ;
#506 = CIRCLE ( 'NONE', #369, 2.000000000000001776 ) ;
#507 = LINE ( 'NONE', #1010, #683 ) ;
#508 = AXIS2_PLACEMENT_3D ( 'NONE', #1487, #1147, #1798 ) ;
#509 = ORIENTED_EDGE ( 'NONE', *, *, #555, .F. ) ;
#510 = VECTOR ( 'NONE', #45, 1000.000000000000000 ) ;
#511 = DIRECTION ( 'NONE',  ( 0.000000000000000000, 0.000000000000000000, 1.000000000000000000 ) ) ;
#512 = CARTESIAN_POINT ( 'NONE',  ( 7.235245425957548271, 5.000000000000004441, -19.94265765304163551 ) ) ;
#513 = VECTOR ( 'NONE', #1040, 1000.000000000000000 ) ;
#514 = CIRCLE ( 'NONE', #34, 2.499994999999997969 ) ;
#515 = FACE_OUTER_BOUND ( 'NONE', #690, .T. ) ;
#516 = LINE ( 'NONE', #2071, #344 ) ;
#517 = ORIENTED_EDGE ( 'NONE', *, *, #1763, .T. ) ;
#518 = CIRCLE ( 'NONE', #794, 2.000000000000001776 ) ;
#519 = EDGE_CURVE ( 'NONE', #2082, #662, #57, .T. ) ;
#520 = ORIENTED_EDGE ( 'NONE', *, *, #1968, .F. ) ;
#521 = DIRECTION ( 'NONE',  ( -1.000000000000000000, 0.000000000000000000, -0.000000000000000000 ) ) ;
#522 = EDGE_CURVE ( 'NONE', #633, #1597, #1189, .T. ) ;
#523 = CARTESIAN_POINT ( 'NONE',  ( -38.17000000000000881, 22.03006333144230666, -27.45999999999999019 ) ) ;
#524 = FACE_BOUND ( 'NONE', #93, .T. ) ;
#525 = CARTESIAN_POINT ( 'NONE',  ( -72.46000000000000796, 80.00000000000000000, -27.45999999999999019 ) ) ;
#526 = CARTESIAN_POINT ( 'NONE',  ( -33.17000000000000881, 27.03006333144230666, -27.45999999999999019 ) ) ;
#527 = ORIENTED_EDGE ( 'NONE', *, *, #264, .T. ) ;
#528 = VERTEX_POINT ( 'NONE', #695 ) ;
#529 = DIRECTION ( 'NONE',  ( 0.000000000000000000, 0.000000000000000000, 1.000000000000000000 ) ) ;
#530 = CARTESIAN_POINT ( 'NONE',  ( -57.76475457404245617, 15.00000000000000533, -19.94265765304163551 ) ) ;
#531 = DIRECTION ( 'NONE',  ( -0.000000000000000000, -1.000000000000000000, -0.000000000000000000 ) ) ;
#532 = DIRECTION ( 'NONE',  ( -0.000000000000000000, -1.000000000000000000, -0.000000000000000000 ) ) ;
#533 = DIRECTION ( 'NONE',  ( -1.000000000000000000, 0.000000000000000000, 0.000000000000000000 ) ) ;
#534 = VERTEX_POINT ( 'NONE', #1505 ) ;
#535 = ORIENTED_EDGE ( 'NONE', *, *, #519, .F. ) ;
#536 = ADVANCED_FACE ( 'NONE', ( #1672 ), #839, .F. ) ;
#537 = LINE ( 'NONE', #1196, #1743 ) ;
#538 = ORIENTED_EDGE ( 'NONE', *, *, #632, .F. ) ;
#539 = DIRECTION ( 'NONE',  ( -0.000000000000000000, -0.000000000000000000, -1.000000000000000000 ) ) ;
#540 = VECTOR ( 'NONE', #539, 1000.000000000000000 ) ;
#541 = CARTESIAN_POINT ( 'NONE',  ( 52.45999999999997954, 15.00000000000000533, 23.46000000000000085 ) ) ;
#542 = DIRECTION ( 'NONE',  ( -1.000000000000000000, 0.000000000000000000, 0.000000000000000000 ) ) ;
#543 = CIRCLE ( 'NONE', #2018, 2.499995000000001077 ) ;
#544 = DIRECTION ( 'NONE',  ( 0.000000000000000000, 0.000000000000000000, 1.000000000000000000 ) ) ;
#545 = CIRCLE ( 'NONE', #477, 2.499994999999997969 ) ;
#546 = CARTESIAN_POINT ( 'NONE',  ( -2.459999999999764597, 16.82923954403117150, -27.45999999999999019 ) ) ;
#547 = ORIENTED_EDGE ( 'NONE', *, *, #296, .T. ) ;
#548 = EDGE_CURVE ( 'NONE', #918, #1260, #681, .T. ) ;
#549 = AXIS2_PLACEMENT_3D ( 'NONE', #1296, #1622, #631 ) ;
#550 = ORIENTED_EDGE ( 'NONE', *, *, #2105, .F. ) ;
#551 = PLANE ( 'NONE',  #1133 ) ;
#552 = DIRECTION ( 'NONE',  ( -1.000000000000000000, 0.000000000000000000, 0.000000000000000000 ) ) ;
#553 = DIRECTION ( 'NONE',  ( 0.000000000000000000, -1.000000000000000000, 0.000000000000000000 ) ) ;
#554 = DIRECTION ( 'NONE',  ( -0.000000000000000000, -0.000000000000000000, -1.000000000000000000 ) ) ;
#555 = EDGE_CURVE ( 'NONE', #816, #271, #1865, .T. ) ;
#556 = PLANE ( 'NONE',  #70 ) ;
#557 = CARTESIAN_POINT ( 'NONE',  ( 9.735245425957550935, 15.00000000000000533, -22.44265765304163551 ) ) ;
#558 = ORIENTED_EDGE ( 'NONE', *, *, #1997, .F. ) ;
#559 = EDGE_CURVE ( 'NONE', #1135, #1761, #1682, .T. ) ;
#560 = ORIENTED_EDGE ( 'NONE', *, *, #2068, .F. ) ;
#561 = PLANE ( 'NONE',  #169 ) ;
#562 = VERTEX_POINT ( 'NONE', #210 ) ;
#563 = CARTESIAN_POINT ( 'NONE',  ( 18.45999999999997243, 15.00000000000000533, 23.46000000000000085 ) ) ;
#564 = CARTESIAN_POINT ( 'NONE',  ( -33.17000000000000881, 27.03006333144230666, -25.45999999999999019 ) ) ;
#565 = CARTESIAN_POINT ( 'NONE',  ( -72.46000000000000796, 5.000000000000004441, 27.46000000000000085 ) ) ;
#566 = EDGE_CURVE ( 'NONE', #869, #194, #543, .T. ) ;
#567 = DIRECTION ( 'NONE',  ( -2.312964634635746211E-15, 1.000000000000000000, 0.000000000000000000 ) ) ;
#568 = ORIENTED_EDGE ( 'NONE', *, *, #1763, .F. ) ;
#569 = FACE_BOUND ( 'NONE', #1385, .T. ) ;
#570 = EDGE_LOOP ( 'NONE', ( #1461, #1531, #1369, #911 ) ) ;
#571 = DIRECTION ( 'NONE',  ( -0.000000000000000000, -0.000000000000000000, 1.000000000000000000 ) ) ;
#572 = EDGE_CURVE ( 'NONE', #816, #2106, #1443, .T. ) ;
#573 = DIRECTION ( 'NONE',  ( -1.000000000000000000, 0.000000000000000000, 0.000000000000000000 ) ) ;
#574 = LINE ( 'NONE', #384, #311 ) ;
#575 = CARTESIAN_POINT ( 'NONE',  ( 7.235245425957548271, 5.000000000000004441, -19.94265765304163551 ) ) ;
#576 = AXIS2_PLACEMENT_3D ( 'NONE', #17, #1822, #1839 ) ;
#577 = VECTOR ( 'NONE', #1056, 1000.000000000000000 ) ;
#578 = ORIENTED_EDGE ( 'NONE', *, *, #1399, .F. ) ;
#579 = VECTOR ( 'NONE', #1718, 1000.000000000000000 ) ;
#580 = EDGE_CURVE ( 'NONE', #1244, #1965, #606, .T. ) ;
#581 = VECTOR ( 'NONE', #1876, 1000.000000000000000 ) ;
#582 = DIRECTION ( 'NONE',  ( 0.000000000000000000, 0.000000000000000000, -1.000000000000000000 ) ) ;
#583 = EDGE_LOOP ( 'NONE', ( #86, #1669, #1280, #1675 ) ) ;
#584 = PLANE ( 'NONE',  #1304 ) ;
#585 = CIRCLE ( 'NONE', #1042, 1.250000000000001110 ) ;
#586 = DIRECTION ( 'NONE',  ( 0.000000000000000000, 0.000000000000000000, 1.000000000000000000 ) ) ;
#587 = CARTESIAN_POINT ( 'NONE',  ( 52.45999999999997954, 15.00000000000000533, 27.46000000000000085 ) ) ;
#588 = LINE ( 'NONE', #1890, #755 ) ;
#589 = ORIENTED_EDGE ( 'NONE', *, *, #1534, .T. ) ;
#590 = LINE ( 'NONE', #430, #1953 ) ;
#591 = ORIENTED_EDGE ( 'NONE', *, *, #1951, .F. ) ;
#592 = FACE_OUTER_BOUND ( 'NONE', #1177, .T. ) ;
#593 = FACE_OUTER_BOUND ( 'NONE', #381, .T. ) ;
#594 = PLANE ( 'NONE',  #1172 ) ;
#595 = ORIENTED_EDGE ( 'NONE', *, *, #490, .T. ) ;
#596 = FACE_OUTER_BOUND ( 'NONE', #1432, .T. ) ;
#597 = EDGE_LOOP ( 'NONE', ( #1862, #538, #1628, #1060 ) ) ;
#598 = CARTESIAN_POINT ( 'NONE',  ( 15.45999999999997243, 15.00000000000000533, 27.46000000000000085 ) ) ;
#599 = EDGE_LOOP ( 'NONE', ( #617, #1825, #634, #84 ) ) ;
#600 = DIRECTION ( 'NONE',  ( 1.000000000000000000, 0.000000000000000000, 0.000000000000000000 ) ) ;
#601 = ADVANCED_FACE ( 'NONE', ( #684, #1355 ), #1517, .T. ) ;
#602 = CARTESIAN_POINT ( 'NONE',  ( 55.54000000000024073, 16.82923954403117150, -25.45999999999999019 ) ) ;
#603 = DIRECTION ( 'NONE',  ( -0.000000000000000000, 0.000000000000000000, -1.000000000000000000 ) ) ;
#604 = VERTEX_POINT ( 'NONE', #218 ) ;
#605 = FACE_OUTER_BOUND ( 'NONE', #1998, .T. ) ;
#606 = CIRCLE ( 'NONE', #1981, 1.250000000000001110 ) ;
#607 = ADVANCED_FACE ( 'NONE', ( #881, #524 ), #1831, .T. ) ;
#608 = ORIENTED_EDGE ( 'NONE', *, *, #1028, .T. ) ;
#609 = VECTOR ( 'NONE', #986, 1000.000000000000000 ) ;
#610 = CYLINDRICAL_SURFACE ( 'NONE', #376, 2.499994999999997969 ) ;
#611 = VECTOR ( 'NONE', #1655, 1000.000000000000000 ) ;
#612 = EDGE_LOOP ( 'NONE', ( #102, #1485, #2066, #625 ) ) ;
#613 = FACE_OUTER_BOUND ( 'NONE', #1141, .T. ) ;
#614 = AXIS2_PLACEMENT_3D ( 'NONE', #418, #1202, #893 ) ;
#615 = CARTESIAN_POINT ( 'NONE',  ( -57.76475457404245617, 15.00000000000000533, -19.94265765304163551 ) ) ;
#616 = FACE_OUTER_BOUND ( 'NONE', #410, .T. ) ;
#617 = ORIENTED_EDGE ( 'NONE', *, *, #1958, .T. ) ;
#618 = AXIS2_PLACEMENT_3D ( 'NONE', #40, #393, #914 ) ;
#619 = AXIS2_PLACEMENT_3D ( 'NONE', #275, #603, #792 ) ;
#620 = LINE ( 'NONE', #814, #783 ) ;
#621 = DIRECTION ( 'NONE',  ( 1.000000000000000000, 0.000000000000000000, 0.000000000000000000 ) ) ;
#622 = ORIENTED_EDGE ( 'NONE', *, *, #1232, .T. ) ;
#623 = ADVANCED_FACE ( 'NONE', ( #1375, #1014 ), #2024, .T. ) ;
#624 = LINE ( 'NONE', #1935, #896 ) ;
#625 = ORIENTED_EDGE ( 'NONE', *, *, #1792, .T. ) ;
#626 = PLANE ( 'NONE',  #2121 ) ;
#627 = CARTESIAN_POINT ( 'NONE',  ( -57.76475457404245617, 5.000000000000004441, -4.942657653041636401 ) ) ;
#628 = DIRECTION ( 'NONE',  ( -0.000000000000000000, -0.000000000000000000, -1.000000000000000000 ) ) ;
#629 = VERTEX_POINT ( 'NONE', #564 ) ;
#630 = LINE ( 'NONE', #309, #751 ) ;
#631 = DIRECTION ( 'NONE',  ( -1.000000000000000000, 0.000000000000000000, 0.000000000000000000 ) ) ;
#632 = EDGE_CURVE ( 'NONE', #1735, #662, #1740, .T. ) ;
#633 = VERTEX_POINT ( 'NONE', #417 ) ;
#634 = ORIENTED_EDGE ( 'NONE', *, *, #1867, .F. ) ;
#635 = DIRECTION ( 'NONE',  ( 0.000000000000000000, -1.000000000000000000, 0.000000000000000000 ) ) ;
#636 = LINE ( 'NONE', #1300, #647 ) ;
#637 = ADVANCED_FACE ( 'NONE', ( #1086 ), #1548, .F. ) ;
#638 = ORIENTED_EDGE ( 'NONE', *, *, #971, .T. ) ;
#639 = DIRECTION ( 'NONE',  ( -1.000000000000000000, 0.000000000000000000, -0.000000000000000000 ) ) ;
#640 = CARTESIAN_POINT ( 'NONE',  ( -2.540000000000014246, 0.000000000000000000, 1.824999999999992406 ) ) ;
#641 = ORIENTED_EDGE ( 'NONE', *, *, #867, .F. ) ;
#642 = AXIS2_PLACEMENT_3D ( 'NONE', #1084, #912, #416 ) ;
#643 = EDGE_LOOP ( 'NONE', ( #1052, #1607, #222, #1265 ) ) ;
#644 = ADVANCED_FACE ( 'NONE', ( #111, #593 ), #1903, .F. ) ;
#645 = DIRECTION ( 'NONE',  ( 1.000000000000000000, 0.000000000000000000, 0.000000000000000000 ) ) ;
#646 = AXIS2_PLACEMENT_3D ( 'NONE', #541, #26, #1182 ) ;
#647 = VECTOR ( 'NONE', #1796, 1000.000000000000000 ) ;
#648 = DIRECTION ( 'NONE',  ( 1.000000000000000000, 0.000000000000000000, 0.000000000000000000 ) ) ;
#649 = CARTESIAN_POINT ( 'NONE',  ( 54.45999999999997954, 15.00000000000000533, 23.46000000000000085 ) ) ;
#650 = VERTEX_POINT ( 'NONE', #259 ) ;
#651 = VECTOR ( 'NONE', #2081, 1000.000000000000000 ) ;
#652 = EDGE_CURVE ( 'NONE', #1707, #1104, #29, .T. ) ;
#653 = EDGE_CURVE ( 'NONE', #1402, #78, #1258, .T. ) ;
#654 = DIRECTION ( 'NONE',  ( -1.000000000000000000, 0.000000000000000000, 0.000000000000000000 ) ) ;
#655 = PLANE ( 'NONE',  #1747 ) ;
#656 = VECTOR ( 'NONE', #1609, 1000.000000000000000 ) ;
#657 = CIRCLE ( 'NONE', #1519, 1.000000000000000888 ) ;
#658 = ORIENTED_EDGE ( 'NONE', *, *, #1164, .F. ) ;
#659 = VERTEX_POINT ( 'NONE', #920 ) ;
#660 = CARTESIAN_POINT ( 'NONE',  ( 55.53999999999999915, 39.82923954403116795, -25.45999999999999019 ) ) ;
#661 = DIRECTION ( 'NONE',  ( -1.000000000000000000, 0.000000000000000000, 0.000000000000000000 ) ) ;
#662 = VERTEX_POINT ( 'NONE', #100 ) ;
#663 = DIRECTION ( 'NONE',  ( -0.000000000000000000, -0.000000000000000000, -1.000000000000000000 ) ) ;
#664 = DIRECTION ( 'NONE',  ( 1.000000000000000000, 0.000000000000000000, 0.000000000000000000 ) ) ;
#665 = ORIENTED_EDGE ( 'NONE', *, *, #290, .F. ) ;
#666 = VERTEX_POINT ( 'NONE', #2044 ) ;
#667 = PLANE ( 'NONE',  #858 ) ;
#668 = DIRECTION ( 'NONE',  ( 1.000000000000000000, 0.000000000000000000, 0.000000000000000000 ) ) ;
#669 = VERTEX_POINT ( 'NONE', #229 ) ;
#670 = LINE ( 'NONE', #1034, #267 ) ;
#671 = PLANE ( 'NONE',  #2023 ) ;
#672 = EDGE_CURVE ( 'NONE', #454, #499, #926, .T. ) ;
#673 =( NAMED_UNIT ( * ) SI_UNIT ( $, .STERADIAN. ) SOLID_ANGLE_UNIT ( ) );
#674 = EDGE_CURVE ( 'NONE', #204, #604, #1914, .T. ) ;
#675 = CARTESIAN_POINT ( 'NONE',  ( -1.209999999999762821, 16.82923954403117150, -27.45999999999999019 ) ) ;
#676 = ORIENTED_EDGE ( 'NONE', *, *, #1982, .F. ) ;
#677 = ADVANCED_FACE ( 'NONE', ( #1421, #769, #1409, #1430, #1249, #1094 ), #913, .F. ) ;
#678 = ORIENTED_EDGE ( 'NONE', *, *, #674, .F. ) ;
#679 = DIRECTION ( 'NONE',  ( -1.000000000000000000, 0.000000000000000000, -0.000000000000000000 ) ) ;
#680 = PRODUCT_CONTEXT ( 'NONE', #504, 'mechanical' ) ;
#681 = CIRCLE ( 'NONE', #576, 2.499994999999997969 ) ;
#682 = DIRECTION ( 'NONE',  ( 1.000000000000000000, 0.000000000000000000, 0.000000000000000000 ) ) ;
#683 = VECTOR ( 'NONE', #380, 1000.000000000000000 ) ;
#684 = FACE_OUTER_BOUND ( 'NONE', #776, .T. ) ;
#685 = CARTESIAN_POINT ( 'NONE',  ( -19.54000000000002757, 39.69999999999999574, 30.00000000000000355 ) ) ;
#686 = AXIS2_PLACEMENT_3D ( 'NONE', #546, #1059, #221 ) ;
#687 = AXIS2_PLACEMENT_3D ( 'NONE', #2113, #1252, #1897 ) ;
#688 = ADVANCED_FACE ( 'NONE', ( #1387 ), #2034, .F. ) ;
#689 = SURFACE_SIDE_STYLE ('',( #1878 ) ) ;
#690 = EDGE_LOOP ( 'NONE', ( #1297, #349, #853, #2102 ) ) ;
#691 = VECTOR ( 'NONE', #1422, 1000.000000000000000 ) ;
#692 = ORIENTED_EDGE ( 'NONE', *, *, #1509, .T. ) ;
#693 = CARTESIAN_POINT ( 'NONE',  ( -38.17000000000000881, 22.03006333144230666, -25.45999999999999019 ) ) ;
#694 = DIRECTION ( 'NONE',  ( -1.000000000000000000, 0.000000000000000000, 0.000000000000000000 ) ) ;
#695 = CARTESIAN_POINT ( 'NONE',  ( 19.45999999999997598, 15.00000000000000533, 23.46000000000000085 ) ) ;
#696 = CARTESIAN_POINT ( 'NONE',  ( 0.4599999999999743183, 39.69999999999999574, 27.46000000000000085 ) ) ;
#697 = PLANE ( 'NONE',  #1782 ) ;
#698 = CARTESIAN_POINT ( 'NONE',  ( -2.540000000000014246, -0.07999999999999587996, 4.999999999999997335 ) ) ;
#699 = ORIENTED_EDGE ( 'NONE', *, *, #250, .T. ) ;
#700 = ADVANCED_FACE ( 'NONE', ( #242 ), #2064, .F. ) ;
#701 = ORIENTED_EDGE ( 'NONE', *, *, #1291, .F. ) ;
#702 = DIRECTION ( 'NONE',  ( -0.000000000000000000, 1.000000000000000000, -0.000000000000000000 ) ) ;
#703 = CARTESIAN_POINT ( 'NONE',  ( -3.710000000000005294, 39.82923954403116795, -27.45999999999999019 ) ) ;
#704 = EDGE_CURVE ( 'NONE', #224, #1244, #1267, .T. ) ;
#705 = DIRECTION ( 'NONE',  ( -1.000000000000000000, 0.000000000000000000, 0.000000000000000000 ) ) ;
#706 = DIRECTION ( 'NONE',  ( 1.000000000000000000, 0.000000000000000000, 0.000000000000000000 ) ) ;
#707 = DIRECTION ( 'NONE',  ( 1.000000000000000000, 0.000000000000000000, 0.000000000000000000 ) ) ;
#708 = DIRECTION ( 'NONE',  ( 0.000000000000000000, 0.000000000000000000, -1.000000000000000000 ) ) ;
#709 = VERTEX_POINT ( 'NONE', #1702 ) ;
#710 = VERTEX_POINT ( 'NONE', #1237 ) ;
#711 = DIRECTION ( 'NONE',  ( 0.000000000000000000, 0.000000000000000000, 1.000000000000000000 ) ) ;
#712 = EDGE_LOOP ( 'NONE', ( #287, #1051, #725, #1647 ) ) ;
#713 = CARTESIAN_POINT ( 'NONE',  ( 55.53999999999999915, 39.82923954403116795, -25.45999999999999019 ) ) ;
#714 = AXIS2_PLACEMENT_3D ( 'NONE', #1525, #1661, #1170 ) ;
#715 = DIRECTION ( 'NONE',  ( 1.000000000000000000, 0.000000000000000000, -0.000000000000000000 ) ) ;
#716 = LINE ( 'NONE', #211, #172 ) ;
#717 = CIRCLE ( 'NONE', #714, 2.499994999999997969 ) ;
#718 = ADVANCED_FACE ( 'NONE', ( #1887 ), #1078, .T. ) ;
#719 = LINE ( 'NONE', #50, #1921 ) ;
#720 = VECTOR ( 'NONE', #2021, 1000.000000000000000 ) ;
#721 = DIRECTION ( 'NONE',  ( -0.000000000000000000, -1.000000000000000000, -0.000000000000000000 ) ) ;
#722 = ORIENTED_EDGE ( 'NONE', *, *, #28, .T. ) ;
#723 = PRESENTATION_LAYER_ASSIGNMENT (  '', '', ( #1580 ) ) ;
#724 = VECTOR ( 'NONE', #840, 1000.000000000000000 ) ;
#725 = ORIENTED_EDGE ( 'NONE', *, *, #1958, .F. ) ;
#726 = CARTESIAN_POINT ( 'NONE',  ( -72.46000000000000796, 13.52476666011689410, -5.249999999999991118 ) ) ;
#727 = ORIENTED_EDGE ( 'NONE', *, *, #90, .T. ) ;
#728 = LINE ( 'NONE', #530, #1805 ) ;
#729 = ADVANCED_FACE ( 'NONE', ( #1895 ), #1754, .F. ) ;
#730 = CARTESIAN_POINT ( 'NONE',  ( 52.45999999999997954, 15.00000000000000533, 27.46000000000000085 ) ) ;
#731 = LINE ( 'NONE', #1854, #1137 ) ;
#732 = CARTESIAN_POINT ( 'NONE',  ( -60.26475457404245617, 15.00000000000000533, -22.44265765304163551 ) ) ;
#733 = LINE ( 'NONE', #526, #1001 ) ;
#734 = EDGE_CURVE ( 'NONE', #1230, #954, #1511, .T. ) ;
#735 = ORIENTED_EDGE ( 'NONE', *, *, #1819, .T. ) ;
#736 = CARTESIAN_POINT ( 'NONE',  ( 52.45999999999997954, 15.00000000000000533, 23.46000000000000085 ) ) ;
#737 = EDGE_LOOP ( 'NONE', ( #1588, #21 ) ) ;
#738 = DIRECTION ( 'NONE',  ( 0.000000000000000000, 0.000000000000000000, 1.000000000000000000 ) ) ;
#739 = DIRECTION ( 'NONE',  ( 0.000000000000000000, -1.000000000000000000, 0.000000000000000000 ) ) ;
#740 = LINE ( 'NONE', #1398, #1817 ) ;
#741 = CARTESIAN_POINT ( 'NONE',  ( -2.459999999999764597, 16.82923954403117150, -25.45999999999999019 ) ) ;
#742 = ORIENTED_EDGE ( 'NONE', *, *, #223, .T. ) ;
#743 = ADVANCED_FACE ( 'NONE', ( #1959 ), #315, .F. ) ;
#744 = CARTESIAN_POINT ( 'NONE',  ( -60.26475457404245617, 15.00000000000000533, -2.442657653041635513 ) ) ;
#745 = EDGE_LOOP ( 'NONE', ( #1090, #1666, #958, #658 ) ) ;
#746 = DIRECTION ( 'NONE',  ( -0.000000000000000000, -0.000000000000000000, -1.000000000000000000 ) ) ;
#747 = DIRECTION ( 'NONE',  ( -1.000000000000000000, 0.000000000000000000, -0.000000000000000000 ) ) ;
#748 = CARTESIAN_POINT ( 'NONE',  ( 53.04000500000000073, 39.82923954403116795, -25.45999999999999019 ) ) ;
#749 = AXIS2_PLACEMENT_3D ( 'NONE', #713, #1829, #1354 ) ;
#750 = CARTESIAN_POINT ( 'NONE',  ( -72.46000000000000796, 7.524766660116894101, -5.249999999999991118 ) ) ;
#751 = VECTOR ( 'NONE', #972, 1000.000000000000000 ) ;
#752 = VECTOR ( 'NONE', #1736, 1000.000000000000000 ) ;
#753 = VERTEX_POINT ( 'NONE', #1282 ) ;
#754 = AXIS2_PLACEMENT_3D ( 'NONE', #2004, #864, #31 ) ;
#755 = VECTOR ( 'NONE', #1412, 1000.000000000000000 ) ;
#756 = LINE ( 'NONE', #744, #720 ) ;
#757 = ORIENTED_EDGE ( 'NONE', *, *, #867, .T. ) ;
#758 = CARTESIAN_POINT ( 'NONE',  ( -4.959995000000005483, 39.82923954403116795, -25.45999999999999019 ) ) ;
#759 = DIRECTION ( 'NONE',  ( 1.000000000000000000, 0.000000000000000000, 0.000000000000000000 ) ) ;
#760 = FACE_OUTER_BOUND ( 'NONE', #583, .T. ) ;
#761 = VERTEX_POINT ( 'NONE', #1313 ) ;
#762 = DIRECTION ( 'NONE',  ( 1.000000000000000000, 0.000000000000000000, 0.000000000000000000 ) ) ;
#763 = ORIENTED_EDGE ( 'NONE', *, *, #908, .F. ) ;
#764 = ADVANCED_FACE ( 'NONE', ( #2086 ), #292, .F. ) ;
#765 = CARTESIAN_POINT ( 'NONE',  ( 55.53999999999999915, 39.82923954403116795, -25.45999999999999019 ) ) ;
#766 = ORIENTED_EDGE ( 'NONE', *, *, #2074, .T. ) ;
#767 = EDGE_CURVE ( 'NONE', #364, #1582, #1810, .T. ) ;
#768 = FACE_OUTER_BOUND ( 'NONE', #1922, .T. ) ;
#769 = FACE_BOUND ( 'NONE', #922, .T. ) ;
#770 = CARTESIAN_POINT ( 'NONE',  ( -75.00000000000001421, 13.52476666011689410, -5.249999999999991118 ) ) ;
#771 = ORIENTED_EDGE ( 'NONE', *, *, #1291, .T. ) ;
#772 = EDGE_CURVE ( 'NONE', #113, #1769, #270, .T. ) ;
#773 = DIRECTION ( 'NONE',  ( -0.000000000000000000, -0.000000000000000000, -1.000000000000000000 ) ) ;
#774 = ORIENTED_EDGE ( 'NONE', *, *, #580, .F. ) ;
#775 = LINE ( 'NONE', #1174, #651 ) ;
#776 = EDGE_LOOP ( 'NONE', ( #517, #1186 ) ) ;
#777 = DIRECTION ( 'NONE',  ( 1.000000000000000000, 0.000000000000000000, -0.000000000000000000 ) ) ;
#778 = DIRECTION ( 'NONE',  ( 0.000000000000000000, 0.000000000000000000, 1.000000000000000000 ) ) ;
#779 = PLANE ( 'NONE',  #619 ) ;
#780 = ORIENTED_EDGE ( 'NONE', *, *, #368, .T. ) ;
#781 = CARTESIAN_POINT ( 'NONE',  ( -4.959994999999763898, 16.82923954403117150, -25.45999999999999019 ) ) ;
#782 = EDGE_CURVE ( 'NONE', #1828, #1044, #1764, .T. ) ;
#783 = VECTOR ( 'NONE', #1285, 1000.000000000000000 ) ;
#784 = ORIENTED_EDGE ( 'NONE', *, *, #876, .T. ) ;
#785 = AXIS2_PLACEMENT_3D ( 'NONE', #274, #937, #1586 ) ;
#786 = LINE ( 'NONE', #345, #965 ) ;
#787 = VECTOR ( 'NONE', #395, 1000.000000000000000 ) ;
#788 = ORIENTED_EDGE ( 'NONE', *, *, #1781, .T. ) ;
#789 = DIRECTION ( 'NONE',  ( -0.000000000000000000, 0.000000000000000000, -1.000000000000000000 ) ) ;
#790 = VECTOR ( 'NONE', #1110, 1000.000000000000000 ) ;
#791 = CARTESIAN_POINT ( 'NONE',  ( -60.26475457404245617, 5.000000000000004441, -22.44265765304163551 ) ) ;
#792 = DIRECTION ( 'NONE',  ( -1.000000000000000000, 0.000000000000000000, 0.000000000000000000 ) ) ;
#793 = ORIENTED_EDGE ( 'NONE', *, *, #2038, .T. ) ;
#794 = AXIS2_PLACEMENT_3D ( 'NONE', #587, #938, #1732 ) ;
#795 = EDGE_CURVE ( 'NONE', #650, #1100, #467, .T. ) ;
#796 = CARTESIAN_POINT ( 'NONE',  ( -60.26475457404245617, 15.00000000000000533, -2.442657653041635513 ) ) ;
#797 = FACE_BOUND ( 'NONE', #1930, .T. ) ;
#798 = ORIENTED_EDGE ( 'NONE', *, *, #411, .T. ) ;
#799 = EDGE_CURVE ( 'NONE', #1918, #629, #131, .T. ) ;
#800 = VERTEX_POINT ( 'NONE', #791 ) ;
#801 = DIRECTION ( 'NONE',  ( -1.000000000000000000, 0.000000000000000000, 0.000000000000000000 ) ) ;
#802 = DIRECTION ( 'NONE',  ( 0.000000000000000000, 1.000000000000000000, 0.000000000000000000 ) ) ;
#803 = VERTEX_POINT ( 'NONE', #1636 ) ;
#804 = LINE ( 'NONE', #7, #821 ) ;
#805 = FACE_OUTER_BOUND ( 'NONE', #333, .T. ) ;
#806 = EDGE_CURVE ( 'NONE', #1812, #803, #1627, .T. ) ;
#807 = ORIENTED_EDGE ( 'NONE', *, *, #850, .F. ) ;
#808 = VERTEX_POINT ( 'NONE', #327 ) ;
#809 = CYLINDRICAL_SURFACE ( 'NONE', #1031, 2.499994999999997969 ) ;
#810 = ADVANCED_FACE ( 'NONE', ( #162 ), #457, .F. ) ;
#811 = CARTESIAN_POINT ( 'NONE',  ( -72.46000000000000796, 13.52476666011689410, 5.250000000000009770 ) ) ;
#812 = LINE ( 'NONE', #1502, #1 ) ;
#813 = ORIENTED_EDGE ( 'NONE', *, *, #1336, .F. ) ;
#814 = CARTESIAN_POINT ( 'NONE',  ( 72.45999999999997954, 5.000000000000004441, -27.45999999999999019 ) ) ;
#815 = DIRECTION ( 'NONE',  ( 1.000000000000000000, 1.734723475976806848E-16, 0.000000000000000000 ) ) ;
#816 = VERTEX_POINT ( 'NONE', #1292 ) ;
#817 = EDGE_CURVE ( 'NONE', #2106, #1721, #1773, .T. ) ;
#818 = AXIS2_PLACEMENT_3D ( 'NONE', #870, #351, #552 ) ;
#819 = ORIENTED_EDGE ( 'NONE', *, *, #559, .T. ) ;
#820 = DIRECTION ( 'NONE',  ( 1.000000000000000000, 0.000000000000000000, 0.000000000000000000 ) ) ;
#821 = VECTOR ( 'NONE', #1325, 1000.000000000000000 ) ;
#822 = VECTOR ( 'NONE', #1138, 1000.000000000000000 ) ;
#823 = CARTESIAN_POINT ( 'NONE',  ( 55.53999999999999915, 39.82923954403116795, -27.45999999999999019 ) ) ;
#824 = EDGE_LOOP ( 'NONE', ( #813, #1949, #1000, #984 ) ) ;
#825 = VECTOR ( 'NONE', #82, 1000.000000000000000 ) ;
#826 = DIRECTION ( 'NONE',  ( -0.000000000000000000, 1.000000000000000000, -0.000000000000000000 ) ) ;
#827 = PLANE ( 'NONE',  #898 ) ;
#828 = VECTOR ( 'NONE', #342, 1000.000000000000000 ) ;
#829 = AXIS2_PLACEMENT_3D ( 'NONE', #1605, #2087, #1939 ) ;
#830 = CARTESIAN_POINT ( 'NONE',  ( -38.17000000000000881, 24.03006333144230666, -25.45999999999999019 ) ) ;
#831 = EDGE_LOOP ( 'NONE', ( #856, #248 ) ) ;
#832 = ADVANCED_FACE ( 'NONE', ( #488 ), #969, .F. ) ;
#833 = ORIENTED_EDGE ( 'NONE', *, *, #1481, .T. ) ;
#834 = EDGE_CURVE ( 'NONE', #1733, #339, #1323, .T. ) ;
#835 = FACE_OUTER_BOUND ( 'NONE', #909, .T. ) ;
#836 = CARTESIAN_POINT ( 'NONE',  ( -38.17000000000000881, 22.03006333144230666, -25.45999999999999019 ) ) ;
#837 = ORIENTED_EDGE ( 'NONE', *, *, #935, .F. ) ;
#838 = ORIENTED_EDGE ( 'NONE', *, *, #1191, .F. ) ;
#839 = PLANE ( 'NONE',  #338 ) ;
#840 = DIRECTION ( 'NONE',  ( -0.000000000000000000, 1.000000000000000000, -0.000000000000000000 ) ) ;
#841 = EDGE_CURVE ( 'NONE', #1479, #1151, #636, .T. ) ;
#842 = LINE ( 'NONE', #1349, #1413 ) ;
#843 = ORIENTED_EDGE ( 'NONE', *, *, #1492, .T. ) ;
#844 = VERTEX_POINT ( 'NONE', #811 ) ;
#845 = CARTESIAN_POINT ( 'NONE',  ( 53.04000500000000073, 39.82923954403116795, -27.45999999999999019 ) ) ;
#846 = ORIENTED_EDGE ( 'NONE', *, *, #385, .T. ) ;
#847 = CARTESIAN_POINT ( 'NONE',  ( 55.53999999999999915, 39.82923954403116795, -27.45999999999999019 ) ) ;
#848 = CARTESIAN_POINT ( 'NONE',  ( 50.45999999999997954, 15.00000000000000533, 23.46000000000000085 ) ) ;
#849 = DIRECTION ( 'NONE',  ( -0.000000000000000000, -0.000000000000000000, 1.000000000000000000 ) ) ;
#850 = EDGE_CURVE ( 'NONE', #1383, #669, #1947, .T. ) ;
#851 = DIRECTION ( 'NONE',  ( 0.000000000000000000, -1.000000000000000000, 0.000000000000000000 ) ) ;
#852 = VERTEX_POINT ( 'NONE', #1166 ) ;
#853 = ORIENTED_EDGE ( 'NONE', *, *, #1861, .F. ) ;
#854 = CIRCLE ( 'NONE', #1338, 2.499995000000001522 ) ;
#855 = CARTESIAN_POINT ( 'NONE',  ( -2.540000000000014246, -0.07999999999999587996, 1.824999999999992406 ) ) ;
#856 = ORIENTED_EDGE ( 'NONE', *, *, #1262, .T. ) ;
#857 = CARTESIAN_POINT ( 'NONE',  ( 0.03999499999999710231, 39.82923954403116795, -27.45999999999999019 ) ) ;
#858 = AXIS2_PLACEMENT_3D ( 'NONE', #350, #529, #1331 ) ;
#859 = CARTESIAN_POINT ( 'NONE',  ( -2.460000000000003961, 39.82923954403116795, -25.45999999999999019 ) ) ;
#860 = PLANE ( 'NONE',  #1648 ) ;
#861 = EDGE_CURVE ( 'NONE', #171, #1352, #545, .T. ) ;
#862 = COLOUR_RGB ( '',0.7921568627450980005, 0.8196078431372548767, 0.9333333333333333481 ) ;
#863 = AXIS2_PLACEMENT_3D ( 'NONE', #2069, #298, #621 ) ;
#864 = DIRECTION ( 'NONE',  ( 0.000000000000000000, 0.000000000000000000, -1.000000000000000000 ) ) ;
#865 = ORIENTED_EDGE ( 'NONE', *, *, #1181, .T. ) ;
#866 = VERTEX_POINT ( 'NONE', #693 ) ;
#867 = EDGE_CURVE ( 'NONE', #808, #1436, #1362, .T. ) ;
#868 = CARTESIAN_POINT ( 'NONE',  ( -60.26475457404245617, 5.000000000000004441, -22.44265765304163551 ) ) ;
#869 = VERTEX_POINT ( 'NONE', #1523 ) ;
#870 = CARTESIAN_POINT ( 'NONE',  ( 52.45999999999997954, 15.00000000000000533, 27.46000000000000085 ) ) ;
#871 = DIRECTION ( 'NONE',  ( 1.000000000000000000, 0.000000000000000000, 0.000000000000000000 ) ) ;
#872 = DIRECTION ( 'NONE',  ( 0.000000000000000000, 0.000000000000000000, 1.000000000000000000 ) ) ;
#873 = DIRECTION ( 'NONE',  ( 0.000000000000000000, 0.000000000000000000, 1.000000000000000000 ) ) ;
#874 = DIRECTION ( 'NONE',  ( 0.000000000000000000, 0.000000000000000000, -1.000000000000000000 ) ) ;
#875 = ORIENTED_EDGE ( 'NONE', *, *, #456, .F. ) ;
#876 = EDGE_CURVE ( 'NONE', #1793, #534, #997, .T. ) ;
#877 = EDGE_LOOP ( 'NONE', ( #1565, #589, #1322, #701 ) ) ;
#878 = CARTESIAN_POINT ( 'NONE',  ( -19.54000000000002757, 19.69999999999999929, 27.46000000000000085 ) ) ;
#879 = EDGE_CURVE ( 'NONE', #1793, #562, #1803, .T. ) ;
#880 = DIRECTION ( 'NONE',  ( 0.000000000000000000, -0.000000000000000000, -1.000000000000000000 ) ) ;
#881 = FACE_OUTER_BOUND ( 'NONE', #737, .T. ) ;
#882 = LINE ( 'NONE', #1536, #1312 ) ;
#883 = DIRECTION ( 'NONE',  ( -1.156482317317871478E-16, -0.000000000000000000, -1.000000000000000000 ) ) ;
#884 = LINE ( 'NONE', #1705, #33 ) ;
#885 = ORIENTED_EDGE ( 'NONE', *, *, #1062, .F. ) ;
#886 = ORIENTED_EDGE ( 'NONE', *, *, #734, .T. ) ;
#887 = ADVANCED_FACE ( 'NONE', ( #366 ), #667, .T. ) ;
#888 = DIRECTION ( 'NONE',  ( -0.000000000000000000, -0.000000000000000000, -1.000000000000000000 ) ) ;
#889 = VERTEX_POINT ( 'NONE', #195 ) ;
#890 = FACE_OUTER_BOUND ( 'NONE', #1373, .T. ) ;
#891 = CIRCLE ( 'NONE', #1739, 2.499994999999997969 ) ;
#892 = DIRECTION ( 'NONE',  ( 1.000000000000000000, 0.000000000000000000, 0.000000000000000000 ) ) ;
#893 = DIRECTION ( 'NONE',  ( -1.000000000000000000, 0.000000000000000000, 0.000000000000000000 ) ) ;
#894 = VECTOR ( 'NONE', #1435, 1000.000000000000000 ) ;
#895 = CARTESIAN_POINT ( 'NONE',  ( -75.00000000000001421, 0.000000000000000000, 30.00000000000000355 ) ) ;
#896 = VECTOR ( 'NONE', #331, 1000.000000000000000 ) ;
#897 = LINE ( 'NONE', #1217, #513 ) ;
#898 = AXIS2_PLACEMENT_3D ( 'NONE', #1335, #1326, #482 ) ;
#899 = ORIENTED_EDGE ( 'NONE', *, *, #850, .T. ) ;
#900 = AXIS2_PLACEMENT_3D ( 'NONE', #177, #1314, #668 ) ;
#901 = CARTESIAN_POINT ( 'NONE',  ( 15.45999999999997243, 15.00000000000000533, 23.46000000000000085 ) ) ;
#902 = ORIENTED_EDGE ( 'NONE', *, *, #1320, .F. ) ;
#903 = CARTESIAN_POINT ( 'NONE',  ( 0.4599999999999743183, 19.70000000000000284, 27.46000000000000085 ) ) ;
#904 = EDGE_CURVE ( 'NONE', #11, #276, #2124, .T. ) ;
#905 = DIRECTION ( 'NONE',  ( -0.000000000000000000, -0.000000000000000000, -1.000000000000000000 ) ) ;
#906 = CARTESIAN_POINT ( 'NONE',  ( -75.00000000000001421, 80.00000000000000000, 30.00000000000000355 ) ) ;
#907 = CARTESIAN_POINT ( 'NONE',  ( 74.99999999999998579, 80.00000000000000000, -29.99999999999999289 ) ) ;
#908 = EDGE_CURVE ( 'NONE', #562, #650, #1493, .T. ) ;
#909 = EDGE_LOOP ( 'NONE', ( #2032, #1556 ) ) ;
#910 = DIRECTION ( 'NONE',  ( -1.000000000000000000, 0.000000000000000000, 0.000000000000000000 ) ) ;
#911 = ORIENTED_EDGE ( 'NONE', *, *, #9, .F. ) ;
#912 = DIRECTION ( 'NONE',  ( 0.000000000000000000, 0.000000000000000000, 1.000000000000000000 ) ) ;
#913 = PLANE ( 'NONE',  #1236 ) ;
#914 = DIRECTION ( 'NONE',  ( -1.000000000000000000, 0.000000000000000000, 0.000000000000000000 ) ) ;
#915 = CARTESIAN_POINT ( 'NONE',  ( -72.46000000000000796, 7.524766660116894101, 5.250000000000011546 ) ) ;
#916 = ORIENTED_EDGE ( 'NONE', *, *, #734, .F. ) ;
#917 = FACE_OUTER_BOUND ( 'NONE', #831, .T. ) ;
#918 = VERTEX_POINT ( 'NONE', #845 ) ;
#919 = DIRECTION ( 'NONE',  ( -1.000000000000000000, 0.000000000000000000, 0.000000000000000000 ) ) ;
#920 = CARTESIAN_POINT ( 'NONE',  ( -75.00000000000001421, 7.524766660116894101, -5.249999999999987566 ) ) ;
#921 = DIRECTION ( 'NONE',  ( 1.000000000000000000, 0.000000000000000000, -1.156482317317871478E-16 ) ) ;
#922 = EDGE_LOOP ( 'NONE', ( #1029, #496 ) ) ;
#923 = AXIS2_PLACEMENT_3D ( 'NONE', #1573, #249, #1722 ) ;
#924 = ADVANCED_FACE ( 'NONE', ( #1974 ), #1990, .F. ) ;
#925 = CARTESIAN_POINT ( 'NONE',  ( 17.45999999999997598, 15.00000000000000533, 23.46000000000000085 ) ) ;
#926 = CIRCLE ( 'NONE', #408, 1.000000000000000888 ) ;
#927 = VECTOR ( 'NONE', #802, 1000.000000000000000 ) ;
#928 = EDGE_LOOP ( 'NONE', ( #486, #963, #472, #12 ) ) ;
#929 = AXIS2_PLACEMENT_3D ( 'NONE', #1184, #874, #1869 ) ;
#930 = CIRCLE ( 'NONE', #549, 2.499994999999999745 ) ;
#931 = CARTESIAN_POINT ( 'NONE',  ( -38.17000000000000881, 22.03006333144230666, -25.45999999999999019 ) ) ;
#932 = ORIENTED_EDGE ( 'NONE', *, *, #1327, .T. ) ;
#933 = DIRECTION ( 'NONE',  ( 1.000000000000000000, 0.000000000000000000, 0.000000000000000000 ) ) ;
#934 = EDGE_CURVE ( 'NONE', #1761, #76, #507, .T. ) ;
#935 = EDGE_CURVE ( 'NONE', #1247, #1260, #1659, .T. ) ;
#936 = VECTOR ( 'NONE', #1960, 1000.000000000000000 ) ;
#937 = DIRECTION ( 'NONE',  ( -0.000000000000000000, -0.000000000000000000, -1.000000000000000000 ) ) ;
#938 = DIRECTION ( 'NONE',  ( 0.000000000000000000, -0.000000000000000000, -1.000000000000000000 ) ) ;
#939 = EDGE_LOOP ( 'NONE', ( #1194, #1425 ) ) ;
#940 = CYLINDRICAL_SURFACE ( 'NONE', #1784, 2.000000000000001776 ) ;
#941 = ORIENTED_EDGE ( 'NONE', *, *, #2068, .T. ) ;
#942 = EDGE_CURVE ( 'NONE', #53, #1898, #1678, .T. ) ;
#943 = LINE ( 'NONE', #1113, #1036 ) ;
#944 = ORIENTED_EDGE ( 'NONE', *, *, #90, .F. ) ;
#945 = DIRECTION ( 'NONE',  ( 0.000000000000000000, 0.000000000000000000, -1.000000000000000000 ) ) ;
#946 = ADVANCED_FACE ( 'NONE', ( #1020 ), #216, .F. ) ;
#947 = DIRECTION ( 'NONE',  ( 1.000000000000000000, 1.734723475976805517E-15, 0.000000000000000000 ) ) ;
#948 = DIRECTION ( 'NONE',  ( 0.000000000000000000, -0.000000000000000000, 1.000000000000000000 ) ) ;
#949 = VERTEX_POINT ( 'NONE', #878 ) ;
#950 = FACE_OUTER_BOUND ( 'NONE', #1255, .T. ) ;
#951 = EDGE_LOOP ( 'NONE', ( #1386, #1539, #1341, #742 ) ) ;
#952 = ADVANCED_FACE ( 'NONE', ( #835 ), #55, .T. ) ;
#953 = FACE_OUTER_BOUND ( 'NONE', #2030, .T. ) ;
#954 = VERTEX_POINT ( 'NONE', #37 ) ;
#955 = CARTESIAN_POINT ( 'NONE',  ( 50.45999999999997954, 15.00000000000000533, 27.46000000000000085 ) ) ;
#956 = DIRECTION ( 'NONE',  ( -0.000000000000000000, -0.000000000000000000, -1.000000000000000000 ) ) ;
#957 = CARTESIAN_POINT ( 'NONE',  ( 52.45999999999997954, 15.00000000000000533, 23.46000000000000085 ) ) ;
#958 = ORIENTED_EDGE ( 'NONE', *, *, #43, .F. ) ;
#959 = CARTESIAN_POINT ( 'NONE',  ( 72.45999999999997954, 5.000000000000004441, -27.45999999999999019 ) ) ;
#960 = LINE ( 'NONE', #105, #1378 ) ;
#961 = EDGE_CURVE ( 'NONE', #800, #1315, #1966, .T. ) ;
#962 = AXIS2_PLACEMENT_3D ( 'NONE', #147, #318, #1629 ) ;
#963 = ORIENTED_EDGE ( 'NONE', *, *, #466, .F. ) ;
#964 = VECTOR ( 'NONE', #2110, 1000.000000000000000 ) ;
#965 = VECTOR ( 'NONE', #1427, 1000.000000000000000 ) ;
#966 = VERTEX_POINT ( 'NONE', #1668 ) ;
#967 = CARTESIAN_POINT ( 'NONE',  ( -38.17000000000000881, 24.03006333144230666, -25.45999999999999019 ) ) ;
#968 = AXIS2_PLACEMENT_3D ( 'NONE', #2092, #461, #1906 ) ;
#969 = PLANE ( 'NONE',  #1342 ) ;
#970 = EDGE_LOOP ( 'NONE', ( #1495, #1905, #2079, #1521 ) ) ;
#971 = EDGE_CURVE ( 'NONE', #1749, #235, #497, .T. ) ;
#972 = DIRECTION ( 'NONE',  ( 1.000000000000000000, 0.000000000000000000, 0.000000000000000000 ) ) ;
#973 = CARTESIAN_POINT ( 'NONE',  ( -2.540000000000014246, -0.07999999999999587996, 4.999999999999997335 ) ) ;
#974 = ORIENTED_EDGE ( 'NONE', *, *, #1028, .F. ) ;
#975 = EDGE_CURVE ( 'NONE', #454, #3, #537, .T. ) ;
#976 = ORIENTED_EDGE ( 'NONE', *, *, #116, .F. ) ;
#977 = CARTESIAN_POINT ( 'NONE',  ( 56.79000000000000625, 39.82923954403116795, -25.45999999999999019 ) ) ;
#978 = CARTESIAN_POINT ( 'NONE',  ( -19.54000000000002757, 19.69999999999999929, 30.00000000000000355 ) ) ;
#979 = LINE ( 'NONE', #836, #936 ) ;
#980 = EDGE_LOOP ( 'NONE', ( #1109, #1964, #332, #462 ) ) ;
#981 = CARTESIAN_POINT ( 'NONE',  ( 72.45999999999997954, 80.00000000000000000, 27.46000000000000085 ) ) ;
#982 = DIRECTION ( 'NONE',  ( 0.000000000000000000, 0.000000000000000000, 1.000000000000000000 ) ) ;
#983 = EDGE_LOOP ( 'NONE', ( #1656, #64, #976, #1330 ) ) ;
#984 = ORIENTED_EDGE ( 'NONE', *, *, #1684, .F. ) ;
#985 = CARTESIAN_POINT ( 'NONE',  ( 17.45999999999997598, 15.00000000000000533, 23.46000000000000085 ) ) ;
#986 = DIRECTION ( 'NONE',  ( -0.000000000000000000, -1.000000000000000000, -0.000000000000000000 ) ) ;
#987 = ORIENTED_EDGE ( 'NONE', *, *, #1426, .F. ) ;
#988 = DIRECTION ( 'NONE',  ( -1.000000000000000000, 0.000000000000000000, 0.000000000000000000 ) ) ;
#989 = LINE ( 'NONE', #8, #724 ) ;
#990 = ADVANCED_FACE ( 'NONE', ( #917 ), #2049, .F. ) ;
#991 = CARTESIAN_POINT ( 'NONE',  ( -1.210000000000002407, 39.82923954403116795, -25.45999999999999019 ) ) ;
#992 = AXIS2_PLACEMENT_3D ( 'NONE', #1603, #801, #4 ) ;
#993 = ORIENTED_EDGE ( 'NONE', *, *, #1700, .F. ) ;
#994 = ORIENTED_EDGE ( 'NONE', *, *, #1124, .F. ) ;
#995 = VECTOR ( 'NONE', #1063, 1000.000000000000000 ) ;
#996 = VECTOR ( 'NONE', #2031, 1000.000000000000000 ) ;
#997 = LINE ( 'NONE', #1154, #1848 ) ;
#998 = LINE ( 'NONE', #1650, #173 ) ;
#999 = EDGE_CURVE ( 'NONE', #96, #659, #1583, .T. ) ;
#1000 = ORIENTED_EDGE ( 'NONE', *, *, #1700, .T. ) ;
#1001 = VECTOR ( 'NONE', #1538, 1000.000000000000000 ) ;
#1002 = DIRECTION ( 'NONE',  ( 0.000000000000000000, 0.000000000000000000, 1.000000000000000000 ) ) ;
#1003 = FACE_OUTER_BOUND ( 'NONE', #495, .T. ) ;
#1004 = CIRCLE ( 'NONE', #1483, 3.175000000000004263 ) ;
#1005 = AXIS2_PLACEMENT_3D ( 'NONE', #261, #921, #1576 ) ;
#1006 = CARTESIAN_POINT ( 'NONE',  ( 0.4599999999999743183, 19.70000000000000284, 27.46000000000000085 ) ) ;
#1007 = VERTEX_POINT ( 'NONE', #1246 ) ;
#1008 = EDGE_LOOP ( 'NONE', ( #1988, #846, #1061, #798 ) ) ;
#1009 = ADVANCED_FACE ( 'NONE', ( #2060, #1384 ), #551, .T. ) ;
#1010 = CARTESIAN_POINT ( 'NONE',  ( -38.17000000000000881, 24.03006333144230666, -27.45999999999999019 ) ) ;
#1011 = ORIENTED_EDGE ( 'NONE', *, *, #2040, .T. ) ;
#1012 = CARTESIAN_POINT ( 'NONE',  ( 9.735245425957550935, 15.00000000000000533, -2.442657653041635513 ) ) ;
#1013 = EDGE_CURVE ( 'NONE', #276, #364, #1091, .T. ) ;
#1014 = FACE_OUTER_BOUND ( 'NONE', #597, .T. ) ;
#1015 = CARTESIAN_POINT ( 'NONE',  ( -75.00000000000001421, 0.000000000000000000, 30.00000000000000355 ) ) ;
#1016 = DIRECTION ( 'NONE',  ( 1.000000000000000000, 0.000000000000000000, 0.000000000000000000 ) ) ;
#1017 = ORIENTED_EDGE ( 'NONE', *, *, #385, .F. ) ;
#1018 = EDGE_LOOP ( 'NONE', ( #435, #916 ) ) ;
#1019 = ADVANCED_FACE ( 'NONE', ( #1571 ), #561, .T. ) ;
#1020 = FACE_OUTER_BOUND ( 'NONE', #1771, .T. ) ;
#1021 = ORIENTED_EDGE ( 'NONE', *, *, #1830, .F. ) ;
#1022 = CARTESIAN_POINT ( 'NONE',  ( 54.28999999999999204, 39.82923954403116795, -25.45999999999999019 ) ) ;
#1023 = CYLINDRICAL_SURFACE ( 'NONE', #1197, 1.250000000000001554 ) ;
#1024 = LINE ( 'NONE', #1673, #1715 ) ;
#1025 = PRESENTATION_STYLE_ASSIGNMENT (( #1654 ) ) ;
#1026 = FACE_OUTER_BOUND ( 'NONE', #255, .T. ) ;
#1027 = ORIENTED_EDGE ( 'NONE', *, *, #1492, .F. ) ;
#1028 = EDGE_CURVE ( 'NONE', #844, #1007, #590, .T. ) ;
#1029 = ORIENTED_EDGE ( 'NONE', *, *, #54, .F. ) ;
#1030 = DIRECTION ( 'NONE',  ( -0.000000000000000000, -0.000000000000000000, -1.000000000000000000 ) ) ;
#1031 = AXIS2_PLACEMENT_3D ( 'NONE', #660, #151, #1470 ) ;
#1032 = LINE ( 'NONE', #24, #1235 ) ;
#1033 = VECTOR ( 'NONE', #1484, 1000.000000000000000 ) ;
#1034 = CARTESIAN_POINT ( 'NONE',  ( 56.79000000000024073, 16.82923954403117150, -25.45999999999999019 ) ) ;
#1035 = FACE_OUTER_BOUND ( 'NONE', #1522, .T. ) ;
#1036 = VECTOR ( 'NONE', #1750, 1000.000000000000000 ) ;
#1037 = ADVANCED_FACE ( 'NONE', ( #569, #422 ), #269, .T. ) ;
#1038 = VECTOR ( 'NONE', #2012, 1000.000000000000000 ) ;
#1039 = CARTESIAN_POINT ( 'NONE',  ( -35.17000000000000881, 24.03006333144230666, -25.45999999999999019 ) ) ;
#1040 = DIRECTION ( 'NONE',  ( 0.000000000000000000, 1.000000000000000000, 0.000000000000000000 ) ) ;
#1041 = ORIENTED_EDGE ( 'NONE', *, *, #1613, .F. ) ;
#1042 = AXIS2_PLACEMENT_3D ( 'NONE', #1410, #1596, #132 ) ;
#1043 = ADVANCED_FACE ( 'NONE', ( #1372 ), #1075, .F. ) ;
#1044 = VERTEX_POINT ( 'NONE', #1210 ) ;
#1045 = DIRECTION ( 'NONE',  ( -1.000000000000000000, -0.000000000000000000, -0.000000000000000000 ) ) ;
#1046 = FACE_OUTER_BOUND ( 'NONE', #824, .T. ) ;
#1047 = DIRECTION ( 'NONE',  ( 0.000000000000000000, 0.000000000000000000, 1.000000000000000000 ) ) ;
#1048 = CARTESIAN_POINT ( 'NONE',  ( -1.210000000000002407, 39.82923954403116795, -27.45999999999999019 ) ) ;
#1049 = PLANE ( 'NONE',  #1746 ) ;
#1050 = CARTESIAN_POINT ( 'NONE',  ( -2.459999999999764597, 16.82923954403117150, -25.45999999999999019 ) ) ;
#1051 = ORIENTED_EDGE ( 'NONE', *, *, #782, .F. ) ;
#1052 = ORIENTED_EDGE ( 'NONE', *, *, #2, .F. ) ;
#1053 = CARTESIAN_POINT ( 'NONE',  ( 17.45999999999997598, 15.00000000000000533, 23.46000000000000085 ) ) ;
#1054 = ORIENTED_EDGE ( 'NONE', *, *, #632, .T. ) ;
#1055 = LINE ( 'NONE', #1660, #1159 ) ;
#1056 = DIRECTION ( 'NONE',  ( -0.000000000000000000, -0.000000000000000000, -1.000000000000000000 ) ) ;
#1057 = CARTESIAN_POINT ( 'NONE',  ( 16.45999999999997954, 15.00000000000000533, 27.46000000000000085 ) ) ;
#1058 = CARTESIAN_POINT ( 'NONE',  ( 0.4599999999999743183, 19.70000000000000284, 27.46000000000000085 ) ) ;
#1059 = DIRECTION ( 'NONE',  ( 0.000000000000000000, 0.000000000000000000, 1.000000000000000000 ) ) ;
#1060 = ORIENTED_EDGE ( 'NONE', *, *, #1686, .F. ) ;
#1061 = ORIENTED_EDGE ( 'NONE', *, *, #1726, .T. ) ;
#1062 = EDGE_CURVE ( 'NONE', #289, #106, #756, .T. ) ;
#1063 = DIRECTION ( 'NONE',  ( -1.000000000000000000, -0.000000000000000000, -0.000000000000000000 ) ) ;
#1064 = ORIENTED_EDGE ( 'NONE', *, *, #799, .T. ) ;
#1065 = DIRECTION ( 'NONE',  ( -0.000000000000000000, 0.000000000000000000, 1.000000000000000000 ) ) ;
#1066 = AXIS2_PLACEMENT_3D ( 'NONE', #1875, #739, #1397 ) ;
#1067 = ADVANCED_FACE ( 'NONE', ( #1872 ), #391, .F. ) ;
#1068 = DIRECTION ( 'NONE',  ( -0.000000000000000000, -1.000000000000000000, -0.000000000000000000 ) ) ;
#1069 = CARTESIAN_POINT ( 'NONE',  ( -35.17000000000000881, 24.03006333144230666, -27.45999999999999019 ) ) ;
#1070 = AXIS2_PLACEMENT_3D ( 'NONE', #1938, #1787, #947 ) ;
#1071 = DIRECTION ( 'NONE',  ( -0.000000000000000000, -0.000000000000000000, -1.000000000000000000 ) ) ;
#1072 = CIRCLE ( 'NONE', #754, 0.9999999999999974465 ) ;
#1073 = CARTESIAN_POINT ( 'NONE',  ( -2.459999999999764597, 16.82923954403117150, -27.45999999999999019 ) ) ;
#1074 = EDGE_LOOP ( 'NONE', ( #2126, #174, #838, #1083 ) ) ;
#1075 = PLANE ( 'NONE',  #443 ) ;
#1076 = ORIENTED_EDGE ( 'NONE', *, *, #1856, .T. ) ;
#1077 = FACE_OUTER_BOUND ( 'NONE', #1074, .T. ) ;
#1078 = PLANE ( 'NONE',  #1983 ) ;
#1079 = LINE ( 'NONE', #1560, #1038 ) ;
#1080 = DIRECTION ( 'NONE',  ( 0.000000000000000000, 0.000000000000000000, -1.000000000000000000 ) ) ;
#1081 = ORIENTED_EDGE ( 'NONE', *, *, #1562, .F. ) ;
#1082 = CARTESIAN_POINT ( 'NONE',  ( -75.00000000000001421, 80.00000000000000000, -29.99999999999999289 ) ) ;
#1083 = ORIENTED_EDGE ( 'NONE', *, *, #1124, .T. ) ;
#1084 = CARTESIAN_POINT ( 'NONE',  ( 55.53999999999999915, 39.82923954403116795, -25.45999999999999019 ) ) ;
#1085 = EDGE_CURVE ( 'NONE', #844, #633, #67, .T. ) ;
#1086 = FACE_OUTER_BOUND ( 'NONE', #1871, .T. ) ;
#1087 = CARTESIAN_POINT ( 'NONE',  ( -33.17000000000000881, 27.03006333144230666, -25.45999999999999019 ) ) ;
#1088 = CARTESIAN_POINT ( 'NONE',  ( -75.00000000000001421, 80.00000000000000000, 30.00000000000000355 ) ) ;
#1089 = EDGE_CURVE ( 'NONE', #1434, #1402, #398, .T. ) ;
#1090 = ORIENTED_EDGE ( 'NONE', *, *, #904, .T. ) ;
#1091 = LINE ( 'NONE', #256, #1099 ) ;
#1092 = ORIENTED_EDGE ( 'NONE', *, *, #795, .F. ) ;
#1093 = CARTESIAN_POINT ( 'NONE',  ( -2.460000000000003961, 39.82923954403116795, -25.45999999999999019 ) ) ;
#1094 = FACE_BOUND ( 'NONE', #444, .T. ) ;
#1095 = DIRECTION ( 'NONE',  ( 0.000000000000000000, -0.000000000000000000, -1.000000000000000000 ) ) ;
#1096 = ORIENTED_EDGE ( 'NONE', *, *, #116, .T. ) ;
#1097 = VECTOR ( 'NONE', #1115, 1000.000000000000000 ) ;
#1098 = CARTESIAN_POINT ( 'NONE',  ( -35.17000000000000881, 24.03006333144230666, -25.45999999999999019 ) ) ;
#1099 = VECTOR ( 'NONE', #2041, 1000.000000000000000 ) ;
#1100 = VERTEX_POINT ( 'NONE', #237 ) ;
#1101 = AXIS2_PLACEMENT_3D ( 'NONE', #2014, #1080, #1527 ) ;
#1102 = AXIS2_PLACEMENT_3D ( 'NONE', #72, #1388, #1703 ) ;
#1103 = CARTESIAN_POINT ( 'NONE',  ( 54.28999999999999204, 39.82923954403116795, -25.45999999999999019 ) ) ;
#1104 = VERTEX_POINT ( 'NONE', #1417 ) ;
#1105 = DIRECTION ( 'NONE',  ( 0.000000000000000000, 0.000000000000000000, -1.000000000000000000 ) ) ;
#1106 = VECTOR ( 'NONE', #434, 1000.000000000000000 ) ;
#1107 = CARTESIAN_POINT ( 'NONE',  ( 0.4599999999999743183, 19.70000000000000284, 30.00000000000000355 ) ) ;
#1108 = CARTESIAN_POINT ( 'NONE',  ( -3.710000000000005294, 39.82923954403116795, -25.45999999999999019 ) ) ;
#1109 = ORIENTED_EDGE ( 'NONE', *, *, #1562, .T. ) ;
#1110 = DIRECTION ( 'NONE',  ( 1.000000000000000000, 0.000000000000000000, 0.000000000000000000 ) ) ;
#1111 = EDGE_CURVE ( 'NONE', #2106, #816, #63, .T. ) ;
#1112 = ORIENTED_EDGE ( 'NONE', *, *, #1221, .T. ) ;
#1113 = CARTESIAN_POINT ( 'NONE',  ( -33.17000000000000881, 22.03006333144230666, -25.45999999999999019 ) ) ;
#1114 = ORIENTED_EDGE ( 'NONE', *, *, #1327, .F. ) ;
#1115 = DIRECTION ( 'NONE',  ( -0.000000000000000000, -0.000000000000000000, -1.000000000000000000 ) ) ;
#1116 = DIRECTION ( 'NONE',  ( -1.000000000000000000, 0.000000000000000000, 0.000000000000000000 ) ) ;
#1117 = LINE ( 'NONE', #2101, #2026 ) ;
#1118 = VERTEX_POINT ( 'NONE', #901 ) ;
#1119 = DIRECTION ( 'NONE',  ( -1.000000000000000000, 0.000000000000000000, 0.000000000000000000 ) ) ;
#1120 = CARTESIAN_POINT ( 'NONE',  ( -72.46000000000000796, 7.524766660116894101, -5.249999999999991118 ) ) ;
#1121 = EDGE_LOOP ( 'NONE', ( #1976, #15, #1602, #676 ) ) ;
#1122 = VERTEX_POINT ( 'NONE', #1555 ) ;
#1123 = DIRECTION ( 'NONE',  ( -1.156482317317871478E-16, -0.000000000000000000, -1.000000000000000000 ) ) ;
#1124 = EDGE_CURVE ( 'NONE', #1428, #1733, #77, .T. ) ;
#1125 = CARTESIAN_POINT ( 'NONE',  ( 0.4599999999999743183, 39.69999999999999574, 27.46000000000000085 ) ) ;
#1126 = LINE ( 'NONE', #2065, #1316 ) ;
#1127 = EDGE_LOOP ( 'NONE', ( #207, #1967, #1879, #1925 ) ) ;
#1128 = EDGE_CURVE ( 'NONE', #1500, #1233, #1403, .T. ) ;
#1129 = DIRECTION ( 'NONE',  ( 0.000000000000000000, 1.000000000000000000, 0.000000000000000000 ) ) ;
#1130 = CARTESIAN_POINT ( 'NONE',  ( -2.460000000000003961, 39.82923954403116795, -25.45999999999999019 ) ) ;
#1131 = VECTOR ( 'NONE', #1347, 1000.000000000000000 ) ;
#1132 = ORIENTED_EDGE ( 'NONE', *, *, #425, .F. ) ;
#1133 = AXIS2_PLACEMENT_3D ( 'NONE', #736, #582, #1863 ) ;
#1134 = CIRCLE ( 'NONE', #1101, 0.9999999999999974465 ) ;
#1135 = VERTEX_POINT ( 'NONE', #830 ) ;
#1136 = CARTESIAN_POINT ( 'NONE',  ( 7.235245425957548271, 15.00000000000000533, -19.94265765304163551 ) ) ;
#1137 = VECTOR ( 'NONE', #1238, 1000.000000000000000 ) ;
#1138 = DIRECTION ( 'NONE',  ( 0.000000000000000000, 0.000000000000000000, 1.000000000000000000 ) ) ;
#1139 = VERTEX_POINT ( 'NONE', #675 ) ;
#1140 = DIRECTION ( 'NONE',  ( 1.734723475976806848E-16, -1.000000000000000000, 0.000000000000000000 ) ) ;
#1141 = EDGE_LOOP ( 'NONE', ( #1912, #1657, #1991, #1114 ) ) ;
#1142 = ORIENTED_EDGE ( 'NONE', *, *, #1558, .T. ) ;
#1143 = DIRECTION ( 'NONE',  ( -1.000000000000000000, -0.000000000000000000, -0.000000000000000000 ) ) ;
#1144 = DIRECTION ( 'NONE',  ( -1.000000000000000000, 0.000000000000000000, 0.000000000000000000 ) ) ;
#1145 = ORIENTED_EDGE ( 'NONE', *, *, #425, .T. ) ;
#1146 = EDGE_CURVE ( 'NONE', #949, #1044, #1592, .T. ) ;
#1147 = DIRECTION ( 'NONE',  ( 0.000000000000000000, 0.000000000000000000, 1.000000000000000000 ) ) ;
#1148 = CARTESIAN_POINT ( 'NONE',  ( -38.17000000000000881, 24.03006333144230666, -27.45999999999999019 ) ) ;
#1149 = ADVANCED_FACE ( 'NONE', ( #453, #20 ), #280, .T. ) ;
#1150 = CARTESIAN_POINT ( 'NONE',  ( -3.709999999999765929, 16.82923954403117150, -27.45999999999999019 ) ) ;
#1151 = VERTEX_POINT ( 'NONE', #1824 ) ;
#1152 = ADVANCED_FACE ( 'NONE', ( #2097 ), #610, .T. ) ;
#1153 = ORIENTED_EDGE ( 'NONE', *, *, #348, .T. ) ;
#1154 = CARTESIAN_POINT ( 'NONE',  ( 7.235245425957548271, 5.000000000000004441, -19.94265765304163551 ) ) ;
#1155 = ORIENTED_EDGE ( 'NONE', *, *, #1229, .T. ) ;
#1156 = FACE_BOUND ( 'NONE', #1441, .T. ) ;
#1157 = ADVANCED_BREP_SHAPE_REPRESENTATION ( 'Radar Enclosure', ( #1401, #900 ), #1208 ) ;
#1158 = DIRECTION ( 'NONE',  ( 1.000000000000000000, 0.000000000000000000, -0.000000000000000000 ) ) ;
#1159 = VECTOR ( 'NONE', #1851, 1000.000000000000000 ) ;
#1160 = EDGE_LOOP ( 'NONE', ( #1697, #638, #1468, #1891 ) ) ;
#1161 = VECTOR ( 'NONE', #826, 1000.000000000000000 ) ;
#1162 = ORIENTED_EDGE ( 'NONE', *, *, #1426, .T. ) ;
#1163 = AXIS2_PLACEMENT_3D ( 'NONE', #2100, #1928, #1595 ) ;
#1164 = EDGE_CURVE ( 'NONE', #11, #1582, #10, .T. ) ;
#1165 = AXIS2_PLACEMENT_3D ( 'NONE', #1391, #851, #2028 ) ;
#1166 = CARTESIAN_POINT ( 'NONE',  ( -4.959994999999763898, 16.82923954403117150, -27.45999999999999019 ) ) ;
#1167 = ORIENTED_EDGE ( 'NONE', *, *, #555, .T. ) ;
#1168 = ORIENTED_EDGE ( 'NONE', *, *, #1448, .T. ) ;
#1169 = VECTOR ( 'NONE', #1714, 1000.000000000000000 ) ;
#1170 = DIRECTION ( 'NONE',  ( -1.000000000000000000, 0.000000000000000000, 0.000000000000000000 ) ) ;
#1171 = CARTESIAN_POINT ( 'NONE',  ( 55.53999999999999915, 39.82923954403116795, -25.45999999999999019 ) ) ;
#1172 = AXIS2_PLACEMENT_3D ( 'NONE', #1904, #1755, #1095 ) ;
#1173 = DIRECTION ( 'NONE',  ( 0.000000000000000000, 0.000000000000000000, 1.000000000000000000 ) ) ;
#1174 = CARTESIAN_POINT ( 'NONE',  ( -35.17000000000001592, 27.03006333144230311, -25.45999999999999019 ) ) ;
#1175 = EDGE_LOOP ( 'NONE', ( #1219, #974, #1667, #699 ) ) ;
#1176 = EDGE_CURVE ( 'NONE', #1996, #1776, #516, .T. ) ;
#1177 = EDGE_LOOP ( 'NONE', ( #46, #449, #1625, #899 ) ) ;
#1178 = CARTESIAN_POINT ( 'NONE',  ( 55.54000000000024073, 16.82923954403117150, -27.45999999999999019 ) ) ;
#1179 = APPLICATION_PROTOCOL_DEFINITION ( 'draft international standard', 'automotive_design', 1998, #136 ) ;
#1180 = FACE_OUTER_BOUND ( 'NONE', #133, .T. ) ;
#1181 = EDGE_CURVE ( 'NONE', #1918, #1479, #943, .T. ) ;
#1182 = DIRECTION ( 'NONE',  ( -1.000000000000000000, 0.000000000000000000, 0.000000000000000000 ) ) ;
#1183 = DIRECTION ( 'NONE',  ( 0.000000000000000000, 0.000000000000000000, 1.000000000000000000 ) ) ;
#1184 = CARTESIAN_POINT ( 'NONE',  ( 52.45999999999997954, 15.00000000000000533, 27.46000000000000085 ) ) ;
#1185 = ORIENTED_EDGE ( 'NONE', *, *, #2, .T. ) ;
#1186 = ORIENTED_EDGE ( 'NONE', *, *, #674, .T. ) ;
#1187 = DIRECTION ( 'NONE',  ( -0.000000000000000000, 1.000000000000000000, -0.000000000000000000 ) ) ;
#1188 = CARTESIAN_POINT ( 'NONE',  ( -35.17000000000001592, 27.03006333144230311, -27.45999999999999019 ) ) ;
#1189 = LINE ( 'NONE', #189, #1478 ) ;
#1190 = CARTESIAN_POINT ( 'NONE',  ( -19.54000000000002757, 39.69999999999999574, 27.46000000000000085 ) ) ;
#1191 = EDGE_CURVE ( 'NONE', #1428, #2077, #1489, .T. ) ;
#1192 = DIRECTION ( 'NONE',  ( 1.000000000000000000, 0.000000000000000000, 0.000000000000000000 ) ) ;
#1193 = ORIENTED_EDGE ( 'NONE', *, *, #975, .F. ) ;
#1194 = ORIENTED_EDGE ( 'NONE', *, *, #1744, .F. ) ;
#1195 = VECTOR ( 'NONE', #1143, 1000.000000000000000 ) ;
#1196 = CARTESIAN_POINT ( 'NONE',  ( 51.45999999999997954, 15.00000000000000533, 27.46000000000000085 ) ) ;
#1197 = AXIS2_PLACEMENT_3D ( 'NONE', #859, #1652, #2002 ) ;
#1198 = VERTEX_POINT ( 'NONE', #598 ) ;
#1199 = CARTESIAN_POINT ( 'NONE',  ( 52.45999999999997954, 15.00000000000000533, 27.46000000000000085 ) ) ;
#1200 = EDGE_CURVE ( 'NONE', #1783, #1637, #775, .T. ) ;
#1201 = DIRECTION ( 'NONE',  ( 1.000000000000000000, 0.000000000000000000, 0.000000000000000000 ) ) ;
#1202 = DIRECTION ( 'NONE',  ( -0.000000000000000000, -0.000000000000000000, -1.000000000000000000 ) ) ;
#1203 = AXIS2_PLACEMENT_3D ( 'NONE', #1970, #502, #1158 ) ;
#1204 = AXIS2_PLACEMENT_3D ( 'NONE', #750, #1537, #59 ) ;
#1205 = CARTESIAN_POINT ( 'NONE',  ( -3.709999999999765929, 16.82923954403117150, -25.45999999999999019 ) ) ;
#1206 = DIRECTION ( 'NONE',  ( 1.000000000000000000, 0.000000000000000000, 0.000000000000000000 ) ) ;
#1207 = EDGE_LOOP ( 'NONE', ( #388, #1883 ) ) ;
#1208 =( GEOMETRIC_REPRESENTATION_CONTEXT ( 3 ) GLOBAL_UNCERTAINTY_ASSIGNED_CONTEXT ( ( #1317 ) ) GLOBAL_UNIT_ASSIGNED_CONTEXT ( ( #337, #2118, #153 ) ) REPRESENTATION_CONTEXT ( 'NONE', 'WORKASPACE' ) );
#1209 = ORIENTED_EDGE ( 'NONE', *, *, #473, .F. ) ;
#1210 = CARTESIAN_POINT ( 'NONE',  ( -19.54000000000003112, 19.69999999999999929, 30.00000000000000355 ) ) ;
#1211 = CARTESIAN_POINT ( 'NONE',  ( 51.45999999999997954, 15.00000000000000533, 23.46000000000000085 ) ) ;
#1212 = DIRECTION ( 'NONE',  ( 0.000000000000000000, 0.000000000000000000, 1.000000000000000000 ) ) ;
#1213 = FACE_OUTER_BOUND ( 'NONE', #1616, .T. ) ;
#1214 = EDGE_CURVE ( 'NONE', #1597, #1503, #1760, .T. ) ;
#1215 = DIRECTION ( 'NONE',  ( 1.000000000000000000, 0.000000000000000000, 0.000000000000000000 ) ) ;
#1216 = EDGE_CURVE ( 'NONE', #2006, #1247, #66, .T. ) ;
#1217 = CARTESIAN_POINT ( 'NONE',  ( -75.00000000000001421, 7.524766660116894101, 5.250000000000009770 ) ) ;
#1218 = ORIENTED_EDGE ( 'NONE', *, *, #861, .T. ) ;
#1219 = ORIENTED_EDGE ( 'NONE', *, *, #1389, .T. ) ;
#1220 = ADVANCED_FACE ( 'NONE', ( #953 ), #355, .T. ) ;
#1221 = EDGE_CURVE ( 'NONE', #1044, #1733, #786, .T. ) ;
#1222 = CARTESIAN_POINT ( 'NONE',  ( -75.00000000000001421, 7.524766660116894101, -5.249999999999991118 ) ) ;
#1223 = ORIENTED_EDGE ( 'NONE', *, *, #1371, .F. ) ;
#1224 = DIRECTION ( 'NONE',  ( -0.000000000000000000, 0.000000000000000000, -1.000000000000000000 ) ) ;
#1225 = CARTESIAN_POINT ( 'NONE',  ( -2.459999999999764597, 16.82923954403117150, -25.45999999999999019 ) ) ;
#1226 = CARTESIAN_POINT ( 'NONE',  ( -19.54000000000002757, 19.69999999999999929, 27.46000000000000085 ) ) ;
#1227 = DIRECTION ( 'NONE',  ( 1.000000000000000000, 0.000000000000000000, 0.000000000000000000 ) ) ;
#1228 = FILL_AREA_STYLE ('',( #2037 ) ) ;
#1229 = EDGE_CURVE ( 'NONE', #633, #96, #1264, .T. ) ;
#1230 = VERTEX_POINT ( 'NONE', #991 ) ;
#1231 = DIRECTION ( 'NONE',  ( -0.000000000000000000, -0.000000000000000000, 1.000000000000000000 ) ) ;
#1232 = EDGE_CURVE ( 'NONE', #1783, #1122, #624, .T. ) ;
#1233 = VERTEX_POINT ( 'NONE', #1150 ) ;
#1234 = DIRECTION ( 'NONE',  ( -0.000000000000000000, -0.000000000000000000, -1.000000000000000000 ) ) ;
#1235 = VECTOR ( 'NONE', #682, 1000.000000000000000 ) ;
#1236 = AXIS2_PLACEMENT_3D ( 'NONE', #1916, #2054, #2075 ) ;
#1237 = CARTESIAN_POINT ( 'NONE',  ( 74.99999999999998579, 0.000000000000000000, -29.99999999999999289 ) ) ;
#1238 = DIRECTION ( 'NONE',  ( -0.000000000000000000, -0.000000000000000000, -1.000000000000000000 ) ) ;
#1239 = AXIS2_PLACEMENT_3D ( 'NONE', #1649, #1345, #521 ) ;
#1240 = DIRECTION ( 'NONE',  ( 1.000000000000000000, 0.000000000000000000, 0.000000000000000000 ) ) ;
#1241 = CIRCLE ( 'NONE', #1165, 3.175000000000005151 ) ;
#1242 = VECTOR ( 'NONE', #849, 1000.000000000000000 ) ;
#1243 = VECTOR ( 'NONE', #1774, 1000.000000000000000 ) ;
#1244 = VERTEX_POINT ( 'NONE', #1643 ) ;
#1245 = ADVANCED_FACE ( 'NONE', ( #170 ), #182, .F. ) ;
#1246 = CARTESIAN_POINT ( 'NONE',  ( -75.00000000000001421, 13.52476666011689410, 5.250000000000009770 ) ) ;
#1247 = VERTEX_POINT ( 'NONE', #1811 ) ;
#1248 = CARTESIAN_POINT ( 'NONE',  ( 54.29000000000024073, 16.82923954403117150, -25.45999999999999019 ) ) ;
#1249 = FACE_BOUND ( 'NONE', #1359, .T. ) ;
#1250 = CARTESIAN_POINT ( 'NONE',  ( -57.76475457404245617, 5.000000000000004441, -4.942657653041636401 ) ) ;
#1251 = EDGE_CURVE ( 'NONE', #2082, #1434, #842, .T. ) ;
#1252 = DIRECTION ( 'NONE',  ( -0.000000000000000000, -0.000000000000000000, -1.000000000000000000 ) ) ;
#1253 = VERTEX_POINT ( 'NONE', #1507 ) ;
#1254 = DIRECTION ( 'NONE',  ( -0.000000000000000000, 0.000000000000000000, -1.000000000000000000 ) ) ;
#1255 = EDGE_LOOP ( 'NONE', ( #1802, #641, #944, #788 ) ) ;
#1256 = PLANE ( 'NONE',  #2016 ) ;
#1257 = EDGE_CURVE ( 'NONE', #662, #710, #884, .T. ) ;
#1258 = LINE ( 'NONE', #403, #1846 ) ;
#1259 = DIRECTION ( 'NONE',  ( 0.000000000000000000, 0.000000000000000000, -1.000000000000000000 ) ) ;
#1260 = VERTEX_POINT ( 'NONE', #1859 ) ;
#1261 = LINE ( 'NONE', #2104, #1852 ) ;
#1262 = EDGE_CURVE ( 'NONE', #1233, #1139, #1344, .T. ) ;
#1263 = EDGE_LOOP ( 'NONE', ( #52, #2009, #763, #692 ) ) ;
#1264 = LINE ( 'NONE', #1451, #1447 ) ;
#1265 = ORIENTED_EDGE ( 'NONE', *, *, #1907, .F. ) ;
#1266 = LINE ( 'NONE', #1884, #300 ) ;
#1267 = LINE ( 'NONE', #80, #577 ) ;
#1268 = DIRECTION ( 'NONE',  ( 1.000000000000000000, 0.000000000000000000, 0.000000000000000000 ) ) ;
#1269 = VECTOR ( 'NONE', #1772, 1000.000000000000000 ) ;
#1270 = ORIENTED_EDGE ( 'NONE', *, *, #98, .F. ) ;
#1271 = EDGE_CURVE ( 'NONE', #1788, #1838, #1072, .T. ) ;
#1272 = AXIS2_PLACEMENT_3D ( 'NONE', #602, #586, #759 ) ;
#1273 = CARTESIAN_POINT ( 'NONE',  ( 52.45999999999997954, 15.00000000000000533, 23.46000000000000085 ) ) ;
#1274 = AXIS2_PLACEMENT_3D ( 'NONE', #23, #1691, #679 ) ;
#1275 = CIRCLE ( 'NONE', #686, 2.499994999999999745 ) ;
#1276 = ORIENTED_EDGE ( 'NONE', *, *, #16, .T. ) ;
#1277 = AXIS2_PLACEMENT_3D ( 'NONE', #1073, #1520, #1206 ) ;
#1278 = VECTOR ( 'NONE', #1071, 1000.000000000000000 ) ;
#1279 = DIRECTION ( 'NONE',  ( -0.000000000000000000, -0.000000000000000000, -1.000000000000000000 ) ) ;
#1280 = ORIENTED_EDGE ( 'NONE', *, *, #1416, .T. ) ;
#1281 = CARTESIAN_POINT ( 'NONE',  ( 72.45999999999997954, 5.000000000000004441, -27.45999999999999019 ) ) ;
#1282 = CARTESIAN_POINT ( 'NONE',  ( -1.209999999999762821, 16.82923954403117150, -25.45999999999999019 ) ) ;
#1283 = DIRECTION ( 'NONE',  ( 0.000000000000000000, 1.000000000000000000, 0.000000000000000000 ) ) ;
#1284 = ORIENTED_EDGE ( 'NONE', *, *, #1085, .F. ) ;
#1285 = DIRECTION ( 'NONE',  ( -1.000000000000000000, 0.000000000000000000, 0.000000000000000000 ) ) ;
#1286 = DIRECTION ( 'NONE',  ( -0.000000000000000000, -0.000000000000000000, 1.000000000000000000 ) ) ;
#1287 = ORIENTED_EDGE ( 'NONE', *, *, #1371, .T. ) ;
#1288 = DIRECTION ( 'NONE',  ( -1.000000000000000000, -0.000000000000000000, -0.000000000000000000 ) ) ;
#1289 = ORIENTED_EDGE ( 'NONE', *, *, #1923, .T. ) ;
#1290 = DIRECTION ( 'NONE',  ( -1.000000000000000000, 0.000000000000000000, 0.000000000000000000 ) ) ;
#1291 = EDGE_CURVE ( 'NONE', #1838, #149, #1833, .T. ) ;
#1292 = CARTESIAN_POINT ( 'NONE',  ( 50.45999999999997954, 15.00000000000000533, 23.46000000000000085 ) ) ;
#1293 = CARTESIAN_POINT ( 'NONE',  ( 0.4599999999999743183, 39.69999999999999574, 27.46000000000000085 ) ) ;
#1294 = ORIENTED_EDGE ( 'NONE', *, *, #1089, .T. ) ;
#1295 = LINE ( 'NONE', #959, #1161 ) ;
#1296 = CARTESIAN_POINT ( 'NONE',  ( -2.459999999999764597, 16.82923954403117150, -27.45999999999999019 ) ) ;
#1297 = ORIENTED_EDGE ( 'NONE', *, *, #782, .T. ) ;
#1298 = ORIENTED_EDGE ( 'NONE', *, *, #1229, .F. ) ;
#1299 = CARTESIAN_POINT ( 'NONE',  ( -72.46000000000000796, 7.524766660116894101, 5.250000000000009770 ) ) ;
#1300 = CARTESIAN_POINT ( 'NONE',  ( -33.17000000000000881, 22.03006333144230666, -27.45999999999999019 ) ) ;
#1301 = EDGE_LOOP ( 'NONE', ( #1633, #1900, #774, #365 ) ) ;
#1302 = DIRECTION ( 'NONE',  ( 0.000000000000000000, 0.000000000000000000, -1.000000000000000000 ) ) ;
#1303 = DIRECTION ( 'NONE',  ( 1.000000000000000000, 0.000000000000000000, -0.000000000000000000 ) ) ;
#1304 = AXIS2_PLACEMENT_3D ( 'NONE', #2063, #1065, #933 ) ;
#1305 = AXIS2_PLACEMENT_3D ( 'NONE', #1931, #1129, #491 ) ;
#1306 = ORIENTED_EDGE ( 'NONE', *, *, #1176, .F. ) ;
#1307 = AXIS2_PLACEMENT_3D ( 'NONE', #1532, #1513, #1837 ) ;
#1308 = EDGE_CURVE ( 'NONE', #666, #1776, #1553, .T. ) ;
#1309 = AXIS2_PLACEMENT_3D ( 'NONE', #1665, #1800, #664 ) ;
#1310 = ORIENTED_EDGE ( 'NONE', *, *, #1631, .T. ) ;
#1311 = LINE ( 'NONE', #2116, #1269 ) ;
#1312 = VECTOR ( 'NONE', #81, 1000.000000000000000 ) ;
#1313 = CARTESIAN_POINT ( 'NONE',  ( -75.00000000000001421, 7.524766660116894101, 5.250000000000009770 ) ) ;
#1314 = DIRECTION ( 'NONE',  ( 0.000000000000000000, 0.000000000000000000, 1.000000000000000000 ) ) ;
#1315 = VERTEX_POINT ( 'NONE', #1528 ) ;
#1316 = VECTOR ( 'NONE', #1259, 1000.000000000000000 ) ;
#1317 = UNCERTAINTY_MEASURE_WITH_UNIT (LENGTH_MEASURE( 1.000000000000000082E-05 ), #337, 'distance_accuracy_value', 'NONE');
#1318 = CARTESIAN_POINT ( 'NONE',  ( -75.00000000000001421, 80.00000000000000000, 30.00000000000000355 ) ) ;
#1319 = CARTESIAN_POINT ( 'NONE',  ( 18.45999999999997243, 15.00000000000000533, 27.46000000000000085 ) ) ;
#1320 = EDGE_CURVE ( 'NONE', #1151, #1122, #733, .T. ) ;
#1321 = EDGE_LOOP ( 'NONE', ( #238, #550, #885, #400 ) ) ;
#1322 = ORIENTED_EDGE ( 'NONE', *, *, #236, .T. ) ;
#1323 = LINE ( 'NONE', #1107, #964 ) ;
#1324 = ORIENTED_EDGE ( 'NONE', *, *, #1320, .T. ) ;
#1325 = DIRECTION ( 'NONE',  ( 0.000000000000000000, 0.000000000000000000, 1.000000000000000000 ) ) ;
#1326 = DIRECTION ( 'NONE',  ( -0.000000000000000000, 1.000000000000000000, 0.000000000000000000 ) ) ;
#1327 = EDGE_CURVE ( 'NONE', #528, #1816, #363, .T. ) ;
#1328 = DIRECTION ( 'NONE',  ( -1.000000000000000000, 0.000000000000000000, 0.000000000000000000 ) ) ;
#1329 = ORIENTED_EDGE ( 'NONE', *, *, #942, .T. ) ;
#1330 = ORIENTED_EDGE ( 'NONE', *, *, #320, .F. ) ;
#1331 = DIRECTION ( 'NONE',  ( 1.000000000000000000, 0.000000000000000000, -0.000000000000000000 ) ) ;
#1332 = ORIENTED_EDGE ( 'NONE', *, *, #999, .T. ) ;
#1333 = EDGE_LOOP ( 'NONE', ( #299, #2061, #932, #793 ) ) ;
#1334 = DIRECTION ( 'NONE',  ( -0.000000000000000000, -0.000000000000000000, -1.000000000000000000 ) ) ;
#1335 = CARTESIAN_POINT ( 'NONE',  ( 0.000000000000000000, 5.000000000000004441, 0.000000000000000000 ) ) ;
#1336 = EDGE_CURVE ( 'NONE', #1104, #1707, #134, .T. ) ;
#1337 = CARTESIAN_POINT ( 'NONE',  ( -2.460000000000003961, 39.82923954403116795, -25.45999999999999019 ) ) ;
#1338 = AXIS2_PLACEMENT_3D ( 'NONE', #367, #227, #694 ) ;
#1339 = ORIENTED_EDGE ( 'NONE', *, *, #934, .F. ) ;
#1340 = AXIS2_PLACEMENT_3D ( 'NONE', #251, #71, #1575 ) ;
#1341 = ORIENTED_EDGE ( 'NONE', *, *, #1089, .F. ) ;
#1342 = AXIS2_PLACEMENT_3D ( 'NONE', #1618, #1463, #661 ) ;
#1343 = EDGE_CURVE ( 'NONE', #528, #1118, #1646, .T. ) ;
#1344 = CIRCLE ( 'NONE', #1277, 1.250000000000001554 ) ;
#1345 = DIRECTION ( 'NONE',  ( 0.000000000000000000, 0.000000000000000000, -1.000000000000000000 ) ) ;
#1346 = CARTESIAN_POINT ( 'NONE',  ( -4.959995000000005483, 39.82923954403116795, -25.45999999999999019 ) ) ;
#1347 = DIRECTION ( 'NONE',  ( -0.000000000000000000, -0.000000000000000000, 1.000000000000000000 ) ) ;
#1348 = DIRECTION ( 'NONE',  ( 1.000000000000000000, 0.000000000000000000, 0.000000000000000000 ) ) ;
#1349 = CARTESIAN_POINT ( 'NONE',  ( 74.99999999999998579, 80.00000000000000000, 30.00000000000000355 ) ) ;
#1350 = ORIENTED_EDGE ( 'NONE', *, *, #2038, .F. ) ;
#1351 = ADVANCED_FACE ( 'NONE', ( #1026 ), #51, .T. ) ;
#1352 = VERTEX_POINT ( 'NONE', #387 ) ;
#1353 = DIRECTION ( 'NONE',  ( -1.000000000000000000, 0.000000000000000000, 0.000000000000000000 ) ) ;
#1354 = DIRECTION ( 'NONE',  ( 1.000000000000000000, 0.000000000000000000, 0.000000000000000000 ) ) ;
#1355 = FACE_BOUND ( 'NONE', #939, .T. ) ;
#1356 = LINE ( 'NONE', #370, #581 ) ;
#1357 = CARTESIAN_POINT ( 'NONE',  ( -19.54000000000002757, 19.69999999999999929, 27.46000000000000085 ) ) ;
#1358 = CARTESIAN_POINT ( 'NONE',  ( 16.45999999999997954, 15.00000000000000533, 27.46000000000000085 ) ) ;
#1359 = EDGE_LOOP ( 'NONE', ( #1223, #993 ) ) ;
#1360 = ORIENTED_EDGE ( 'NONE', *, *, #1467, .T. ) ;
#1361 = EDGE_CURVE ( 'NONE', #889, #800, #407, .T. ) ;
#1362 = LINE ( 'NONE', #13, #409 ) ;
#1363 = FACE_OUTER_BOUND ( 'NONE', #1614, .T. ) ;
#1364 = CARTESIAN_POINT ( 'NONE',  ( -38.17000000000000881, 24.03006333144230666, -25.45999999999999019 ) ) ;
#1365 = FACE_OUTER_BOUND ( 'NONE', #970, .T. ) ;
#1366 = DIRECTION ( 'NONE',  ( 0.000000000000000000, 0.000000000000000000, 1.000000000000000000 ) ) ;
#1367 = CARTESIAN_POINT ( 'NONE',  ( -72.46000000000000796, 5.000000000000004441, -27.45999999999999019 ) ) ;
#1368 = EDGE_LOOP ( 'NONE', ( #431, #1298, #1284, #608 ) ) ;
#1369 = ORIENTED_EDGE ( 'NONE', *, *, #772, .T. ) ;
#1370 = CIRCLE ( 'NONE', #1978, 1.250000000000007994 ) ;
#1371 = EDGE_CURVE ( 'NONE', #852, #966, #1275, .T. ) ;
#1372 = FACE_OUTER_BOUND ( 'NONE', #980, .T. ) ;
#1373 = EDGE_LOOP ( 'NONE', ( #578, #527, #1514, #1193 ) ) ;
#1374 = AXIS2_PLACEMENT_3D ( 'NONE', #1053, #94, #1699 ) ;
#1375 = FACE_BOUND ( 'NONE', #480, .T. ) ;
#1376 = DIRECTION ( 'NONE',  ( 0.000000000000000000, 0.000000000000000000, -1.000000000000000000 ) ) ;
#1377 =( GEOMETRIC_REPRESENTATION_CONTEXT ( 3 ) GLOBAL_UNCERTAINTY_ASSIGNED_CONTEXT ( ( #295 ) ) GLOBAL_UNIT_ASSIGNED_CONTEXT ( ( #19, #1809, #673 ) ) REPRESENTATION_CONTEXT ( 'NONE', 'WORKASPACE' ) );
#1378 = VECTOR ( 'NONE', #1932, 1000.000000000000000 ) ;
#1379 = CARTESIAN_POINT ( 'NONE',  ( 54.28999999999999204, 39.82923954403116795, -27.45999999999999019 ) ) ;
#1380 = DIRECTION ( 'NONE',  ( 0.000000000000000000, 0.000000000000000000, -1.000000000000000000 ) ) ;
#1381 = EDGE_LOOP ( 'NONE', ( #312, #2072 ) ) ;
#1382 = EDGE_CURVE ( 'NONE', #1253, #1749, #1241, .T. ) ;
#1383 = VERTEX_POINT ( 'NONE', #557 ) ;
#1384 = FACE_OUTER_BOUND ( 'NONE', #1563, .T. ) ;
#1385 = EDGE_LOOP ( 'NONE', ( #1936, #1850 ) ) ;
#1386 = ORIENTED_EDGE ( 'NONE', *, *, #1686, .T. ) ;
#1387 = FACE_OUTER_BOUND ( 'NONE', #485, .T. ) ;
#1388 = DIRECTION ( 'NONE',  ( 1.000000000000000000, 0.000000000000000000, 0.000000000000000000 ) ) ;
#1389 = EDGE_CURVE ( 'NONE', #761, #1007, #897, .T. ) ;
#1390 = CARTESIAN_POINT ( 'NONE',  ( 72.45999999999997954, 80.00000000000000000, 27.46000000000000085 ) ) ;
#1391 = CARTESIAN_POINT ( 'NONE',  ( -2.540000000000014246, 0.000000000000000000, 4.999999999999997335 ) ) ;
#1392 = ADVANCED_FACE ( 'NONE', ( #203 ), #41, .F. ) ;
#1393 = EDGE_LOOP ( 'NONE', ( #1804, #266 ) ) ;
#1394 = DIRECTION ( 'NONE',  ( 1.000000000000000000, 0.000000000000000000, 0.000000000000000000 ) ) ;
#1395 = ORIENTED_EDGE ( 'NONE', *, *, #36, .F. ) ;
#1396 = FACE_OUTER_BOUND ( 'NONE', #474, .T. ) ;
#1397 = DIRECTION ( 'NONE',  ( 0.000000000000000000, -0.000000000000000000, -1.000000000000000000 ) ) ;
#1398 = CARTESIAN_POINT ( 'NONE',  ( 0.4599999999999743183, 39.69999999999999574, 30.00000000000000355 ) ) ;
#1399 = EDGE_CURVE ( 'NONE', #499, #454, #1512, .T. ) ;
#1400 = FACE_OUTER_BOUND ( 'NONE', #928, .T. ) ;
#1401 = MANIFOLD_SOLID_BREP ( 'Cut-Extrude6', #1440 ) ;
#1402 = VERTEX_POINT ( 'NONE', #1664 ) ;
#1403 = LINE ( 'NONE', #414, #894 ) ;
#1404 = ORIENTED_EDGE ( 'NONE', *, *, #352, .F. ) ;
#1405 = DIRECTION ( 'NONE',  ( -0.000000000000000000, -1.000000000000000000, -0.000000000000000000 ) ) ;
#1406 = CIRCLE ( 'NONE', #1775, 2.000000000000001776 ) ;
#1407 = ADVANCED_FACE ( 'NONE', ( #515 ), #697, .F. ) ;
#1408 = VECTOR ( 'NONE', #1123, 1000.000000000000000 ) ;
#1409 = FACE_BOUND ( 'NONE', #1381, .T. ) ;
#1410 = CARTESIAN_POINT ( 'NONE',  ( 55.54000000000024073, 16.82923954403117150, -27.45999999999999019 ) ) ;
#1411 = AXIS2_PLACEMENT_3D ( 'NONE', #823, #778, #283 ) ;
#1412 = DIRECTION ( 'NONE',  ( -0.000000000000000000, 1.000000000000000000, -0.000000000000000000 ) ) ;
#1413 = VECTOR ( 'NONE', #1380, 1000.000000000000000 ) ;
#1414 = VECTOR ( 'NONE', #762, 1000.000000000000000 ) ;
#1415 = ORIENTED_EDGE ( 'NONE', *, *, #1085, .T. ) ;
#1416 = EDGE_CURVE ( 'NONE', #1100, #1793, #245, .T. ) ;
#1417 = CARTESIAN_POINT ( 'NONE',  ( 0.03999500000023561985, 16.82923954403117150, -25.45999999999999019 ) ) ;
#1418 = ORIENTED_EDGE ( 'NONE', *, *, #817, .T. ) ;
#1419 = CARTESIAN_POINT ( 'NONE',  ( 58.03999500000023914, 16.82923954403117150, -25.45999999999999019 ) ) ;
#1420 = ADVANCED_FACE ( 'NONE', ( #1400 ), #1049, .F. ) ;
#1421 = FACE_OUTER_BOUND ( 'NONE', #44, .T. ) ;
#1422 = DIRECTION ( 'NONE',  ( -0.000000000000000000, -0.000000000000000000, -1.000000000000000000 ) ) ;
#1423 = ORIENTED_EDGE ( 'NONE', *, *, #175, .F. ) ;
#1424 = LINE ( 'NONE', #1734, #790 ) ;
#1425 = ORIENTED_EDGE ( 'NONE', *, *, #1473, .F. ) ;
#1426 = EDGE_CURVE ( 'NONE', #629, #1783, #420, .T. ) ;
#1427 = DIRECTION ( 'NONE',  ( 1.000000000000000000, 1.734723475976807094E-16, -0.000000000000000000 ) ) ;
#1428 = VERTEX_POINT ( 'NONE', #1058 ) ;
#1429 = CARTESIAN_POINT ( 'NONE',  ( -2.540000000000014246, 5.000000000000004441, 1.824999999999992406 ) ) ;
#1430 = FACE_BOUND ( 'NONE', #1207, .T. ) ;
#1431 = CARTESIAN_POINT ( 'NONE',  ( 0.000000000000000000, 5.000000000000004441, 0.000000000000000000 ) ) ;
#1432 = EDGE_LOOP ( 'NONE', ( #1096, #322, #122, #784 ) ) ;
#1433 = DIRECTION ( 'NONE',  ( -1.000000000000000000, -0.000000000000000000, -0.000000000000000000 ) ) ;
#1434 = VERTEX_POINT ( 'NONE', #907 ) ;
#1435 = DIRECTION ( 'NONE',  ( -0.000000000000000000, -0.000000000000000000, -1.000000000000000000 ) ) ;
#1436 = VERTEX_POINT ( 'NONE', #1390 ) ;
#1437 = FACE_OUTER_BOUND ( 'NONE', #1333, .T. ) ;
#1438 = CARTESIAN_POINT ( 'NONE',  ( -33.17000000000000881, 22.03006333144230666, -25.45999999999999019 ) ) ;
#1439 = DIRECTION ( 'NONE',  ( -0.000000000000000000, 1.000000000000000000, -0.000000000000000000 ) ) ;
#1440 = CLOSED_SHELL ( 'NONE', ( #700, #83, #1620, #324, #637, #75, #924, #1351, #764, #323, #419, #185, #1392, #1759, #677, #536, #1753, #244, #1845, #268, #623, #1671, #135, #1836, #1708, #1149, #1716, #493, #1814, #1152, #688, #601, #1858, #1067, #607, #2067, #390, #334, #2059, #832, #990, #2013, #164, #1043, #107, #729, #1591, #887, #946, #159, #1245, #1550, #179, #1037, #1220, #1009, #1902, #952, #810, #718, #1407, #743, #140, #1748, #436, #1019, #193, #1420, #644, #303, #1690, #2089, #241, #1972 ) ) ;
#1441 = EDGE_LOOP ( 'NONE', ( #595, #1909, #1985, #32 ) ) ;
#1442 = PRODUCT_DEFINITION_CONTEXT ( 'detailed design', #136, 'design' ) ;
#1443 = CIRCLE ( 'NONE', #646, 2.000000000000001776 ) ;
#1444 = CARTESIAN_POINT ( 'NONE',  ( 55.54000000000024073, 16.82923954403117150, -27.45999999999999019 ) ) ;
#1445 = DIRECTION ( 'NONE',  ( -0.000000000000000000, -0.000000000000000000, 1.000000000000000000 ) ) ;
#1446 = VECTOR ( 'NONE', #1601, 1000.000000000000000 ) ;
#1447 = VECTOR ( 'NONE', #1288, 1000.000000000000000 ) ;
#1448 = EDGE_CURVE ( 'NONE', #1637, #1135, #73, .T. ) ;
#1449 = EDGE_LOOP ( 'NONE', ( #382, #1132, #771, #833 ) ) ;
#1450 = CIRCLE ( 'NONE', #347, 1.250000000000001110 ) ;
#1451 = CARTESIAN_POINT ( 'NONE',  ( -72.46000000000000796, 13.52476666011689410, -5.249999999999991118 ) ) ;
#1452 = EDGE_LOOP ( 'NONE', ( #14, #1469, #2095, #1590 ) ) ;
#1453 = DIRECTION ( 'NONE',  ( 0.000000000000000000, -1.000000000000000000, 0.000000000000000000 ) ) ;
#1454 = CARTESIAN_POINT ( 'NONE',  ( 17.45999999999997598, 15.00000000000000533, 27.46000000000000085 ) ) ;
#1455 = CYLINDRICAL_SURFACE ( 'NONE', #2094, 2.499994999999999745 ) ;
#1456 = ORIENTED_EDGE ( 'NONE', *, *, #1389, .F. ) ;
#1457 = CARTESIAN_POINT ( 'NONE',  ( -60.26475457404245617, 15.00000000000000533, -2.442657653041635513 ) ) ;
#1458 = DIRECTION ( 'NONE',  ( 1.000000000000000000, 0.000000000000000000, 0.000000000000000000 ) ) ;
#1459 = EDGE_CURVE ( 'NONE', #78, #1735, #1695, .T. ) ;
#1460 = ORIENTED_EDGE ( 'NONE', *, *, #1214, .T. ) ;
#1461 = ORIENTED_EDGE ( 'NONE', *, *, #566, .F. ) ;
#1462 = CARTESIAN_POINT ( 'NONE',  ( -75.00000000000001421, 80.00000000000000000, 30.00000000000000355 ) ) ;
#1463 = DIRECTION ( 'NONE',  ( -0.000000000000000000, 0.000000000000000000, -1.000000000000000000 ) ) ;
#1464 = EDGE_LOOP ( 'NONE', ( #727, #246, #1600, #1945 ) ) ;
#1465 = FACE_OUTER_BOUND ( 'NONE', #1623, .T. ) ;
#1466 = CYLINDRICAL_SURFACE ( 'NONE', #687, 2.499995000000001522 ) ;
#1467 = EDGE_CURVE ( 'NONE', #889, #289, #1841, .T. ) ;
#1468 = ORIENTED_EDGE ( 'NONE', *, *, #1530, .T. ) ;
#1469 = ORIENTED_EDGE ( 'NONE', *, *, #1861, .T. ) ;
#1470 = DIRECTION ( 'NONE',  ( -1.000000000000000000, 0.000000000000000000, 0.000000000000000000 ) ) ;
#1471 = CARTESIAN_POINT ( 'NONE',  ( 9.735245425957550935, 15.00000000000000533, -22.44265765304163551 ) ) ;
#1472 = APPLICATION_PROTOCOL_DEFINITION ( 'draft international standard', 'automotive_design', 1998, #504 ) ;
#1473 = EDGE_CURVE ( 'NONE', #158, #224, #2020, .T. ) ;
#1474 = ORIENTED_EDGE ( 'NONE', *, *, #1781, .F. ) ;
#1475 = CARTESIAN_POINT ( 'NONE',  ( 56.79000000000000625, 39.82923954403116795, -27.45999999999999019 ) ) ;
#1476 = CARTESIAN_POINT ( 'NONE',  ( 7.235245425957550047, 15.00000000000000533, -4.942657653041636401 ) ) ;
#1477 = AXIS2_PLACEMENT_3D ( 'NONE', #302, #1453, #487 ) ;
#1478 = VECTOR ( 'NONE', #531, 1000.000000000000000 ) ;
#1479 = VERTEX_POINT ( 'NONE', #386 ) ;
#1480 = ORIENTED_EDGE ( 'NONE', *, *, #1013, .F. ) ;
#1481 = EDGE_CURVE ( 'NONE', #149, #118, #1134, .T. ) ;
#1482 = DIRECTION ( 'NONE',  ( 1.000000000000000000, 0.000000000000000000, 0.000000000000000000 ) ) ;
#1483 = AXIS2_PLACEMENT_3D ( 'NONE', #1857, #1704, #2057 ) ;
#1484 = DIRECTION ( 'NONE',  ( -0.000000000000000000, -0.000000000000000000, 1.000000000000000000 ) ) ;
#1485 = ORIENTED_EDGE ( 'NONE', *, *, #876, .F. ) ;
#1486 = EDGE_CURVE ( 'NONE', #1898, #53, #205, .T. ) ;
#1487 = CARTESIAN_POINT ( 'NONE',  ( -2.460000000000003961, 39.82923954403116795, -25.45999999999999019 ) ) ;
#1488 = CARTESIAN_POINT ( 'NONE',  ( 0.4599999999999743183, 39.69999999999999574, 27.46000000000000085 ) ) ;
#1489 = LINE ( 'NONE', #1006, #446 ) ;
#1490 = ORIENTED_EDGE ( 'NONE', *, *, #572, .T. ) ;
#1491 = EDGE_LOOP ( 'NONE', ( #192, #1294, #1310, #281 ) ) ;
#1492 = EDGE_CURVE ( 'NONE', #1500, #753, #1679, .T. ) ;
#1493 = LINE ( 'NONE', #1501, #510 ) ;
#1494 = ORIENTED_EDGE ( 'NONE', *, *, #1907, .T. ) ;
#1495 = ORIENTED_EDGE ( 'NONE', *, *, #264, .F. ) ;
#1496 = CARTESIAN_POINT ( 'NONE',  ( 74.99999999999998579, 80.00000000000000000, 30.00000000000000355 ) ) ;
#1497 = FACE_BOUND ( 'NONE', #1893, .T. ) ;
#1498 = CARTESIAN_POINT ( 'NONE',  ( -19.54000000000002757, 19.69999999999999929, 27.46000000000000085 ) ) ;
#1499 = EDGE_LOOP ( 'NONE', ( #452, #1766, #520, #1456 ) ) ;
#1500 = VERTEX_POINT ( 'NONE', #1205 ) ;
#1501 = CARTESIAN_POINT ( 'NONE',  ( -57.76475457404245617, 5.000000000000004441, -19.94265765304163551 ) ) ;
#1502 = CARTESIAN_POINT ( 'NONE',  ( 9.735245425957550935, 15.00000000000000533, -2.442657653041635513 ) ) ;
#1503 = VERTEX_POINT ( 'NONE', #915 ) ;
#1504 = CYLINDRICAL_SURFACE ( 'NONE', #818, 1.000000000000000888 ) ;
#1505 = CARTESIAN_POINT ( 'NONE',  ( 7.235245425957548271, 15.00000000000000533, -19.94265765304163551 ) ) ;
#1506 = CARTESIAN_POINT ( 'NONE',  ( -35.17000000000000881, 24.03006333144230666, -25.45999999999999019 ) ) ;
#1507 = CARTESIAN_POINT ( 'NONE',  ( -2.540000000000014246, 0.000000000000000000, 8.175000000000002487 ) ) ;
#1508 = ORIENTED_EDGE ( 'NONE', *, *, #572, .F. ) ;
#1509 = EDGE_CURVE ( 'NONE', #562, #1812, #588, .T. ) ;
#1510 = ORIENTED_EDGE ( 'NONE', *, *, #519, .T. ) ;
#1511 = CIRCLE ( 'NONE', #1578, 1.250000000000001554 ) ;
#1512 = CIRCLE ( 'NONE', #929, 1.000000000000000888 ) ;
#1513 = DIRECTION ( 'NONE',  ( 0.000000000000000000, 0.000000000000000000, 1.000000000000000000 ) ) ;
#1514 = ORIENTED_EDGE ( 'NONE', *, *, #456, .T. ) ;
#1515 = LINE ( 'NONE', #1188, #25 ) ;
#1516 = VECTOR ( 'NONE', #532, 1000.000000000000000 ) ;
#1517 = PLANE ( 'NONE',  #166 ) ;
#1518 = LINE ( 'NONE', #200, #2127 ) ;
#1519 = AXIS2_PLACEMENT_3D ( 'NONE', #957, #2076, #427 ) ;
#1520 = DIRECTION ( 'NONE',  ( 0.000000000000000000, 0.000000000000000000, 1.000000000000000000 ) ) ;
#1521 = ORIENTED_EDGE ( 'NONE', *, *, #2007, .T. ) ;
#1522 = EDGE_LOOP ( 'NONE', ( #1054, #535, #1797, #396 ) ) ;
#1523 = CARTESIAN_POINT ( 'NONE',  ( 0.03999499999999710231, 39.82923954403116795, -25.45999999999999019 ) ) ;
#1524 = CYLINDRICAL_SURFACE ( 'NONE', #92, 2.499994999999999745 ) ;
#1525 = CARTESIAN_POINT ( 'NONE',  ( 55.53999999999999915, 39.82923954403116795, -27.45999999999999019 ) ) ;
#1526 = CARTESIAN_POINT ( 'NONE',  ( -33.17000000000000881, 22.03006333144230666, -25.45999999999999019 ) ) ;
#1527 = DIRECTION ( 'NONE',  ( -1.000000000000000000, 0.000000000000000000, 0.000000000000000000 ) ) ;
#1528 = CARTESIAN_POINT ( 'NONE',  ( -60.26475457404245617, 5.000000000000004441, -2.442657653041635513 ) ) ;
#1529 = EDGE_LOOP ( 'NONE', ( #1729, #1644, #1584, #1510 ) ) ;
#1530 = EDGE_CURVE ( 'NONE', #235, #307, #1004, .T. ) ;
#1531 = ORIENTED_EDGE ( 'NONE', *, *, #175, .T. ) ;
#1532 = CARTESIAN_POINT ( 'NONE',  ( 55.53999999999999915, 39.82923954403116795, -25.45999999999999019 ) ) ;
#1533 = DIRECTION ( 'NONE',  ( 0.000000000000000000, 0.000000000000000000, 1.000000000000000000 ) ) ;
#1534 = EDGE_CURVE ( 'NONE', #1788, #118, #220, .T. ) ;
#1535 = DIRECTION ( 'NONE',  ( 0.000000000000000000, 0.000000000000000000, 1.000000000000000000 ) ) ;
#1536 = CARTESIAN_POINT ( 'NONE',  ( -1.210000000000002407, 39.82923954403116795, -25.45999999999999019 ) ) ;
#1537 = DIRECTION ( 'NONE',  ( 0.000000000000000000, -1.000000000000000000, 0.000000000000000000 ) ) ;
#1538 = DIRECTION ( 'NONE',  ( -1.000000000000000000, -1.734723475976805517E-15, 0.000000000000000000 ) ) ;
#1539 = ORIENTED_EDGE ( 'NONE', *, *, #653, .F. ) ;
#1540 = AXIS2_PLACEMENT_3D ( 'NONE', #272, #1105, #282 ) ;
#1541 = ORIENTED_EDGE ( 'NONE', *, *, #1989, .F. ) ;
#1542 = CIRCLE ( 'NONE', #1608, 1.000000000000000888 ) ;
#1543 = DIRECTION ( 'NONE',  ( -1.000000000000000000, 0.000000000000000000, 0.000000000000000000 ) ) ;
#1544 = VECTOR ( 'NONE', #1231, 1000.000000000000000 ) ;
#1545 = ORIENTED_EDGE ( 'NONE', *, *, #1232, .F. ) ;
#1546 = CARTESIAN_POINT ( 'NONE',  ( -75.00000000000001421, 13.52476666011689410, -5.249999999999991118 ) ) ;
#1547 = VECTOR ( 'NONE', #442, 1000.000000000000000 ) ;
#1548 = CYLINDRICAL_SURFACE ( 'NONE', #1915, 1.250000000000001554 ) ;
#1549 = FACE_BOUND ( 'NONE', #712, .T. ) ;
#1550 = ADVANCED_FACE ( 'NONE', ( #91 ), #1552, .F. ) ;
#1551 = AXIS2_PLACEMENT_3D ( 'NONE', #58, #1376, #2035 ) ;
#1552 = PLANE ( 'NONE',  #1204 ) ;
#1553 = LINE ( 'NONE', #1367, #1813 ) ;
#1554 = EDGE_LOOP ( 'NONE', ( #375, #1572 ) ) ;
#1555 = CARTESIAN_POINT ( 'NONE',  ( -35.17000000000001592, 27.03006333144230311, -27.45999999999999019 ) ) ;
#1556 = ORIENTED_EDGE ( 'NONE', *, *, #1399, .T. ) ;
#1557 = DIRECTION ( 'NONE',  ( 0.000000000000000000, 0.000000000000000000, -1.000000000000000000 ) ) ;
#1558 = EDGE_CURVE ( 'NONE', #1383, #106, #372, .T. ) ;
#1559 = DIRECTION ( 'NONE',  ( -1.000000000000000000, 0.000000000000000000, 0.000000000000000000 ) ) ;
#1560 = CARTESIAN_POINT ( 'NONE',  ( -72.46000000000000796, 7.524766660116894101, 5.250000000000009770 ) ) ;
#1561 = CARTESIAN_POINT ( 'NONE',  ( -60.26475457404245617, 15.00000000000000533, -22.44265765304163551 ) ) ;
#1562 = EDGE_CURVE ( 'NONE', #76, #1479, #719, .T. ) ;
#1563 = EDGE_LOOP ( 'NONE', ( #1801, #1490 ) ) ;
#1564 = CARTESIAN_POINT ( 'NONE',  ( 52.45999999999997954, 15.00000000000000533, 23.46000000000000085 ) ) ;
#1565 = ORIENTED_EDGE ( 'NONE', *, *, #1271, .F. ) ;
#1566 = CARTESIAN_POINT ( 'NONE',  ( 53.04000500000024232, 16.82923954403117150, -27.45999999999999019 ) ) ;
#1567 = CARTESIAN_POINT ( 'NONE',  ( 55.53999999999999915, 39.82923954403116795, -25.45999999999999019 ) ) ;
#1568 = CARTESIAN_POINT ( 'NONE',  ( 72.45999999999997954, 80.00000000000000000, -27.45999999999999019 ) ) ;
#1569 = CARTESIAN_POINT ( 'NONE',  ( -2.460000000000003961, 39.82923954403116795, -27.45999999999999019 ) ) ;
#1570 = EDGE_LOOP ( 'NONE', ( #1847, #875 ) ) ;
#1571 = FACE_OUTER_BOUND ( 'NONE', #1689, .T. ) ;
#1572 = ORIENTED_EDGE ( 'NONE', *, *, #767, .T. ) ;
#1573 = CARTESIAN_POINT ( 'NONE',  ( -72.46000000000000796, 13.52476666011689410, -5.249999999999991118 ) ) ;
#1574 = VECTOR ( 'NONE', #1334, 1000.000000000000000 ) ;
#1575 = DIRECTION ( 'NONE',  ( 1.000000000000000000, 0.000000000000000000, 0.000000000000000000 ) ) ;
#1576 = DIRECTION ( 'NONE',  ( -1.156482317317871478E-16, 0.000000000000000000, -1.000000000000000000 ) ) ;
#1577 = ORIENTED_EDGE ( 'NONE', *, *, #1146, .T. ) ;
#1578 = AXIS2_PLACEMENT_3D ( 'NONE', #5, #447, #144 ) ;
#1579 = DIRECTION ( 'NONE',  ( -0.000000000000000000, 0.000000000000000000, 1.000000000000000000 ) ) ;
#1580 = STYLED_ITEM ( 'NONE', ( #1025 ), #1401 ) ;
#1581 = CIRCLE ( 'NONE', #1889, 1.250000000000001554 ) ;
#1582 = VERTEX_POINT ( 'NONE', #1379 ) ;
#1583 = LINE ( 'NONE', #1222, #752 ) ;
#1584 = ORIENTED_EDGE ( 'NONE', *, *, #1251, .F. ) ;
#1585 = FACE_OUTER_BOUND ( 'NONE', #2058, .T. ) ;
#1586 = DIRECTION ( 'NONE',  ( -1.000000000000000000, 0.000000000000000000, 0.000000000000000000 ) ) ;
#1587 = CARTESIAN_POINT ( 'NONE',  ( 56.79000000000024073, 16.82923954403117150, -27.45999999999999019 ) ) ;
#1588 = ORIENTED_EDGE ( 'NONE', *, *, #652, .T. ) ;
#1589 = LINE ( 'NONE', #114, #1414 ) ;
#1590 = ORIENTED_EDGE ( 'NONE', *, *, #1191, .T. ) ;
#1591 = ADVANCED_FACE ( 'NONE', ( #2027 ), #556, .F. ) ;
#1592 = LINE ( 'NONE', #1498, #1446 ) ;
#1593 = ORIENTED_EDGE ( 'NONE', *, *, #1635, .F. ) ;
#1594 = DIRECTION ( 'NONE',  ( 1.000000000000000000, -0.000000000000000000, 0.000000000000000000 ) ) ;
#1595 = DIRECTION ( 'NONE',  ( -1.000000000000000000, 0.000000000000000000, 0.000000000000000000 ) ) ;
#1596 = DIRECTION ( 'NONE',  ( 0.000000000000000000, 0.000000000000000000, 1.000000000000000000 ) ) ;
#1597 = VERTEX_POINT ( 'NONE', #1120 ) ;
#1598 = EDGE_CURVE ( 'NONE', #800, #669, #1589, .T. ) ;
#1599 = DIRECTION ( 'NONE',  ( 1.000000000000000000, 0.000000000000000000, 0.000000000000000000 ) ) ;
#1600 = ORIENTED_EDGE ( 'NONE', *, *, #402, .T. ) ;
#1601 = DIRECTION ( 'NONE',  ( -0.000000000000000000, -0.000000000000000000, 1.000000000000000000 ) ) ;
#1602 = ORIENTED_EDGE ( 'NONE', *, *, #942, .F. ) ;
#1603 = CARTESIAN_POINT ( 'NONE',  ( -57.76475457404245617, 5.000000000000004441, -19.94265765304163551 ) ) ;
#1604 = CARTESIAN_POINT ( 'NONE',  ( 55.53999999999999915, 39.82923954403116795, -25.45999999999999019 ) ) ;
#1605 = CARTESIAN_POINT ( 'NONE',  ( 17.45999999999997598, 15.00000000000000533, 27.46000000000000085 ) ) ;
#1606 = VECTOR ( 'NONE', #1692, 1000.000000000000000 ) ;
#1607 = ORIENTED_EDGE ( 'NONE', *, *, #935, .T. ) ;
#1608 = AXIS2_PLACEMENT_3D ( 'NONE', #2122, #297, #654 ) ;
#1609 = DIRECTION ( 'NONE',  ( 1.000000000000000000, 0.000000000000000000, 0.000000000000000000 ) ) ;
#1610 = VECTOR ( 'NONE', #1045, 1000.000000000000000 ) ;
#1611 = EDGE_CURVE ( 'NONE', #954, #1230, #1581, .T. ) ;
#1612 = VECTOR ( 'NONE', #721, 1000.000000000000000 ) ;
#1613 = EDGE_CURVE ( 'NONE', #423, #1436, #1424, .T. ) ;
#1614 = EDGE_LOOP ( 'NONE', ( #2029, #1474, #62, #1737 ) ) ;
#1615 = CIRCLE ( 'NONE', #863, 1.250000000000001554 ) ;
#1616 = EDGE_LOOP ( 'NONE', ( #1153, #1404, #558, #757 ) ) ;
#1617 = LINE ( 'NONE', #1136, #1408 ) ;
#1618 = CARTESIAN_POINT ( 'NONE',  ( 72.45999999999997954, 5.000000000000004441, -27.45999999999999019 ) ) ;
#1619 = ORIENTED_EDGE ( 'NONE', *, *, #402, .F. ) ;
#1620 = ADVANCED_FACE ( 'NONE', ( #605 ), #940, .T. ) ;
#1621 = DIRECTION ( 'NONE',  ( -1.000000000000000000, 0.000000000000000000, 0.000000000000000000 ) ) ;
#1622 = DIRECTION ( 'NONE',  ( 0.000000000000000000, 0.000000000000000000, 1.000000000000000000 ) ) ;
#1623 = EDGE_LOOP ( 'NONE', ( #591, #886, #285, #505 ) ) ;
#1624 = EDGE_CURVE ( 'NONE', #753, #1500, #1615, .T. ) ;
#1625 = ORIENTED_EDGE ( 'NONE', *, *, #1635, .T. ) ;
#1626 = LINE ( 'NONE', #1462, #335 ) ;
#1627 = LINE ( 'NONE', #615, #822 ) ;
#1628 = ORIENTED_EDGE ( 'NONE', *, *, #1459, .F. ) ;
#1629 = DIRECTION ( 'NONE',  ( -1.000000000000000000, 0.000000000000000000, 0.000000000000000000 ) ) ;
#1630 = DIRECTION ( 'NONE',  ( 0.000000000000000000, 0.000000000000000000, 1.000000000000000000 ) ) ;
#1631 = EDGE_CURVE ( 'NONE', #1402, #429, #1943, .T. ) ;
#1632 = ORIENTED_EDGE ( 'NONE', *, *, #548, .T. ) ;
#1633 = ORIENTED_EDGE ( 'NONE', *, *, #1744, .T. ) ;
#1634 = DIRECTION ( 'NONE',  ( -0.000000000000000000, -0.000000000000000000, 1.000000000000000000 ) ) ;
#1635 = EDGE_CURVE ( 'NONE', #889, #1383, #124, .T. ) ;
#1636 = CARTESIAN_POINT ( 'NONE',  ( -57.76475457404245617, 15.00000000000000533, -4.942657653041636401 ) ) ;
#1637 = VERTEX_POINT ( 'NONE', #1098 ) ;
#1638 = AXIS2_PLACEMENT_3D ( 'NONE', #1093, #1234, #919 ) ;
#1639 = PLANE ( 'NONE',  #61 ) ;
#1640 = CARTESIAN_POINT ( 'NONE',  ( 54.45999999999997954, 15.00000000000000533, 27.46000000000000085 ) ) ;
#1641 = AXIS2_PLACEMENT_3D ( 'NONE', #47, #197, #1533 ) ;
#1642 = CIRCLE ( 'NONE', #441, 3.175000000000005151 ) ;
#1643 = CARTESIAN_POINT ( 'NONE',  ( 54.29000000000024073, 16.82923954403117150, -27.45999999999999019 ) ) ;
#1644 = ORIENTED_EDGE ( 'NONE', *, *, #223, .F. ) ;
#1645 = AXIS2_PLACEMENT_3D ( 'NONE', #108, #1254, #1728 ) ;
#1646 = CIRCLE ( 'NONE', #412, 2.000000000000003553 ) ;
#1647 = ORIENTED_EDGE ( 'NONE', *, *, #834, .F. ) ;
#1648 = AXIS2_PLACEMENT_3D ( 'NONE', #1807, #1140, #815 ) ;
#1649 = CARTESIAN_POINT ( 'NONE',  ( 52.45999999999997954, 15.00000000000000533, 27.46000000000000085 ) ) ;
#1650 = CARTESIAN_POINT ( 'NONE',  ( 15.45999999999997243, 15.00000000000000533, 23.46000000000000085 ) ) ;
#1651 = ORIENTED_EDGE ( 'NONE', *, *, #1908, .T. ) ;
#1652 = DIRECTION ( 'NONE',  ( -0.000000000000000000, -0.000000000000000000, -1.000000000000000000 ) ) ;
#1653 = DIRECTION ( 'NONE',  ( -0.000000000000000000, 1.000000000000000000, -0.000000000000000000 ) ) ;
#1654 = SURFACE_STYLE_USAGE ( .BOTH. , #689 ) ;
#1655 = DIRECTION ( 'NONE',  ( 0.000000000000000000, 0.000000000000000000, 1.000000000000000000 ) ) ;
#1656 = ORIENTED_EDGE ( 'NONE', *, *, #2074, .F. ) ;
#1657 = ORIENTED_EDGE ( 'NONE', *, *, #2109, .T. ) ;
#1658 = EDGE_CURVE ( 'NONE', #1835, #1828, #960, .T. ) ;
#1659 = LINE ( 'NONE', #186, #30 ) ;
#1660 = CARTESIAN_POINT ( 'NONE',  ( -1.209999999999762821, 16.82923954403117150, -25.45999999999999019 ) ) ;
#1661 = DIRECTION ( 'NONE',  ( 0.000000000000000000, 0.000000000000000000, 1.000000000000000000 ) ) ;
#1662 = CARTESIAN_POINT ( 'NONE',  ( 19.45999999999997598, 15.00000000000000533, 27.46000000000000085 ) ) ;
#1663 = EDGE_CURVE ( 'NONE', #1118, #528, #450, .T. ) ;
#1664 = CARTESIAN_POINT ( 'NONE',  ( -75.00000000000001421, 80.00000000000000000, -29.99999999999999289 ) ) ;
#1665 = CARTESIAN_POINT ( 'NONE',  ( 52.45999999999997954, 15.00000000000000533, 23.46000000000000085 ) ) ;
#1666 = ORIENTED_EDGE ( 'NONE', *, *, #1013, .T. ) ;
#1667 = ORIENTED_EDGE ( 'NONE', *, *, #1940, .F. ) ;
#1668 = CARTESIAN_POINT ( 'NONE',  ( 0.03999500000023561985, 16.82923954403117150, -27.45999999999999019 ) ) ;
#1669 = ORIENTED_EDGE ( 'NONE', *, *, #795, .T. ) ;
#1670 = DIRECTION ( 'NONE',  ( -0.000000000000000000, -0.000000000000000000, -1.000000000000000000 ) ) ;
#1671 = ADVANCED_FACE ( 'NONE', ( #138, #797, #286, #950 ), #1919, .F. ) ;
#1672 = FACE_OUTER_BOUND ( 'NONE', #1529, .T. ) ;
#1673 = CARTESIAN_POINT ( 'NONE',  ( -72.46000000000000796, 80.00000000000000000, -27.45999999999999019 ) ) ;
#1674 = CARTESIAN_POINT ( 'NONE',  ( 55.54000000000024073, 16.82923954403117150, -25.45999999999999019 ) ) ;
#1675 = ORIENTED_EDGE ( 'NONE', *, *, #879, .T. ) ;
#1676 = CIRCLE ( 'NONE', #508, 2.499995000000001077 ) ;
#1677 = ORIENTED_EDGE ( 'NONE', *, *, #1459, .T. ) ;
#1678 = CIRCLE ( 'NONE', #2050, 1.250000000000001554 ) ;
#1679 = CIRCLE ( 'NONE', #139, 1.250000000000001554 ) ;
#1680 = DIRECTION ( 'NONE',  ( 0.000000000000000000, 0.000000000000000000, 1.000000000000000000 ) ) ;
#1681 = FACE_BOUND ( 'NONE', #1711, .T. ) ;
#1682 = LINE ( 'NONE', #1364, #1574 ) ;
#1683 = CYLINDRICAL_SURFACE ( 'NONE', #614, 1.000000000000000888 ) ;
#1684 = EDGE_CURVE ( 'NONE', #1707, #852, #1757, .T. ) ;
#1685 = DIRECTION ( 'NONE',  ( -0.000000000000000000, -0.000000000000000000, 1.000000000000000000 ) ) ;
#1686 = EDGE_CURVE ( 'NONE', #710, #78, #1261, .T. ) ;
#1687 = DIRECTION ( 'NONE',  ( -1.000000000000000000, 0.000000000000000000, 0.000000000000000000 ) ) ;
#1688 = ORIENTED_EDGE ( 'NONE', *, *, #1989, .T. ) ;
#1689 = EDGE_LOOP ( 'NONE', ( #2019, #807, #1142, #141 ) ) ;
#1690 = ADVANCED_FACE ( 'NONE', ( #596 ), #437, .F. ) ;
#1691 = DIRECTION ( 'NONE',  ( 0.000000000000000000, 0.000000000000000000, -1.000000000000000000 ) ) ;
#1692 = DIRECTION ( 'NONE',  ( -1.000000000000000000, -0.000000000000000000, -0.000000000000000000 ) ) ;
#1693 = DIRECTION ( 'NONE',  ( 1.000000000000000000, 0.000000000000000000, -0.000000000000000000 ) ) ;
#1694 = LINE ( 'NONE', #49, #206 ) ;
#1695 = LINE ( 'NONE', #895, #1986 ) ;
#1696 = DIRECTION ( 'NONE',  ( 0.000000000000000000, 0.000000000000000000, -1.000000000000000000 ) ) ;
#1697 = ORIENTED_EDGE ( 'NONE', *, *, #1382, .T. ) ;
#1698 = ORIENTED_EDGE ( 'NONE', *, *, #1216, .T. ) ;
#1699 = DIRECTION ( 'NONE',  ( -1.000000000000000000, 0.000000000000000000, -0.000000000000000000 ) ) ;
#1700 = EDGE_CURVE ( 'NONE', #966, #852, #930, .T. ) ;
#1701 = CARTESIAN_POINT ( 'NONE',  ( -72.46000000000000796, 7.524766660116894101, -5.249999999999991118 ) ) ;
#1702 = CARTESIAN_POINT ( 'NONE',  ( 72.45999999999997954, 5.000000000000004441, -27.45999999999999019 ) ) ;
#1703 = DIRECTION ( 'NONE',  ( 0.000000000000000000, 0.000000000000000000, -1.000000000000000000 ) ) ;
#1704 = DIRECTION ( 'NONE',  ( 0.000000000000000000, 1.000000000000000000, 0.000000000000000000 ) ) ;
#1705 = CARTESIAN_POINT ( 'NONE',  ( 74.99999999999998579, 0.000000000000000000, 30.00000000000000355 ) ) ;
#1706 = CIRCLE ( 'NONE', #642, 1.250000000000007994 ) ;
#1707 = VERTEX_POINT ( 'NONE', #471 ) ;
#1708 = ADVANCED_FACE ( 'NONE', ( #1779 ), #1745, .F. ) ;
#1709 = DIRECTION ( 'NONE',  ( 0.000000000000000000, 1.000000000000000000, 0.000000000000000000 ) ) ;
#1710 = AXIS2_PLACEMENT_3D ( 'NONE', #1337, #1911, #126 ) ;
#1711 = EDGE_LOOP ( 'NONE', ( #1415, #154, #1460, #160 ) ) ;
#1712 = PLANE ( 'NONE',  #2119 ) ;
#1713 = DIRECTION ( 'NONE',  ( 0.000000000000000000, 0.000000000000000000, -1.000000000000000000 ) ) ;
#1714 = DIRECTION ( 'NONE',  ( -1.000000000000000000, 0.000000000000000000, 0.000000000000000000 ) ) ;
#1715 = VECTOR ( 'NONE', #1888, 1000.000000000000000 ) ;
#1716 = ADVANCED_FACE ( 'NONE', ( #805 ), #1466, .T. ) ;
#1717 = CIRCLE ( 'NONE', #829, 2.000000000000001776 ) ;
#1718 = DIRECTION ( 'NONE',  ( -1.000000000000000000, -1.734723475976805517E-15, 0.000000000000000000 ) ) ;
#1719 = ORIENTED_EDGE ( 'NONE', *, *, #254, .F. ) ;
#1720 = DIRECTION ( 'NONE',  ( 0.000000000000000000, 0.000000000000000000, -1.000000000000000000 ) ) ;
#1721 = VERTEX_POINT ( 'NONE', #1640 ) ;
#1722 = DIRECTION ( 'NONE',  ( 0.000000000000000000, -0.000000000000000000, 1.000000000000000000 ) ) ;
#1723 = CARTESIAN_POINT ( 'NONE',  ( 17.45999999999997598, 15.00000000000000533, 27.46000000000000085 ) ) ;
#1724 = PLANE ( 'NONE',  #1551 ) ;
#1725 = CARTESIAN_POINT ( 'NONE',  ( -33.17000000000000881, 27.03006333144230666, -25.45999999999999019 ) ) ;
#1726 = EDGE_CURVE ( 'NONE', #1253, #307, #1518, .T. ) ;
#1727 = ORIENTED_EDGE ( 'NONE', *, *, #1271, .T. ) ;
#1728 = DIRECTION ( 'NONE',  ( -1.000000000000000000, 0.000000000000000000, 0.000000000000000000 ) ) ;
#1729 = ORIENTED_EDGE ( 'NONE', *, *, #1257, .T. ) ;
#1730 = CARTESIAN_POINT ( 'NONE',  ( 16.45999999999997954, 15.00000000000000533, 23.46000000000000085 ) ) ;
#1731 = DIRECTION ( 'NONE',  ( -1.000000000000000000, 0.000000000000000000, 0.000000000000000000 ) ) ;
#1732 = DIRECTION ( 'NONE',  ( 1.000000000000000000, 0.000000000000000000, 0.000000000000000000 ) ) ;
#1733 = VERTEX_POINT ( 'NONE', #500 ) ;
#1734 = CARTESIAN_POINT ( 'NONE',  ( -72.46000000000000796, 80.00000000000000000, 27.46000000000000085 ) ) ;
#1735 = VERTEX_POINT ( 'NONE', #1015 ) ;
#1736 = DIRECTION ( 'NONE',  ( -0.000000000000000000, -1.000000000000000000, -0.000000000000000000 ) ) ;
#1737 = ORIENTED_EDGE ( 'NONE', *, *, #1308, .T. ) ;
#1738 = PLANE ( 'NONE',  #923 ) ;
#1739 = AXIS2_PLACEMENT_3D ( 'NONE', #1444, #1002, #988 ) ;
#1740 = LINE ( 'NONE', #426, #1777 ) ;
#1741 = FACE_OUTER_BOUND ( 'NONE', #1554, .T. ) ;
#1742 = ORIENTED_EDGE ( 'NONE', *, *, #352, .T. ) ;
#1743 = VECTOR ( 'NONE', #1849, 1000.000000000000000 ) ;
#1744 = EDGE_CURVE ( 'NONE', #224, #158, #1450, .T. ) ;
#1745 = CYLINDRICAL_SURFACE ( 'NONE', #277, 3.175000000000004263 ) ;
#1746 = AXIS2_PLACEMENT_3D ( 'NONE', #732, #1215, #253 ) ;
#1747 = AXIS2_PLACEMENT_3D ( 'NONE', #168, #1183, #1303 ) ;
#1748 = ADVANCED_FACE ( 'NONE', ( #1791 ), #860, .F. ) ;
#1749 = VERTEX_POINT ( 'NONE', #640 ) ;
#1750 = DIRECTION ( 'NONE',  ( -0.000000000000000000, -0.000000000000000000, -1.000000000000000000 ) ) ;
#1751 = VERTEX_POINT ( 'NONE', #1476 ) ;
#1752 = DIRECTION ( 'NONE',  ( 1.000000000000000000, -0.000000000000000000, 0.000000000000000000 ) ) ;
#1753 = ADVANCED_FACE ( 'NONE', ( #1963 ), #655, .F. ) ;
#1754 = PLANE ( 'NONE',  #1070 ) ;
#1755 = DIRECTION ( 'NONE',  ( 0.000000000000000000, -1.000000000000000000, 0.000000000000000000 ) ) ;
#1756 = VERTEX_POINT ( 'NONE', #1952 ) ;
#1757 = LINE ( 'NONE', #781, #103 ) ;
#1758 = ORIENTED_EDGE ( 'NONE', *, *, #1530, .F. ) ;
#1759 = ADVANCED_FACE ( 'NONE', ( #1994, #1799, #1156 ), #827, .T. ) ;
#1760 = LINE ( 'NONE', #288, #611 ) ;
#1761 = VERTEX_POINT ( 'NONE', #1148 ) ;
#1762 = CARTESIAN_POINT ( 'NONE',  ( -60.26475457404245617, 15.00000000000000533, -2.442657653041635513 ) ) ;
#1763 = EDGE_CURVE ( 'NONE', #604, #204, #514, .T. ) ;
#1764 = LINE ( 'NONE', #978, #609 ) ;
#1765 = LINE ( 'NONE', #1087, #1243 ) ;
#1766 = ORIENTED_EDGE ( 'NONE', *, *, #999, .F. ) ;
#1767 = DIRECTION ( 'NONE',  ( 0.000000000000000000, 0.000000000000000000, -1.000000000000000000 ) ) ;
#1768 = DIRECTION ( 'NONE',  ( 1.000000000000000000, 0.000000000000000000, 0.000000000000000000 ) ) ;
#1769 = VERTEX_POINT ( 'NONE', #330 ) ;
#1770 = EDGE_CURVE ( 'NONE', #2077, #339, #156, .T. ) ;
#1771 = EDGE_LOOP ( 'NONE', ( #1332, #215, #142, #1155 ) ) ;
#1772 = DIRECTION ( 'NONE',  ( 1.000000000000000000, 1.734723475976807094E-16, -0.000000000000000000 ) ) ;
#1773 = LINE ( 'NONE', #305, #1033 ) ;
#1774 = DIRECTION ( 'NONE',  ( -0.000000000000000000, -0.000000000000000000, -1.000000000000000000 ) ) ;
#1775 = AXIS2_PLACEMENT_3D ( 'NONE', #79, #258, #401 ) ;
#1776 = VERTEX_POINT ( 'NONE', #525 ) ;
#1777 = VECTOR ( 'NONE', #892, 1000.000000000000000 ) ;
#1778 = CYLINDRICAL_SURFACE ( 'NONE', #476, 1.250000000000001554 ) ;
#1779 = FACE_OUTER_BOUND ( 'NONE', #1008, .T. ) ;
#1780 = AXIS2_PLACEMENT_3D ( 'NONE', #1454, #152, #1116 ) ;
#1781 = EDGE_CURVE ( 'NONE', #1873, #423, #989, .T. ) ;
#1782 = AXIS2_PLACEMENT_3D ( 'NONE', #1357, #321, #1173 ) ;
#1783 = VERTEX_POINT ( 'NONE', #2123 ) ;
#1784 = AXIS2_PLACEMENT_3D ( 'NONE', #1273, #1445, #1599 ) ;
#1785 = ORIENTED_EDGE ( 'NONE', *, *, #1448, .F. ) ;
#1786 = LINE ( 'NONE', #967, #163 ) ;
#1787 = DIRECTION ( 'NONE',  ( 1.734723475976805517E-15, -1.000000000000000000, 0.000000000000000000 ) ) ;
#1788 = VERTEX_POINT ( 'NONE', #1319 ) ;
#1789 = EDGE_CURVE ( 'NONE', #1104, #966, #1980, .T. ) ;
#1790 = DIRECTION ( 'NONE',  ( 0.000000000000000000, -1.000000000000000000, 0.000000000000000000 ) ) ;
#1791 = FACE_OUTER_BOUND ( 'NONE', #22, .T. ) ;
#1792 = EDGE_CURVE ( 'NONE', #1100, #1751, #1969, .T. ) ;
#1793 = VERTEX_POINT ( 'NONE', #512 ) ;
#1794 = ORIENTED_EDGE ( 'NONE', *, *, #559, .F. ) ;
#1795 = CARTESIAN_POINT ( 'NONE',  ( 53.45999999999997954, 15.00000000000000533, 27.46000000000000085 ) ) ;
#1796 = DIRECTION ( 'NONE',  ( 0.000000000000000000, 1.000000000000000000, 0.000000000000000000 ) ) ;
#1797 = ORIENTED_EDGE ( 'NONE', *, *, #317, .F. ) ;
#1798 = DIRECTION ( 'NONE',  ( 1.000000000000000000, 0.000000000000000000, 0.000000000000000000 ) ) ;
#1799 = FACE_OUTER_BOUND ( 'NONE', #1464, .T. ) ;
#1800 = DIRECTION ( 'NONE',  ( -0.000000000000000000, -0.000000000000000000, 1.000000000000000000 ) ) ;
#1801 = ORIENTED_EDGE ( 'NONE', *, *, #1111, .T. ) ;
#1802 = ORIENTED_EDGE ( 'NONE', *, *, #1613, .T. ) ;
#1803 = LINE ( 'NONE', #1999, #1610 ) ;
#1804 = ORIENTED_EDGE ( 'NONE', *, *, #1343, .T. ) ;
#1805 = VECTOR ( 'NONE', #56, 1000.000000000000000 ) ;
#1806 = FACE_OUTER_BOUND ( 'NONE', #1121, .T. ) ;
#1807 = CARTESIAN_POINT ( 'NONE',  ( 0.4599999999999743183, 19.70000000000000284, 27.46000000000000085 ) ) ;
#1808 = AXIS2_PLACEMENT_3D ( 'NONE', #360, #553, #180 ) ;
#1809 =( NAMED_UNIT ( * ) PLANE_ANGLE_UNIT ( ) SI_UNIT ( $, .RADIAN. ) );
#1810 = CIRCLE ( 'NONE', #1411, 1.250000000000007994 ) ;
#1811 = CARTESIAN_POINT ( 'NONE',  ( 58.03999499999999756, 39.82923954403116795, -25.45999999999999019 ) ) ;
#1812 = VERTEX_POINT ( 'NONE', #18 ) ;
#1813 = VECTOR ( 'NONE', #232, 1000.000000000000000 ) ;
#1814 = ADVANCED_FACE ( 'NONE', ( #1003, #1497 ), #671, .T. ) ;
#1815 = VECTOR ( 'NONE', #27, 1000.000000000000000 ) ;
#1816 = VERTEX_POINT ( 'NONE', #1662 ) ;
#1817 = VECTOR ( 'NONE', #2045, 1000.000000000000000 ) ;
#1818 = DIRECTION ( 'NONE',  ( -0.000000000000000000, 1.000000000000000000, -0.000000000000000000 ) ) ;
#1819 = EDGE_CURVE ( 'NONE', #1637, #1941, #190, .T. ) ;
#1820 = EDGE_LOOP ( 'NONE', ( #1168, #547, #1289, #1064, #1162, #421 ) ) ;
#1821 = ORIENTED_EDGE ( 'NONE', *, *, #411, .F. ) ;
#1822 = DIRECTION ( 'NONE',  ( 0.000000000000000000, 0.000000000000000000, 1.000000000000000000 ) ) ;
#1823 = DIRECTION ( 'NONE',  ( 1.000000000000000000, 0.000000000000000000, 0.000000000000000000 ) ) ;
#1824 = CARTESIAN_POINT ( 'NONE',  ( -33.17000000000000171, 27.03006333144230666, -27.45999999999999019 ) ) ;
#1825 = ORIENTED_EDGE ( 'NONE', *, *, #1658, .F. ) ;
#1826 = ORIENTED_EDGE ( 'NONE', *, *, #1128, .F. ) ;
#1827 = CARTESIAN_POINT ( 'NONE',  ( 55.54000000000024073, 16.82923954403117150, -25.45999999999999019 ) ) ;
#1828 = VERTEX_POINT ( 'NONE', #685 ) ;
#1829 = DIRECTION ( 'NONE',  ( 0.000000000000000000, 0.000000000000000000, 1.000000000000000000 ) ) ;
#1830 = EDGE_CURVE ( 'NONE', #1776, #423, #1024, .T. ) ;
#1831 = PLANE ( 'NONE',  #2048 ) ;
#1832 = DIRECTION ( 'NONE',  ( 1.000000000000000000, 0.000000000000000000, -0.000000000000000000 ) ) ;
#1833 = LINE ( 'NONE', #1358, #99 ) ;
#1834 = EDGE_LOOP ( 'NONE', ( #316, #1011 ) ) ;
#1835 = VERTEX_POINT ( 'NONE', #1190 ) ;
#1836 = ADVANCED_FACE ( 'NONE', ( #1213 ), #1866, .F. ) ;
#1837 = DIRECTION ( 'NONE',  ( 1.000000000000000000, 0.000000000000000000, 0.000000000000000000 ) ) ;
#1838 = VERTEX_POINT ( 'NONE', #1057 ) ;
#1839 = DIRECTION ( 'NONE',  ( -1.000000000000000000, 0.000000000000000000, 0.000000000000000000 ) ) ;
#1840 = FACE_OUTER_BOUND ( 'NONE', #214, .T. ) ;
#1841 = LINE ( 'NONE', #1561, #1885 ) ;
#1842 = CARTESIAN_POINT ( 'NONE',  ( 19.45999999999997598, 15.00000000000000533, 23.46000000000000085 ) ) ;
#1843 = AXIS2_PLACEMENT_3D ( 'NONE', #1894, #777, #1224 ) ;
#1844 = EDGE_LOOP ( 'NONE', ( #1329, #109 ) ) ;
#1845 = ADVANCED_FACE ( 'NONE', ( #1549, #1035 ), #1724, .F. ) ;
#1846 = VECTOR ( 'NONE', #1068, 1000.000000000000000 ) ;
#1847 = ORIENTED_EDGE ( 'NONE', *, *, #2007, .F. ) ;
#1848 = VECTOR ( 'NONE', #1187, 1000.000000000000000 ) ;
#1849 = DIRECTION ( 'NONE',  ( -0.000000000000000000, -0.000000000000000000, -1.000000000000000000 ) ) ;
#1850 = ORIENTED_EDGE ( 'NONE', *, *, #236, .F. ) ;
#1851 = DIRECTION ( 'NONE',  ( -0.000000000000000000, -0.000000000000000000, -1.000000000000000000 ) ) ;
#1852 = VECTOR ( 'NONE', #1433, 1000.000000000000000 ) ;
#1853 = CARTESIAN_POINT ( 'NONE',  ( 53.45999999999997954, 15.00000000000000533, 27.46000000000000085 ) ) ;
#1854 = CARTESIAN_POINT ( 'NONE',  ( 53.04000500000000073, 39.82923954403116795, -25.45999999999999019 ) ) ;
#1855 = VECTOR ( 'NONE', #1268, 1000.000000000000000 ) ;
#1856 = EDGE_CURVE ( 'NONE', #604, #171, #574, .T. ) ;
#1857 = CARTESIAN_POINT ( 'NONE',  ( -2.540000000000014246, 5.000000000000004441, 4.999999999999997335 ) ) ;
#1858 = ADVANCED_FACE ( 'NONE', ( #1840 ), #252, .T. ) ;
#1859 = CARTESIAN_POINT ( 'NONE',  ( 58.03999499999999756, 39.82923954403116795, -27.45999999999999019 ) ) ;
#1860 = ORIENTED_EDGE ( 'NONE', *, *, #228, .F. ) ;
#1861 = EDGE_CURVE ( 'NONE', #1835, #949, #2003, .T. ) ;
#1862 = ORIENTED_EDGE ( 'NONE', *, *, #1257, .F. ) ;
#1863 = DIRECTION ( 'NONE',  ( -1.000000000000000000, 0.000000000000000000, -0.000000000000000000 ) ) ;
#1864 = DIRECTION ( 'NONE',  ( -1.000000000000000000, 0.000000000000000000, 0.000000000000000000 ) ) ;
#1865 = LINE ( 'NONE', #848, #1131 ) ;
#1866 = PLANE ( 'NONE',  #1102 ) ;
#1867 = EDGE_CURVE ( 'NONE', #2077, #1835, #230, .T. ) ;
#1868 = CARTESIAN_POINT ( 'NONE',  ( -35.17000000000001592, 27.03006333144230311, -25.45999999999999019 ) ) ;
#1869 = DIRECTION ( 'NONE',  ( -1.000000000000000000, 0.000000000000000000, 0.000000000000000000 ) ) ;
#1870 = EDGE_LOOP ( 'NONE', ( #2051, #1041, #1021, #1306 ) ) ;
#1871 = EDGE_LOOP ( 'NONE', ( #843, #722, #115, #1826 ) ) ;
#1872 = FACE_OUTER_BOUND ( 'NONE', #1127, .T. ) ;
#1873 = VERTEX_POINT ( 'NONE', #565 ) ;
#1874 = PLANE ( 'NONE',  #1540 ) ;
#1875 = CARTESIAN_POINT ( 'NONE',  ( 0.000000000000000000, 15.00000000000000533, 0.000000000000000000 ) ) ;
#1876 = DIRECTION ( 'NONE',  ( 0.000000000000000000, 0.000000000000000000, 1.000000000000000000 ) ) ;
#1877 = DIRECTION ( 'NONE',  ( 0.000000000000000000, 0.000000000000000000, 1.000000000000000000 ) ) ;
#1878 = SURFACE_STYLE_FILL_AREA ( #1228 ) ;
#1879 = ORIENTED_EDGE ( 'NONE', *, *, #704, .T. ) ;
#1880 = CIRCLE ( 'NONE', #1305, 3.175000000000004263 ) ;
#1881 = DIRECTION ( 'NONE',  ( 0.000000000000000000, -0.000000000000000000, 1.000000000000000000 ) ) ;
#1882 = AXIS2_PLACEMENT_3D ( 'NONE', #1567, #433, #573 ) ;
#1883 = ORIENTED_EDGE ( 'NONE', *, *, #368, .F. ) ;
#1884 = CARTESIAN_POINT ( 'NONE',  ( 74.99999999999998579, 80.00000000000000000, -29.99999999999999289 ) ) ;
#1885 = VECTOR ( 'NONE', #1366, 1000.000000000000000 ) ;
#1886 = EDGE_CURVE ( 'NONE', #666, #1873, #1356, .T. ) ;
#1887 = FACE_OUTER_BOUND ( 'NONE', #1954, .T. ) ;
#1888 = DIRECTION ( 'NONE',  ( 0.000000000000000000, 0.000000000000000000, 1.000000000000000000 ) ) ;
#1889 = AXIS2_PLACEMENT_3D ( 'NONE', #1130, #310, #1768 ) ;
#1890 = CARTESIAN_POINT ( 'NONE',  ( -57.76475457404245617, 5.000000000000004441, -19.94265765304163551 ) ) ;
#1891 = ORIENTED_EDGE ( 'NONE', *, *, #1726, .F. ) ;
#1892 = DIRECTION ( 'NONE',  ( -1.000000000000000000, -0.000000000000000000, -0.000000000000000000 ) ) ;
#1893 = EDGE_LOOP ( 'NONE', ( #397, #2042 ) ) ;
#1894 = CARTESIAN_POINT ( 'NONE',  ( -38.17000000000000881, 24.03006333144230666, -25.45999999999999019 ) ) ;
#1895 = FACE_OUTER_BOUND ( 'NONE', #469, .T. ) ;
#1896 = CARTESIAN_POINT ( 'NONE',  ( 53.45999999999997954, 15.00000000000000533, 23.46000000000000085 ) ) ;
#1897 = DIRECTION ( 'NONE',  ( -1.000000000000000000, 0.000000000000000000, 0.000000000000000000 ) ) ;
#1898 = VERTEX_POINT ( 'NONE', #1048 ) ;
#1899 = DIRECTION ( 'NONE',  ( 0.000000000000000000, 0.000000000000000000, -1.000000000000000000 ) ) ;
#1900 = ORIENTED_EDGE ( 'NONE', *, *, #501, .T. ) ;
#1901 = FACE_OUTER_BOUND ( 'NONE', #1368, .T. ) ;
#1902 = ADVANCED_FACE ( 'NONE', ( #1365 ), #1683, .F. ) ;
#1903 = PLANE ( 'NONE',  #1066 ) ;
#1904 = CARTESIAN_POINT ( 'NONE',  ( -35.17000000000000881, 24.03006333144230666, -25.45999999999999019 ) ) ;
#1905 = ORIENTED_EDGE ( 'NONE', *, *, #672, .F. ) ;
#1906 = DIRECTION ( 'NONE',  ( -1.000000000000000000, 0.000000000000000000, -0.000000000000000000 ) ) ;
#1907 = EDGE_CURVE ( 'NONE', #2006, #918, #731, .T. ) ;
#1908 = EDGE_CURVE ( 'NONE', #659, #761, #716, .T. ) ;
#1909 = ORIENTED_EDGE ( 'NONE', *, *, #484, .F. ) ;
#1910 = AXIS2_PLACEMENT_3D ( 'NONE', #2099, #1946, #1482 ) ;
#1911 = DIRECTION ( 'NONE',  ( 0.000000000000000000, 0.000000000000000000, 1.000000000000000000 ) ) ;
#1912 = ORIENTED_EDGE ( 'NONE', *, *, #1663, .F. ) ;
#1913 = CARTESIAN_POINT ( 'NONE',  ( -75.00000000000001421, 80.00000000000000000, 30.00000000000000355 ) ) ;
#1914 = CIRCLE ( 'NONE', #1272, 2.499994999999997969 ) ;
#1915 = AXIS2_PLACEMENT_3D ( 'NONE', #1225, #905, #1731 ) ;
#1916 = CARTESIAN_POINT ( 'NONE',  ( 72.45999999999997954, 5.000000000000004441, -27.45999999999999019 ) ) ;
#1917 = DIRECTION ( 'NONE',  ( -1.000000000000000000, 0.000000000000000000, 0.000000000000000000 ) ) ;
#1918 = VERTEX_POINT ( 'NONE', #1526 ) ;
#1919 = PLANE ( 'NONE',  #413 ) ;
#1920 = AXIS2_PLACEMENT_3D ( 'NONE', #765, #463, #1016 ) ;
#1921 = VECTOR ( 'NONE', #707, 1000.000000000000000 ) ;
#1922 = EDGE_LOOP ( 'NONE', ( #1677, #440, #1944, #489 ) ) ;
#1923 = EDGE_CURVE ( 'NONE', #866, #1918, #1694, .T. ) ;
#1924 = CARTESIAN_POINT ( 'NONE',  ( 55.53999999999999915, 39.82923954403116795, -25.45999999999999019 ) ) ;
#1925 = ORIENTED_EDGE ( 'NONE', *, *, #2040, .F. ) ;
#1926 = LINE ( 'NONE', #1299, #1195 ) ;
#1927 = EDGE_CURVE ( 'NONE', #1941, #1761, #404, .T. ) ;
#1928 = DIRECTION ( 'NONE',  ( 0.000000000000000000, 0.000000000000000000, 1.000000000000000000 ) ) ;
#1929 = CARTESIAN_POINT ( 'NONE',  ( -2.459999999999764597, 16.82923954403117150, -25.45999999999999019 ) ) ;
#1930 = EDGE_LOOP ( 'NONE', ( #1270, #415 ) ) ;
#1931 = CARTESIAN_POINT ( 'NONE',  ( -2.540000000000014246, 5.000000000000004441, 4.999999999999997335 ) ) ;
#1932 = DIRECTION ( 'NONE',  ( -0.000000000000000000, -0.000000000000000000, 1.000000000000000000 ) ) ;
#1933 = EDGE_CURVE ( 'NONE', #429, #1735, #243, .T. ) ;
#1934 = EDGE_LOOP ( 'NONE', ( #1973, #1956 ) ) ;
#1935 = CARTESIAN_POINT ( 'NONE',  ( -35.17000000000001592, 27.03006333144230311, -25.45999999999999019 ) ) ;
#1936 = ORIENTED_EDGE ( 'NONE', *, *, #1481, .F. ) ;
#1937 = CARTESIAN_POINT ( 'NONE',  ( 0.4599999999999743183, 39.69999999999999574, 30.00000000000000355 ) ) ;
#1938 = CARTESIAN_POINT ( 'NONE',  ( -33.17000000000000881, 27.03006333144230666, -25.45999999999999019 ) ) ;
#1939 = DIRECTION ( 'NONE',  ( 1.000000000000000000, 0.000000000000000000, 0.000000000000000000 ) ) ;
#1940 = EDGE_CURVE ( 'NONE', #1503, #844, #1079, .T. ) ;
#1941 = VERTEX_POINT ( 'NONE', #2025 ) ;
#1942 = CYLINDRICAL_SURFACE ( 'NONE', #962, 1.250000000000001554 ) ;
#1943 = LINE ( 'NONE', #1088, #1987 ) ;
#1944 = ORIENTED_EDGE ( 'NONE', *, *, #1631, .F. ) ;
#1945 = ORIENTED_EDGE ( 'NONE', *, *, #1886, .T. ) ;
#1946 = DIRECTION ( 'NONE',  ( 0.000000000000000000, 0.000000000000000000, 1.000000000000000000 ) ) ;
#1947 = LINE ( 'NONE', #1471, #234 ) ;
#1948 = AXIS2_PLACEMENT_3D ( 'NONE', #2052, #2073, #424 ) ;
#1949 = ORIENTED_EDGE ( 'NONE', *, *, #1789, .T. ) ;
#1950 = VECTOR ( 'NONE', #329, 1000.000000000000000 ) ;
#1951 = EDGE_CURVE ( 'NONE', #1230, #1898, #882, .T. ) ;
#1952 = CARTESIAN_POINT ( 'NONE',  ( 9.735245425957550935, 5.000000000000004441, -2.442657653041635513 ) ) ;
#1953 = VECTOR ( 'NONE', #1892, 1000.000000000000000 ) ;
#1954 = EDGE_LOOP ( 'NONE', ( #1145, #1727 ) ) ;
#1955 = VECTOR ( 'NONE', #219, 1000.000000000000000 ) ;
#1956 = ORIENTED_EDGE ( 'NONE', *, *, #566, .T. ) ;
#1957 = FACE_OUTER_BOUND ( 'NONE', #1491, .T. ) ;
#1958 = EDGE_CURVE ( 'NONE', #339, #1828, #740, .T. ) ;
#1959 = FACE_OUTER_BOUND ( 'NONE', #599, .T. ) ;
#1960 = DIRECTION ( 'NONE',  ( -0.000000000000000000, -0.000000000000000000, -1.000000000000000000 ) ) ;
#1961 = ORIENTED_EDGE ( 'NONE', *, *, #28, .F. ) ;
#1962 = LINE ( 'NONE', #796, #371 ) ;
#1963 = FACE_OUTER_BOUND ( 'NONE', #951, .T. ) ;
#1964 = ORIENTED_EDGE ( 'NONE', *, *, #1181, .F. ) ;
#1965 = VERTEX_POINT ( 'NONE', #1587 ) ;
#1966 = LINE ( 'NONE', #868, #304 ) ;
#1967 = ORIENTED_EDGE ( 'NONE', *, *, #1473, .T. ) ;
#1968 = EDGE_CURVE ( 'NONE', #1007, #96, #101, .T. ) ;
#1969 = LINE ( 'NONE', #492, #828 ) ;
#1970 = CARTESIAN_POINT ( 'NONE',  ( -72.46000000000000796, 7.524766660116894101, 5.250000000000009770 ) ) ;
#1971 = ORIENTED_EDGE ( 'NONE', *, *, #1927, .F. ) ;
#1972 = ADVANCED_FACE ( 'NONE', ( #760 ), #293, .T. ) ;
#1973 = ORIENTED_EDGE ( 'NONE', *, *, #473, .T. ) ;
#1974 = FACE_OUTER_BOUND ( 'NONE', #1301, .T. ) ;
#1975 = DIRECTION ( 'NONE',  ( -0.000000000000000000, -1.000000000000000000, -0.000000000000000000 ) ) ;
#1976 = ORIENTED_EDGE ( 'NONE', *, *, #1611, .T. ) ;
#1977 = EDGE_LOOP ( 'NONE', ( #1961, #178, #2107, #1719 ) ) ;
#1978 = AXIS2_PLACEMENT_3D ( 'NONE', #847, #359, #1992 ) ;
#1979 = CARTESIAN_POINT ( 'NONE',  ( 55.54000000000024073, 16.82923954403117150, -27.45999999999999019 ) ) ;
#1980 = LINE ( 'NONE', #181, #2056 ) ;
#1981 = AXIS2_PLACEMENT_3D ( 'NONE', #1979, #511, #1201 ) ;
#1982 = EDGE_CURVE ( 'NONE', #954, #53, #284, .T. ) ;
#1983 = AXIS2_PLACEMENT_3D ( 'NONE', #1723, #88, #747 ) ;
#1984 = DIRECTION ( 'NONE',  ( -1.000000000000000000, 0.000000000000000000, 0.000000000000000000 ) ) ;
#1985 = ORIENTED_EDGE ( 'NONE', *, *, #961, .F. ) ;
#1986 = VECTOR ( 'NONE', #1685, 1000.000000000000000 ) ;
#1987 = VECTOR ( 'NONE', #1286, 1000.000000000000000 ) ;
#1988 = ORIENTED_EDGE ( 'NONE', *, *, #971, .F. ) ;
#1989 = EDGE_CURVE ( 'NONE', #629, #1151, #1765, .T. ) ;
#1990 = CYLINDRICAL_SURFACE ( 'NONE', #373, 1.250000000000001110 ) ;
#1991 = ORIENTED_EDGE ( 'NONE', *, *, #228, .T. ) ;
#1992 = DIRECTION ( 'NONE',  ( 1.000000000000000000, 0.000000000000000000, 0.000000000000000000 ) ) ;
#1993 = CARTESIAN_POINT ( 'NONE',  ( 74.99999999999998579, 80.00000000000000000, 30.00000000000000355 ) ) ;
#1994 = FACE_BOUND ( 'NONE', #459, .T. ) ;
#1995 = DIRECTION ( 'NONE',  ( -0.000000000000000000, -0.000000000000000000, -1.000000000000000000 ) ) ;
#1996 = VERTEX_POINT ( 'NONE', #1568 ) ;
#1997 = EDGE_CURVE ( 'NONE', #808, #709, #1126, .T. ) ;
#1998 = EDGE_LOOP ( 'NONE', ( #1508, #1167, #165, #2047 ) ) ;
#1999 = CARTESIAN_POINT ( 'NONE',  ( -57.76475457404245617, 5.000000000000004441, -19.94265765304163551 ) ) ;
#2000 = DIRECTION ( 'NONE',  ( 1.000000000000000000, 0.000000000000000000, 0.000000000000000000 ) ) ;
#2001 = EDGE_CURVE ( 'NONE', #271, #1721, #518, .T. ) ;
#2002 = DIRECTION ( 'NONE',  ( -1.000000000000000000, 0.000000000000000000, 0.000000000000000000 ) ) ;
#2003 = LINE ( 'NONE', #1226, #1516 ) ;
#2004 = CARTESIAN_POINT ( 'NONE',  ( 17.45999999999997598, 15.00000000000000533, 27.46000000000000085 ) ) ;
#2005 = ORIENTED_EDGE ( 'NONE', *, *, #1216, .F. ) ;
#2006 = VERTEX_POINT ( 'NONE', #748 ) ;
#2007 = EDGE_CURVE ( 'NONE', #3, #2088, #657, .T. ) ;
#2008 = DIRECTION ( 'NONE',  ( 0.000000000000000000, 0.000000000000000000, 1.000000000000000000 ) ) ;
#2009 = ORIENTED_EDGE ( 'NONE', *, *, #2062, .F. ) ;
#2010 = PLANE ( 'NONE',  #439 ) ;
#2011 = DIRECTION ( 'NONE',  ( -0.000000000000000000, -0.000000000000000000, -1.000000000000000000 ) ) ;
#2012 = DIRECTION ( 'NONE',  ( 0.000000000000000000, 1.000000000000000000, 0.000000000000000000 ) ) ;
#2013 = ADVANCED_FACE ( 'NONE', ( #112 ), #594, .F. ) ;
#2014 = CARTESIAN_POINT ( 'NONE',  ( 17.45999999999997598, 15.00000000000000533, 23.46000000000000085 ) ) ;
#2015 = DIRECTION ( 'NONE',  ( -0.000000000000000000, -0.000000000000000000, -1.000000000000000000 ) ) ;
#2016 = AXIS2_PLACEMENT_3D ( 'NONE', #903, #1594, #1557 ) ;
#2017 = ORIENTED_EDGE ( 'NONE', *, *, #296, .F. ) ;
#2018 = AXIS2_PLACEMENT_3D ( 'NONE', #199, #48, #871 ) ;
#2019 = ORIENTED_EDGE ( 'NONE', *, *, #490, .F. ) ;
#2020 = CIRCLE ( 'NONE', #2053, 1.250000000000001110 ) ;
#2021 = DIRECTION ( 'NONE',  ( 1.000000000000000000, 0.000000000000000000, 0.000000000000000000 ) ) ;
#2022 = CARTESIAN_POINT ( 'NONE',  ( -72.46000000000000796, 5.000000000000004441, -27.45999999999999019 ) ) ;
#2023 = AXIS2_PLACEMENT_3D ( 'NONE', #1171, #354, #1832 ) ;
#2024 = PLANE ( 'NONE',  #1808 ) ;
#2025 = CARTESIAN_POINT ( 'NONE',  ( -35.17000000000000881, 24.03006333144230666, -27.45999999999999019 ) ) ;
#2026 = VECTOR ( 'NONE', #628, 1000.000000000000000 ) ;
#2027 = FACE_OUTER_BOUND ( 'NONE', #127, .T. ) ;
#2028 = DIRECTION ( 'NONE',  ( 0.000000000000000000, 0.000000000000000000, -1.000000000000000000 ) ) ;
#2029 = ORIENTED_EDGE ( 'NONE', *, *, #1830, .T. ) ;
#2030 = EDGE_LOOP ( 'NONE', ( #509, #35, #1418, #346 ) ) ;
#2031 = DIRECTION ( 'NONE',  ( -0.000000000000000000, -0.000000000000000000, -1.000000000000000000 ) ) ;
#2032 = ORIENTED_EDGE ( 'NONE', *, *, #672, .T. ) ;
#2033 = DIRECTION ( 'NONE',  ( 2.312964634635746211E-15, -1.000000000000000000, 0.000000000000000000 ) ) ;
#2034 = CYLINDRICAL_SURFACE ( 'NONE', #1882, 1.250000000000007994 ) ;
#2035 = DIRECTION ( 'NONE',  ( -1.000000000000000000, 0.000000000000000000, -0.000000000000000000 ) ) ;
#2036 = DIRECTION ( 'NONE',  ( 0.000000000000000000, 0.000000000000000000, 1.000000000000000000 ) ) ;
#2037 = FILL_AREA_STYLE_COLOUR ( '', #862 ) ;
#2038 = EDGE_CURVE ( 'NONE', #1816, #1198, #1717, .T. ) ;
#2039 = ORIENTED_EDGE ( 'NONE', *, *, #1819, .F. ) ;
#2040 = EDGE_CURVE ( 'NONE', #1965, #1244, #585, .T. ) ;
#2041 = DIRECTION ( 'NONE',  ( -0.000000000000000000, -0.000000000000000000, -1.000000000000000000 ) ) ;
#2042 = ORIENTED_EDGE ( 'NONE', *, *, #157, .F. ) ;
#2043 = PLANE ( 'NONE',  #1843 ) ;
#2044 = CARTESIAN_POINT ( 'NONE',  ( -72.46000000000000796, 5.000000000000004441, -27.45999999999999019 ) ) ;
#2045 = DIRECTION ( 'NONE',  ( -1.000000000000000000, 0.000000000000000000, 0.000000000000000000 ) ) ;
#2046 = CARTESIAN_POINT ( 'NONE',  ( 55.54000000000024073, 16.82923954403117150, -25.45999999999999019 ) ) ;
#2047 = ORIENTED_EDGE ( 'NONE', *, *, #817, .F. ) ;
#2048 = AXIS2_PLACEMENT_3D ( 'NONE', #353, #1535, #715 ) ;
#2049 = PLANE ( 'NONE',  #1645 ) ;
#2050 = AXIS2_PLACEMENT_3D ( 'NONE', #208, #2008, #336 ) ;
#2051 = ORIENTED_EDGE ( 'NONE', *, *, #348, .F. ) ;
#2052 = CARTESIAN_POINT ( 'NONE',  ( 17.45999999999997598, 15.00000000000000533, 23.46000000000000085 ) ) ;
#2053 = AXIS2_PLACEMENT_3D ( 'NONE', #2046, #2036, #1227 ) ;
#2054 = DIRECTION ( 'NONE',  ( -0.000000000000000000, 0.000000000000000000, -1.000000000000000000 ) ) ;
#2055 = CARTESIAN_POINT ( 'NONE',  ( -57.76475457404245617, 15.00000000000000533, -4.942657653041636401 ) ) ;
#2056 = VECTOR ( 'NONE', #663, 1000.000000000000000 ) ;
#2057 = DIRECTION ( 'NONE',  ( 0.000000000000000000, 0.000000000000000000, 1.000000000000000000 ) ) ;
#2058 = EDGE_LOOP ( 'NONE', ( #766, #6, #1092, #2114 ) ) ;
#2059 = ADVANCED_FACE ( 'NONE', ( #1741 ), #779, .F. ) ;
#2060 = FACE_BOUND ( 'NONE', #1570, .T. ) ;
#2061 = ORIENTED_EDGE ( 'NONE', *, *, #1343, .F. ) ;
#2062 = EDGE_CURVE ( 'NONE', #650, #803, #121, .T. ) ;
#2063 = CARTESIAN_POINT ( 'NONE',  ( -57.76475457404245617, 5.000000000000004441, -4.942657653041636401 ) ) ;
#2064 = CYLINDRICAL_SURFACE ( 'NONE', #785, 0.9999999999999974465 ) ;
#2065 = CARTESIAN_POINT ( 'NONE',  ( 72.45999999999997954, 5.000000000000004441, 27.46000000000000085 ) ) ;
#2066 = ORIENTED_EDGE ( 'NONE', *, *, #1416, .F. ) ;
#2067 = ADVANCED_FACE ( 'NONE', ( #616 ), #1455, .T. ) ;
#2068 = EDGE_CURVE ( 'NONE', #204, #1352, #1117, .T. ) ;
#2069 = CARTESIAN_POINT ( 'NONE',  ( -2.459999999999764597, 16.82923954403117150, -25.45999999999999019 ) ) ;
#2070 = ORIENTED_EDGE ( 'NONE', *, *, #1624, .F. ) ;
#2071 = CARTESIAN_POINT ( 'NONE',  ( 72.45999999999997954, 80.00000000000000000, -27.45999999999999019 ) ) ;
#2072 = ORIENTED_EDGE ( 'NONE', *, *, #494, .F. ) ;
#2073 = DIRECTION ( 'NONE',  ( 0.000000000000000000, 0.000000000000000000, -1.000000000000000000 ) ) ;
#2074 = EDGE_CURVE ( 'NONE', #803, #1751, #448, .T. ) ;
#2075 = DIRECTION ( 'NONE',  ( -1.000000000000000000, 0.000000000000000000, 0.000000000000000000 ) ) ;
#2076 = DIRECTION ( 'NONE',  ( 0.000000000000000000, 0.000000000000000000, -1.000000000000000000 ) ) ;
#2077 = VERTEX_POINT ( 'NONE', #1293 ) ;
#2078 = DIRECTION ( 'NONE',  ( 0.000000000000000000, 0.000000000000000000, 1.000000000000000000 ) ) ;
#2079 = ORIENTED_EDGE ( 'NONE', *, *, #975, .T. ) ;
#2080 = CIRCLE ( 'NONE', #749, 2.499994999999997969 ) ;
#2081 = DIRECTION ( 'NONE',  ( 2.312964634635746211E-15, -1.000000000000000000, 0.000000000000000000 ) ) ;
#2082 = VERTEX_POINT ( 'NONE', #468 ) ;
#2083 = CYLINDRICAL_SURFACE ( 'NONE', #1638, 2.499995000000001522 ) ;
#2084 = VECTOR ( 'NONE', #39, 1000.000000000000000 ) ;
#2085 = AXIS2_PLACEMENT_3D ( 'NONE', #1125, #478, #120 ) ;
#2086 = FACE_OUTER_BOUND ( 'NONE', #745, .T. ) ;
#2087 = DIRECTION ( 'NONE',  ( 0.000000000000000000, -0.000000000000000000, -1.000000000000000000 ) ) ;
#2088 = VERTEX_POINT ( 'NONE', #1896 ) ;
#2089 = ADVANCED_FACE ( 'NONE', ( #306 ), #89, .F. ) ;
#2090 = AXIS2_PLACEMENT_3D ( 'NONE', #1674, #2015, #533 ) ;
#2091 = DIRECTION ( 'NONE',  ( -0.000000000000000000, -0.000000000000000000, -1.000000000000000000 ) ) ;
#2092 = CARTESIAN_POINT ( 'NONE',  ( -57.76475457404245617, 5.000000000000004441, -19.94265765304163551 ) ) ;
#2093 = VECTOR ( 'NONE', #542, 1000.000000000000000 ) ;
#2094 = AXIS2_PLACEMENT_3D ( 'NONE', #1929, #458, #1917 ) ;
#2095 = ORIENTED_EDGE ( 'NONE', *, *, #290, .T. ) ;
#2096 = EDGE_CURVE ( 'NONE', #866, #76, #979, .T. ) ;
#2097 = FACE_OUTER_BOUND ( 'NONE', #196, .T. ) ;
#2098 = ORIENTED_EDGE ( 'NONE', *, *, #1200, .F. ) ;
#2099 = CARTESIAN_POINT ( 'NONE',  ( -2.459999999999764597, 16.82923954403117150, -27.45999999999999019 ) ) ;
#2100 = CARTESIAN_POINT ( 'NONE',  ( -2.460000000000003961, 39.82923954403116795, -27.45999999999999019 ) ) ;
#2101 = CARTESIAN_POINT ( 'NONE',  ( 58.03999500000023914, 16.82923954403117150, -25.45999999999999019 ) ) ;
#2102 = ORIENTED_EDGE ( 'NONE', *, *, #1658, .T. ) ;
#2103 = CARTESIAN_POINT ( 'NONE',  ( 51.45999999999997954, 15.00000000000000533, 27.46000000000000085 ) ) ;
#2104 = CARTESIAN_POINT ( 'NONE',  ( -75.00000000000001421, 0.000000000000000000, -29.99999999999999289 ) ) ;
#2105 = EDGE_CURVE ( 'NONE', #106, #1756, #812, .T. ) ;
#2106 = VERTEX_POINT ( 'NONE', #649 ) ;
#2107 = ORIENTED_EDGE ( 'NONE', *, *, #1128, .T. ) ;
#2108 = FACE_BOUND ( 'NONE', #1870, .T. ) ;
#2109 = EDGE_CURVE ( 'NONE', #1118, #1198, #998, .T. ) ;
#2110 = DIRECTION ( 'NONE',  ( 0.000000000000000000, 1.000000000000000000, 0.000000000000000000 ) ) ;
#2111 = ORIENTED_EDGE ( 'NONE', *, *, #1856, .F. ) ;
#2112 = FACE_OUTER_BOUND ( 'NONE', #1977, .T. ) ;
#2113 = CARTESIAN_POINT ( 'NONE',  ( -2.460000000000003961, 39.82923954403116795, -25.45999999999999019 ) ) ;
#2114 = ORIENTED_EDGE ( 'NONE', *, *, #2062, .T. ) ;
#2115 = ORIENTED_EDGE ( 'NONE', *, *, #1308, .F. ) ;
#2116 = CARTESIAN_POINT ( 'NONE',  ( 0.4599999999999743183, 19.70000000000000284, 27.46000000000000085 ) ) ;
#2117 = DIRECTION ( 'NONE',  ( -0.000000000000000000, -1.000000000000000000, -0.000000000000000000 ) ) ;
#2118 =( NAMED_UNIT ( * ) PLANE_ANGLE_UNIT ( ) SI_UNIT ( $, .RADIAN. ) );
#2119 = AXIS2_PLACEMENT_3D ( 'NONE', #1913, #1752, #945 ) ;
#2120 = ORIENTED_EDGE ( 'NONE', *, *, #1789, .F. ) ;
#2121 = AXIS2_PLACEMENT_3D ( 'NONE', #1281, #789, #1290 ) ;
#2122 = CARTESIAN_POINT ( 'NONE',  ( 52.45999999999997954, 15.00000000000000533, 23.46000000000000085 ) ) ;
#2123 = CARTESIAN_POINT ( 'NONE',  ( -35.17000000000001592, 27.03006333144230311, -25.45999999999999019 ) ) ;
#2124 = CIRCLE ( 'NONE', #1307, 1.250000000000007994 ) ;
#2125 = MECHANICAL_DESIGN_GEOMETRIC_PRESENTATION_REPRESENTATION (  '', ( #1580 ), #1377 ) ;
#2126 = ORIENTED_EDGE ( 'NONE', *, *, #834, .T. ) ;
#2127 = VECTOR ( 'NONE', #1653, 1000.000000000000000 ) ;
ENDSEC;
END-ISO-10303-21;
