ISO-10303-21;
HEADER;
FILE_DESCRIPTION (( 'STEP AP214' ),
    '1' );
FILE_NAME ('Radar Enclosure 0.4.STEP',
    '2026-04-28T02:51:21',
    ( '' ),
    ( '' ),
    'SwSTEP 2.0',
    'SolidWorks 2025',
    '' );
FILE_SCHEMA (( 'AUTOMOTIVE_DESIGN' ));
ENDSEC;

DATA;
#1 = ORIENTED_EDGE ( 'NONE', *, *, #1031, .T. ) ;
#2 = PLANE ( 'NONE',  #188 ) ;
#3 = EDGE_CURVE ( 'NONE', #78, #627, #673, .T. ) ;
#4 = CARTESIAN_POINT ( 'NONE',  ( 55.53999999999999915, 39.82923954403116795, -27.45999999999999019 ) ) ;
#5 = CARTESIAN_POINT ( 'NONE',  ( -73.73000000000001819, 5.000000000000004441, 27.46000000000000085 ) ) ;
#6 = AXIS2_PLACEMENT_3D ( 'NONE', #512, #1694, #1860 ) ;
#7 = ORIENTED_EDGE ( 'NONE', *, *, #1000, .T. ) ;
#8 = LINE ( 'NONE', #1803, #1850 ) ;
#9 = PLANE ( 'NONE',  #794 ) ;
#10 = ORIENTED_EDGE ( 'NONE', *, *, #1219, .F. ) ;
#11 = CARTESIAN_POINT ( 'NONE',  ( 55.54000000000024073, 16.82923954403117150, -25.45999999999999019 ) ) ;
#12 = LINE ( 'NONE', #1230, #545 ) ;
#13 = EDGE_CURVE ( 'NONE', #116, #1268, #1111, .T. ) ;
#14 = CARTESIAN_POINT ( 'NONE',  ( 72.46000000000000796, 5.000000000000004441, 28.72999999999999687 ) ) ;
#15 = LINE ( 'NONE', #302, #1495 ) ;
#16 =( NAMED_UNIT ( * ) PLANE_ANGLE_UNIT ( ) SI_UNIT ( $, .RADIAN. ) );
#17 = ORIENTED_EDGE ( 'NONE', *, *, #1013, .T. ) ;
#18 = CARTESIAN_POINT ( 'NONE',  ( -60.26475457404245617, 15.00000000000000533, -2.442657653041635513 ) ) ;
#19 = DIRECTION ( 'NONE',  ( 0.000000000000000000, 0.000000000000000000, 1.000000000000000000 ) ) ;
#20 = VERTEX_POINT ( 'NONE', #1266 ) ;
#21 = CARTESIAN_POINT ( 'NONE',  ( -60.26475457404245617, 5.000000000000004441, -2.442657653041635513 ) ) ;
#22 = EDGE_LOOP ( 'NONE', ( #1847, #608, #1385, #1347 ) ) ;
#23 = CIRCLE ( 'NONE', #1437, 2.499994999999997969 ) ;
#24 = DIRECTION ( 'NONE',  ( 0.000000000000000000, 0.000000000000000000, 1.000000000000000000 ) ) ;
#25 = ADVANCED_FACE ( 'NONE', ( #640 ), #498, .T. ) ;
#26 = FACE_OUTER_BOUND ( 'NONE', #1682, .T. ) ;
#27 = ORIENTED_EDGE ( 'NONE', *, *, #252, .F. ) ;
#28 = CARTESIAN_POINT ( 'NONE',  ( 0.03999500000023561985, 16.82923954403117150, -25.45999999999999019 ) ) ;
#29 = DIRECTION ( 'NONE',  ( 1.000000000000000000, 0.000000000000000000, 0.000000000000000000 ) ) ;
#30 = ORIENTED_EDGE ( 'NONE', *, *, #1614, .F. ) ;
#31 = AXIS2_PLACEMENT_3D ( 'NONE', #1538, #1102, #1394 ) ;
#32 = LINE ( 'NONE', #1634, #1812 ) ;
#33 = ORIENTED_EDGE ( 'NONE', *, *, #922, .F. ) ;
#34 = VECTOR ( 'NONE', #346, 1000.000000000000000 ) ;
#35 = CARTESIAN_POINT ( 'NONE',  ( -72.46000000000000796, 5.000000000000004441, 30.00000000000000711 ) ) ;
#36 = DIRECTION ( 'NONE',  ( 0.000000000000000000, 0.000000000000000000, 1.000000000000000000 ) ) ;
#37 = VECTOR ( 'NONE', #131, 1000.000000000000000 ) ;
#38 = AXIS2_PLACEMENT_3D ( 'NONE', #639, #620, #1068 ) ;
#39 = EDGE_LOOP ( 'NONE', ( #63, #30 ) ) ;
#40 = EDGE_CURVE ( 'NONE', #1088, #1494, #1255, .T. ) ;
#41 = EDGE_CURVE ( 'NONE', #653, #786, #1091, .T. ) ;
#42 = DIRECTION ( 'NONE',  ( -1.000000000000000000, 0.000000000000000000, -2.731847993664247441E-15 ) ) ;
#43 = PLANE ( 'NONE',  #62 ) ;
#44 = ORIENTED_EDGE ( 'NONE', *, *, #286, .T. ) ;
#45 = CARTESIAN_POINT ( 'NONE',  ( 7.235245425957550047, 15.00000000000000533, -4.942657653041636401 ) ) ;
#46 = ORIENTED_EDGE ( 'NONE', *, *, #1306, .F. ) ;
#47 = ORIENTED_EDGE ( 'NONE', *, *, #503, .T. ) ;
#48 = VECTOR ( 'NONE', #464, 1000.000000000000000 ) ;
#49 = DIRECTION ( 'NONE',  ( -1.000000000000000000, -1.734723475976805517E-15, 0.000000000000000000 ) ) ;
#50 = DIRECTION ( 'NONE',  ( -0.000000000000000000, 0.000000000000000000, -1.000000000000000000 ) ) ;
#51 = EDGE_LOOP ( 'NONE', ( #617, #10, #1801, #269 ) ) ;
#52 = EDGE_CURVE ( 'NONE', #821, #1070, #830, .T. ) ;
#53 = LINE ( 'NONE', #1396, #34 ) ;
#54 = ORIENTED_EDGE ( 'NONE', *, *, #1802, .T. ) ;
#55 = EDGE_CURVE ( 'NONE', #1430, #1390, #364, .T. ) ;
#56 = ORIENTED_EDGE ( 'NONE', *, *, #1381, .T. ) ;
#57 = LINE ( 'NONE', #634, #457 ) ;
#58 = AXIS2_PLACEMENT_3D ( 'NONE', #1717, #94, #1577 ) ;
#59 = ORIENTED_EDGE ( 'NONE', *, *, #1232, .F. ) ;
#60 = EDGE_CURVE ( 'NONE', #1146, #1476, #23, .T. ) ;
#61 = DIRECTION ( 'NONE',  ( -0.000000000000000000, -0.000000000000000000, -1.000000000000000000 ) ) ;
#62 = AXIS2_PLACEMENT_3D ( 'NONE', #626, #771, #307 ) ;
#63 = ORIENTED_EDGE ( 'NONE', *, *, #1617, .F. ) ;
#64 = APPLICATION_CONTEXT ( 'automotive_design' ) ;
#65 = EDGE_CURVE ( 'NONE', #317, #1163, #531, .T. ) ;
#66 = CIRCLE ( 'NONE', #1477, 2.499994999999997969 ) ;
#67 = DIRECTION ( 'NONE',  ( -0.000000000000000000, -1.000000000000000000, -0.000000000000000000 ) ) ;
#68 = LINE ( 'NONE', #780, #151 ) ;
#69 = EDGE_LOOP ( 'NONE', ( #761, #287, #1471, #1519 ) ) ;
#70 = DIRECTION ( 'NONE',  ( 0.000000000000000000, 0.000000000000000000, 1.000000000000000000 ) ) ;
#71 = ORIENTED_EDGE ( 'NONE', *, *, #1554, .T. ) ;
#72 = CARTESIAN_POINT ( 'NONE',  ( -75.00000000000001421, 13.52476666011689410, -5.249999999999991118 ) ) ;
#73 = ADVANCED_FACE ( 'NONE', ( #272 ), #1871, .F. ) ;
#74 = CARTESIAN_POINT ( 'NONE',  ( -60.26475457404245617, 15.00000000000000533, -22.44265765304163551 ) ) ;
#75 = DIRECTION ( 'NONE',  ( 0.000000000000000000, 0.000000000000000000, 1.000000000000000000 ) ) ;
#76 = ORIENTED_EDGE ( 'NONE', *, *, #1153, .T. ) ;
#77 = CARTESIAN_POINT ( 'NONE',  ( 72.46000000000000796, 5.000000000000004441, 28.72999999999999687 ) ) ;
#78 = VERTEX_POINT ( 'NONE', #133 ) ;
#79 = FACE_OUTER_BOUND ( 'NONE', #824, .T. ) ;
#80 = EDGE_CURVE ( 'NONE', #1299, #809, #1150, .T. ) ;
#81 = DIRECTION ( 'NONE',  ( 0.000000000000000000, 0.000000000000000000, 1.000000000000000000 ) ) ;
#82 = PLANE ( 'NONE',  #979 ) ;
#83 = EDGE_CURVE ( 'NONE', #1476, #993, #1573, .T. ) ;
#84 = EDGE_LOOP ( 'NONE', ( #1536, #148 ) ) ;
#85 = DIRECTION ( 'NONE',  ( -1.000000000000000000, 0.000000000000000000, 0.000000000000000000 ) ) ;
#86 = ORIENTED_EDGE ( 'NONE', *, *, #896, .F. ) ;
#87 = CARTESIAN_POINT ( 'NONE',  ( -33.17000000000000881, 27.03006333144230666, -27.45999999999999019 ) ) ;
#88 = ORIENTED_EDGE ( 'NONE', *, *, #193, .F. ) ;
#89 = VECTOR ( 'NONE', #1818, 1000.000000000000000 ) ;
#90 = DIRECTION ( 'NONE',  ( -0.000000000000000000, 0.000000000000000000, -1.000000000000000000 ) ) ;
#91 = EDGE_LOOP ( 'NONE', ( #320, #1794, #1811, #949 ) ) ;
#92 = EDGE_CURVE ( 'NONE', #1498, #941, #381, .T. ) ;
#93 = VECTOR ( 'NONE', #995, 1000.000000000000000 ) ;
#94 = DIRECTION ( 'NONE',  ( 0.000000000000000000, 0.000000000000000000, 1.000000000000000000 ) ) ;
#96 = CIRCLE ( 'NONE', #340, 2.499994999999997969 ) ;
#95 = FACE_BOUND ( 'NONE', #251, .T. ) ;
#97 = ORIENTED_EDGE ( 'NONE', *, *, #1766, .T. ) ;
#98 = CIRCLE ( 'NONE', #622, 1.250000000000001554 ) ;
#99 = CYLINDRICAL_SURFACE ( 'NONE', #1603, 1.250000000000007994 ) ;
#100 = LINE ( 'NONE', #541, #606 ) ;
#101 = LINE ( 'NONE', #1277, #898 ) ;
#102 = VERTEX_POINT ( 'NONE', #857 ) ;
#103 = DIRECTION ( 'NONE',  ( 0.000000000000000000, -0.000000000000000000, -1.000000000000000000 ) ) ;
#104 = LINE ( 'NONE', #1423, #425 ) ;
#105 = ADVANCED_FACE ( 'NONE', ( #1757, #1297 ), #1451, .F. ) ;
#106 = ORIENTED_EDGE ( 'NONE', *, *, #1644, .F. ) ;
#107 = UNCERTAINTY_MEASURE_WITH_UNIT (LENGTH_MEASURE( 1.000000000000000082E-05 ), #870, 'distance_accuracy_value', 'NONE');
#108 = DIRECTION ( 'NONE',  ( -0.000000000000000000, -0.000000000000000000, -1.000000000000000000 ) ) ;
#109 = CARTESIAN_POINT ( 'NONE',  ( -57.76475457404245617, 5.000000000000004441, -19.94265765304163551 ) ) ;
#110 = DIRECTION ( 'NONE',  ( 1.000000000000000000, 0.000000000000000000, -0.000000000000000000 ) ) ;
#111 = CARTESIAN_POINT ( 'NONE',  ( 55.53999999999999915, 39.82923954403116795, -25.45999999999999019 ) ) ;
#112 = ORIENTED_EDGE ( 'NONE', *, *, #1206, .F. ) ;
#113 = VECTOR ( 'NONE', #122, 1000.000000000000000 ) ;
#114 = CYLINDRICAL_SURFACE ( 'NONE', #487, 3.175000000000004263 ) ;
#115 = PLANE ( 'NONE',  #855 ) ;
#116 = VERTEX_POINT ( 'NONE', #1007 ) ;
#117 = EDGE_CURVE ( 'NONE', #1070, #387, #572, .T. ) ;
#118 = DIRECTION ( 'NONE',  ( 0.000000000000000000, 1.000000000000000000, 0.000000000000000000 ) ) ;
#119 = ADVANCED_FACE ( 'NONE', ( #1140 ), #1460, .F. ) ;
#120 = DIRECTION ( 'NONE',  ( -0.000000000000000000, 1.000000000000000000, -0.000000000000000000 ) ) ;
#121 = CIRCLE ( 'NONE', #1353, 1.250000000000001110 ) ;
#122 = DIRECTION ( 'NONE',  ( 1.000000000000000000, 0.000000000000000000, 0.000000000000000000 ) ) ;
#123 = DIRECTION ( 'NONE',  ( 0.000000000000000000, 0.000000000000000000, -1.000000000000000000 ) ) ;
#124 = AXIS2_PLACEMENT_3D ( 'NONE', #981, #863, #1270 ) ;
#125 = ORIENTED_EDGE ( 'NONE', *, *, #1886, .F. ) ;
#126 = CARTESIAN_POINT ( 'NONE',  ( -73.73000000000001819, 80.00000000000000000, 28.73000000000000043 ) ) ;
#127 = DIRECTION ( 'NONE',  ( 1.000000000000000000, 0.000000000000000000, 0.000000000000000000 ) ) ;
#128 = VERTEX_POINT ( 'NONE', #1018 ) ;
#129 = AXIS2_PLACEMENT_3D ( 'NONE', #703, #259, #1427 ) ;
#130 = CARTESIAN_POINT ( 'NONE',  ( -57.76475457404245617, 15.00000000000000533, -19.94265765304163551 ) ) ;
#131 = DIRECTION ( 'NONE',  ( -1.156482317317871478E-16, -0.000000000000000000, -1.000000000000000000 ) ) ;
#132 = ADVANCED_FACE ( 'NONE', ( #285 ), #1879, .F. ) ;
#133 = CARTESIAN_POINT ( 'NONE',  ( -38.17000000000000881, 22.03006333144230666, -25.45999999999999019 ) ) ;
#134 = DIRECTION ( 'NONE',  ( -1.000000000000000000, 0.000000000000000000, 0.000000000000000000 ) ) ;
#135 = VERTEX_POINT ( 'NONE', #402 ) ;
#136 = PLANE ( 'NONE',  #1814 ) ;
#137 = LINE ( 'NONE', #1414, #1136 ) ;
#138 = ORIENTED_EDGE ( 'NONE', *, *, #801, .T. ) ;
#139 = FACE_BOUND ( 'NONE', #1719, .T. ) ;
#140 = CARTESIAN_POINT ( 'NONE',  ( -60.26475457404245617, 15.00000000000000533, -2.442657653041635513 ) ) ;
#141 = VECTOR ( 'NONE', #763, 1000.000000000000000 ) ;
#142 = DIRECTION ( 'NONE',  ( -0.000000000000000000, -0.000000000000000000, -1.000000000000000000 ) ) ;
#143 = CARTESIAN_POINT ( 'NONE',  ( -73.73000000000001819, 5.000000000000004441, 28.73000000000000043 ) ) ;
#144 = EDGE_CURVE ( 'NONE', #169, #677, #722, .T. ) ;
#145 = EDGE_LOOP ( 'NONE', ( #1464, #1609, #27, #1199 ) ) ;
#146 = LINE ( 'NONE', #1319, #1158 ) ;
#147 = LINE ( 'NONE', #614, #1446 ) ;
#148 = ORIENTED_EDGE ( 'NONE', *, *, #1000, .F. ) ;
#149 = DIRECTION ( 'NONE',  ( 1.000000000000000000, 0.000000000000000000, 0.000000000000000000 ) ) ;
#150 = DIRECTION ( 'NONE',  ( 1.000000000000000000, 0.000000000000000000, 0.000000000000000000 ) ) ;
#151 = VECTOR ( 'NONE', #222, 1000.000000000000000 ) ;
#152 = ORIENTED_EDGE ( 'NONE', *, *, #339, .F. ) ;
#153 = CARTESIAN_POINT ( 'NONE',  ( -75.00000000000001421, 0.000000000000000000, 30.00000000000000355 ) ) ;
#154 = AXIS2_PLACEMENT_3D ( 'NONE', #386, #567, #127 ) ;
#155 = CARTESIAN_POINT ( 'NONE',  ( -2.460000000000003961, 39.82923954403116795, -25.45999999999999019 ) ) ;
#156 = ORIENTED_EDGE ( 'NONE', *, *, #1332, .T. ) ;
#157 = EDGE_CURVE ( 'NONE', #786, #135, #826, .T. ) ;
#158 = DIRECTION ( 'NONE',  ( -0.000000000000000000, -1.000000000000000000, -0.000000000000000000 ) ) ;
#159 = LINE ( 'NONE', #14, #1175 ) ;
#160 = DIRECTION ( 'NONE',  ( -0.000000000000000000, 1.000000000000000000, -0.000000000000000000 ) ) ;
#161 = CLOSED_SHELL ( 'NONE', ( #1228, #1310, #1321, #924, #1841, #598, #587, #1412, #405, #1722, #1842, #1500, #1107, #648, #119, #1057, #1601, #1703, #624, #105, #330, #294, #778, #305, #1686, #1273, #1296, #690, #283, #418, #1669, #370, #1409, #202, #393, #1834, #482, #73, #1448, #1737, #1659, #1678, #1002, #1853, #1628, #1484, #459, #456, #471, #628, #1701, #25, #1271, #1343, #909, #1763, #1488, #681, #444, #496, #1561, #1531, #942, #132, #1752 ) ) ;
#162 = DIRECTION ( 'NONE',  ( 0.000000000000000000, 0.000000000000000000, 1.000000000000000000 ) ) ;
#163 = VERTEX_POINT ( 'NONE', #1563 ) ;
#164 = CARTESIAN_POINT ( 'NONE',  ( -33.17000000000000881, 22.03006333144230666, -25.45999999999999019 ) ) ;
#165 = CARTESIAN_POINT ( 'NONE',  ( 73.73000000000001819, 5.000000000000004441, 28.73000000000000043 ) ) ;
#166 = VERTEX_POINT ( 'NONE', #238 ) ;
#167 = EDGE_CURVE ( 'NONE', #653, #1589, #100, .T. ) ;
#168 = DIRECTION ( 'NONE',  ( 0.000000000000000000, 0.000000000000000000, -1.000000000000000000 ) ) ;
#169 = VERTEX_POINT ( 'NONE', #1129 ) ;
#170 = DIRECTION ( 'NONE',  ( 0.000000000000000000, 0.000000000000000000, -1.000000000000000000 ) ) ;
#171 = ORIENTED_EDGE ( 'NONE', *, *, #1192, .F. ) ;
#172 = DIRECTION ( 'NONE',  ( 0.000000000000000000, 0.000000000000000000, 1.000000000000000000 ) ) ;
#173 = AXIS2_PLACEMENT_3D ( 'NONE', #1114, #1708, #1133 ) ;
#174 = CARTESIAN_POINT ( 'NONE',  ( -38.17000000000000881, 22.03006333144230666, -25.45999999999999019 ) ) ;
#175 = ORIENTED_EDGE ( 'NONE', *, *, #766, .F. ) ;
#176 = CARTESIAN_POINT ( 'NONE',  ( -75.00000000000001421, 80.00000000000000000, 30.00000000000000355 ) ) ;
#177 = VERTEX_POINT ( 'NONE', #1428 ) ;
#178 = SURFACE_SIDE_STYLE ('',( #1182 ) ) ;
#179 = ORIENTED_EDGE ( 'NONE', *, *, #3, .T. ) ;
#180 = CARTESIAN_POINT ( 'NONE',  ( 54.28999999999999204, 39.82923954403116795, -25.45999999999999019 ) ) ;
#181 = DIRECTION ( 'NONE',  ( 1.000000000000000000, 0.000000000000000000, 0.000000000000000000 ) ) ;
#182 = EDGE_LOOP ( 'NONE', ( #88, #582, #1113, #1863 ) ) ;
#183 = VECTOR ( 'NONE', #462, 1000.000000000000000 ) ;
#184 = CARTESIAN_POINT ( 'NONE',  ( -2.459999999999764597, 16.82923954403117150, -25.45999999999999019 ) ) ;
#185 = ORIENTED_EDGE ( 'NONE', *, *, #738, .T. ) ;
#186 = AXIS2_PLACEMENT_3D ( 'NONE', #662, #1252, #1699 ) ;
#187 = VECTOR ( 'NONE', #49, 1000.000000000000000 ) ;
#188 = AXIS2_PLACEMENT_3D ( 'NONE', #1896, #420, #1733 ) ;
#189 = EDGE_CURVE ( 'NONE', #329, #1406, #1746, .T. ) ;
#190 = VERTEX_POINT ( 'NONE', #693 ) ;
#191 = FACE_OUTER_BOUND ( 'NONE', #784, .T. ) ;
#192 = DIRECTION ( 'NONE',  ( -1.000000000000000000, 0.000000000000000000, 0.000000000000000000 ) ) ;
#193 = EDGE_CURVE ( 'NONE', #1146, #670, #996, .T. ) ;
#194 = EDGE_LOOP ( 'NONE', ( #415, #940 ) ) ;
#195 = CARTESIAN_POINT ( 'NONE',  ( 74.99999999999998579, 0.000000000000000000, 30.00000000000000355 ) ) ;
#196 = DIRECTION ( 'NONE',  ( -1.000000000000000000, 0.000000000000000000, 0.000000000000000000 ) ) ;
#197 = ORIENTED_EDGE ( 'NONE', *, *, #80, .T. ) ;
#198 = ORIENTED_EDGE ( 'NONE', *, *, #1564, .T. ) ;
#199 = EDGE_CURVE ( 'NONE', #786, #1135, #562, .T. ) ;
#200 = DIRECTION ( 'NONE',  ( -1.000000000000000000, 0.000000000000000000, 0.000000000000000000 ) ) ;
#201 = ORIENTED_EDGE ( 'NONE', *, *, #80, .F. ) ;
#202 = ADVANCED_FACE ( 'NONE', ( #1202 ), #733, .F. ) ;
#203 = PLANE ( 'NONE',  #1016 ) ;
#204 = ORIENTED_EDGE ( 'NONE', *, *, #724, .F. ) ;
#205 = VECTOR ( 'NONE', #1418, 1000.000000000000000 ) ;
#206 = ORIENTED_EDGE ( 'NONE', *, *, #963, .F. ) ;
#207 = FACE_OUTER_BOUND ( 'NONE', #647, .T. ) ;
#208 = ORIENTED_EDGE ( 'NONE', *, *, #52, .T. ) ;
#209 = LINE ( 'NONE', #1675, #391 ) ;
#210 = EDGE_CURVE ( 'NONE', #116, #367, #1327, .T. ) ;
#211 = AXIS2_PLACEMENT_3D ( 'NONE', #1250, #1854, #1680 ) ;
#212 = ORIENTED_EDGE ( 'NONE', *, *, #210, .T. ) ;
#213 = AXIS2_PLACEMENT_3D ( 'NONE', #1875, #289, #546 ) ;
#214 = EDGE_LOOP ( 'NONE', ( #1213, #1527 ) ) ;
#215 = CARTESIAN_POINT ( 'NONE',  ( 55.54000000000024073, 16.82923954403117150, -27.45999999999999019 ) ) ;
#216 = EDGE_LOOP ( 'NONE', ( #1239, #958, #1595, #967, #1481, #895, #1521, #449 ) ) ;
#217 = LINE ( 'NONE', #1115, #1695 ) ;
#218 = ORIENTED_EDGE ( 'NONE', *, *, #1246, .F. ) ;
#219 = EDGE_CURVE ( 'NONE', #677, #1103, #1470, .T. ) ;
#220 = DIRECTION ( 'NONE',  ( 0.000000000000000000, 0.000000000000000000, 1.000000000000000000 ) ) ;
#221 = CARTESIAN_POINT ( 'NONE',  ( 72.45999999999997954, 5.000000000000004441, 32.54000000000000625 ) ) ;
#222 = DIRECTION ( 'NONE',  ( -1.000000000000000000, -0.000000000000000000, -0.000000000000000000 ) ) ;
#223 = ORIENTED_EDGE ( 'NONE', *, *, #1392, .F. ) ;
#224 = CARTESIAN_POINT ( 'NONE',  ( -35.17000000000000881, 24.03006333144230666, -25.45999999999999019 ) ) ;
#225 = VERTEX_POINT ( 'NONE', #5 ) ;
#226 = AXIS2_PLACEMENT_3D ( 'NONE', #321, #1661, #170 ) ;
#227 = CARTESIAN_POINT ( 'NONE',  ( 55.53999999999999915, 39.82923954403116795, -25.45999999999999019 ) ) ;
#228 = ORIENTED_EDGE ( 'NONE', *, *, #1357, .F. ) ;
#229 = CARTESIAN_POINT ( 'NONE',  ( -72.46000000000000796, 5.000000000000004441, 28.72999999999999687 ) ) ;
#230 = VERTEX_POINT ( 'NONE', #1190 ) ;
#231 = DIRECTION ( 'NONE',  ( -0.000000000000000000, -0.000000000000000000, -1.000000000000000000 ) ) ;
#232 = VECTOR ( 'NONE', #1334, 1000.000000000000000 ) ;
#233 = DIRECTION ( 'NONE',  ( 1.000000000000000000, 0.000000000000000000, 2.731847993664247441E-15 ) ) ;
#234 = EDGE_LOOP ( 'NONE', ( #689, #555, #1378, #440 ) ) ;
#235 = VECTOR ( 'NONE', #1891, 1000.000000000000000 ) ;
#236 = MANIFOLD_SOLID_BREP ( 'Cut-Extrude7', #161 ) ;
#237 = CARTESIAN_POINT ( 'NONE',  ( -60.26475457404245617, 5.000000000000004441, -22.44265765304163551 ) ) ;
#238 = CARTESIAN_POINT ( 'NONE',  ( -75.00000000000001421, 7.524766660116894101, 5.250000000000009770 ) ) ;
#239 = EDGE_CURVE ( 'NONE', #947, #1913, #1625, .T. ) ;
#240 = CARTESIAN_POINT ( 'NONE',  ( 58.03999500000023914, 16.82923954403117150, -25.45999999999999019 ) ) ;
#241 = VERTEX_POINT ( 'NONE', #1335 ) ;
#242 = EDGE_CURVE ( 'NONE', #627, #1458, #1648, .T. ) ;
#243 = PLANE ( 'NONE',  #976 ) ;
#244 = CARTESIAN_POINT ( 'NONE',  ( 55.54000000000024073, 16.82923954403117150, -27.45999999999999019 ) ) ;
#245 = EDGE_LOOP ( 'NONE', ( #1331, #525 ) ) ;
#246 = VECTOR ( 'NONE', #1401, 1000.000000000000000 ) ;
#247 = LINE ( 'NONE', #730, #1711 ) ;
#248 = DIRECTION ( 'NONE',  ( -0.000000000000000000, -0.000000000000000000, -1.000000000000000000 ) ) ;
#249 = CARTESIAN_POINT ( 'NONE',  ( -60.26475457404245617, 5.000000000000004441, -22.44265765304163551 ) ) ;
#250 = PLANE ( 'NONE',  #1596 ) ;
#251 = EDGE_LOOP ( 'NONE', ( #86, #304 ) ) ;
#252 = EDGE_CURVE ( 'NONE', #1415, #615, #15, .T. ) ;
#253 = DIRECTION ( 'NONE',  ( -1.000000000000000000, 0.000000000000000000, 0.000000000000000000 ) ) ;
#254 = CARTESIAN_POINT ( 'NONE',  ( -72.46000000000000796, 7.524766660116894101, -5.249999999999991118 ) ) ;
#255 = EDGE_CURVE ( 'NONE', #677, #1498, #621, .T. ) ;
#256 = ORIENTED_EDGE ( 'NONE', *, *, #738, .F. ) ;
#257 = LINE ( 'NONE', #1168, #1119 ) ;
#258 = VECTOR ( 'NONE', #1071, 1000.000000000000000 ) ;
#259 = DIRECTION ( 'NONE',  ( 0.000000000000000000, 0.000000000000000000, 1.000000000000000000 ) ) ;
#260 = CARTESIAN_POINT ( 'NONE',  ( -72.46000000000000796, 5.000000000000004441, -27.45999999999999019 ) ) ;
#261 = CARTESIAN_POINT ( 'NONE',  ( -73.73000000000001819, 5.000000000000004441, 27.46000000000000085 ) ) ;
#262 = EDGE_LOOP ( 'NONE', ( #1193, #278, #500, #860 ) ) ;
#263 = VECTOR ( 'NONE', #1439, 1000.000000000000000 ) ;
#264 = FACE_OUTER_BOUND ( 'NONE', #1621, .T. ) ;
#265 = CYLINDRICAL_SURFACE ( 'NONE', #1386, 2.499994999999999745 ) ;
#266 = ORIENTED_EDGE ( 'NONE', *, *, #1790, .F. ) ;
#267 = EDGE_CURVE ( 'NONE', #1415, #177, #466, .T. ) ;
#268 = CARTESIAN_POINT ( 'NONE',  ( -72.46000000000000796, 80.00000000000000000, 28.72999999999999687 ) ) ;
#269 = ORIENTED_EDGE ( 'NONE', *, *, #92, .T. ) ;
#270 = LINE ( 'NONE', #1449, #586 ) ;
#271 = AXIS2_PLACEMENT_3D ( 'NONE', #848, #90, #1738 ) ;
#272 = FACE_OUTER_BOUND ( 'NONE', #1639, .T. ) ;
#273 = LINE ( 'NONE', #1872, #888 ) ;
#274 = CIRCLE ( 'NONE', #124, 1.250000000000001110 ) ;
#275 = EDGE_LOOP ( 'NONE', ( #1309, #201, #171, #1445 ) ) ;
#276 = FACE_OUTER_BOUND ( 'NONE', #931, .T. ) ;
#277 = DIRECTION ( 'NONE',  ( 0.000000000000000000, 1.000000000000000000, 0.000000000000000000 ) ) ;
#278 = ORIENTED_EDGE ( 'NONE', *, *, #657, .F. ) ;
#279 = VECTOR ( 'NONE', #1417, 1000.000000000000000 ) ;
#280 = AXIS2_PLACEMENT_3D ( 'NONE', #1777, #142, #1316 ) ;
#281 = DIRECTION ( 'NONE',  ( 0.000000000000000000, 0.000000000000000000, 1.000000000000000000 ) ) ;
#282 = ORIENTED_EDGE ( 'NONE', *, *, #1141, .F. ) ;
#283 = ADVANCED_FACE ( 'NONE', ( #745, #600 ), #1069, .T. ) ;
#284 = CARTESIAN_POINT ( 'NONE',  ( -2.540000000000014246, 0.000000000000000000, 8.175000000000002487 ) ) ;
#285 = FACE_OUTER_BOUND ( 'NONE', #1566, .T. ) ;
#286 = EDGE_CURVE ( 'NONE', #593, #796, #1747, .T. ) ;
#287 = ORIENTED_EDGE ( 'NONE', *, *, #1776, .T. ) ;
#288 = LINE ( 'NONE', #903, #661 ) ;
#289 = DIRECTION ( 'NONE',  ( -0.000000000000000000, -0.000000000000000000, -1.000000000000000000 ) ) ;
#290 = VERTEX_POINT ( 'NONE', #1344 ) ;
#291 = CARTESIAN_POINT ( 'NONE',  ( -75.00000000000001421, 80.00000000000000000, 30.00000000000000355 ) ) ;
#292 = VECTOR ( 'NONE', #149, 1000.000000000000000 ) ;
#293 = DIRECTION ( 'NONE',  ( 0.000000000000000000, 1.000000000000000000, 0.000000000000000000 ) ) ;
#294 = ADVANCED_FACE ( 'NONE', ( #26 ), #609, .F. ) ;
#295 = APPLICATION_PROTOCOL_DEFINITION ( 'draft international standard', 'automotive_design', 1998, #64 ) ;
#296 = EDGE_LOOP ( 'NONE', ( #1599, #1662, #1366, #485 ) ) ;
#297 = CARTESIAN_POINT ( 'NONE',  ( -73.73000000000001819, 5.000000000000004441, 28.73000000000000043 ) ) ;
#298 = DIRECTION ( 'NONE',  ( 1.000000000000000000, 0.000000000000000000, 2.731847993664247441E-15 ) ) ;
#299 = VERTEX_POINT ( 'NONE', #140 ) ;
#300 = DIRECTION ( 'NONE',  ( -0.000000000000000000, -0.000000000000000000, -1.000000000000000000 ) ) ;
#301 = AXIS2_PLACEMENT_3D ( 'NONE', #862, #1144, #1586 ) ;
#302 = CARTESIAN_POINT ( 'NONE',  ( -57.76475457404245617, 5.000000000000004441, -19.94265765304163551 ) ) ;
#303 = CIRCLE ( 'NONE', #1828, 1.250000000000007994 ) ;
#304 = ORIENTED_EDGE ( 'NONE', *, *, #1588, .F. ) ;
#305 = ADVANCED_FACE ( 'NONE', ( #1325 ), #1169, .T. ) ;
#306 = CARTESIAN_POINT ( 'NONE',  ( 54.29000000000024073, 16.82923954403117150, -27.45999999999999019 ) ) ;
#307 = DIRECTION ( 'NONE',  ( 1.000000000000000000, 0.000000000000000000, -0.000000000000000000 ) ) ;
#308 = ORIENTED_EDGE ( 'NONE', *, *, #817, .F. ) ;
#309 = EDGE_CURVE ( 'NONE', #809, #1090, #1365, .T. ) ;
#310 = DIRECTION ( 'NONE',  ( 0.000000000000000000, 0.000000000000000000, 1.000000000000000000 ) ) ;
#311 = LINE ( 'NONE', #743, #232 ) ;
#312 = ORIENTED_EDGE ( 'NONE', *, *, #1282, .T. ) ;
#313 = DIRECTION ( 'NONE',  ( 0.000000000000000000, 0.000000000000000000, 1.000000000000000000 ) ) ;
#314 = ORIENTED_EDGE ( 'NONE', *, *, #1712, .T. ) ;
#315 = DIRECTION ( 'NONE',  ( -1.000000000000000000, 0.000000000000000000, -0.000000000000000000 ) ) ;
#316 = PLANE ( 'NONE',  #360 ) ;
#317 = VERTEX_POINT ( 'NONE', #1212 ) ;
#318 = LINE ( 'NONE', #740, #1461 ) ;
#319 = EDGE_CURVE ( 'NONE', #543, #128, #970, .T. ) ;
#320 = ORIENTED_EDGE ( 'NONE', *, *, #1400, .T. ) ;
#321 = CARTESIAN_POINT ( 'NONE',  ( -2.540000000000014246, 0.000000000000000000, 4.999999999999997335 ) ) ;
#322 = VERTEX_POINT ( 'NONE', #899 ) ;
#323 = CARTESIAN_POINT ( 'NONE',  ( -75.00000000000001421, 0.000000000000000000, 30.00000000000000355 ) ) ;
#324 = VECTOR ( 'NONE', #220, 1000.000000000000000 ) ;
#325 = DIRECTION ( 'NONE',  ( -1.000000000000000000, -0.000000000000000000, 2.731847993664247441E-15 ) ) ;
#326 = ORIENTED_EDGE ( 'NONE', *, *, #1065, .F. ) ;
#327 = DIRECTION ( 'NONE',  ( -1.000000000000000000, 0.000000000000000000, 0.000000000000000000 ) ) ;
#328 = DIRECTION ( 'NONE',  ( -1.000000000000000000, 0.000000000000000000, 0.000000000000000000 ) ) ;
#329 = VERTEX_POINT ( 'NONE', #484 ) ;
#330 = ADVANCED_FACE ( 'NONE', ( #452 ), #1807, .F. ) ;
#331 = LINE ( 'NONE', #72, #1700 ) ;
#332 = CARTESIAN_POINT ( 'NONE',  ( -2.459999999999764597, 16.82923954403117150, -25.45999999999999019 ) ) ;
#333 = ORIENTED_EDGE ( 'NONE', *, *, #219, .F. ) ;
#334 = CARTESIAN_POINT ( 'NONE',  ( -73.73000000000001819, 80.00000000000000000, 27.46000000000000085 ) ) ;
#335 = DIRECTION ( 'NONE',  ( 0.000000000000000000, 0.000000000000000000, 1.000000000000000000 ) ) ;
#336 = ORIENTED_EDGE ( 'NONE', *, *, #514, .F. ) ;
#337 = CARTESIAN_POINT ( 'NONE',  ( -60.26475457404245617, 15.00000000000000533, -22.44265765304163551 ) ) ;
#338 = ORIENTED_EDGE ( 'NONE', *, *, #945, .T. ) ;
#339 = EDGE_CURVE ( 'NONE', #1135, #1761, #311, .T. ) ;
#340 = AXIS2_PLACEMENT_3D ( 'NONE', #755, #24, #1201 ) ;
#341 = EDGE_CURVE ( 'NONE', #102, #969, #919, .T. ) ;
#342 = AXIS2_PLACEMENT_3D ( 'NONE', #395, #1452, #134 ) ;
#343 = ORIENTED_EDGE ( 'NONE', *, *, #339, .T. ) ;
#344 = DIRECTION ( 'NONE',  ( -0.000000000000000000, -0.000000000000000000, -1.000000000000000000 ) ) ;
#345 = ORIENTED_EDGE ( 'NONE', *, *, #1819, .T. ) ;
#346 = DIRECTION ( 'NONE',  ( -1.156482317317871478E-16, -0.000000000000000000, -1.000000000000000000 ) ) ;
#347 = ORIENTED_EDGE ( 'NONE', *, *, #1127, .T. ) ;
#348 = ORIENTED_EDGE ( 'NONE', *, *, #896, .T. ) ;
#349 = EDGE_CURVE ( 'NONE', #163, #1090, #12, .T. ) ;
#350 = DIRECTION ( 'NONE',  ( 1.000000000000000000, -0.000000000000000000, -2.731847993664247441E-15 ) ) ;
#351 = ORIENTED_EDGE ( 'NONE', *, *, #193, .T. ) ;
#352 = FACE_BOUND ( 'NONE', #296, .T. ) ;
#353 = ORIENTED_EDGE ( 'NONE', *, *, #1139, .T. ) ;
#354 = STYLED_ITEM ( 'NONE', ( #455 ), #236 ) ;
#355 = EDGE_LOOP ( 'NONE', ( #17, #223, #1668, #1205 ) ) ;
#356 = CARTESIAN_POINT ( 'NONE',  ( -33.17000000000000171, 27.03006333144230666, -27.45999999999999019 ) ) ;
#357 = ORIENTED_EDGE ( 'NONE', *, *, #1830, .F. ) ;
#358 = EDGE_CURVE ( 'NONE', #768, #1787, #1827, .T. ) ;
#359 = CYLINDRICAL_SURFACE ( 'NONE', #890, 2.499994999999999745 ) ;
#360 = AXIS2_PLACEMENT_3D ( 'NONE', #174, #1063, #1651 ) ;
#361 = ORIENTED_EDGE ( 'NONE', *, *, #934, .T. ) ;
#362 = AXIS2_PLACEMENT_3D ( 'NONE', #1558, #1547, #85 ) ;
#363 = FACE_OUTER_BOUND ( 'NONE', #1064, .T. ) ;
#364 = LINE ( 'NONE', #221, #246 ) ;
#365 = VECTOR ( 'NONE', #120, 1000.000000000000000 ) ;
#366 = DIRECTION ( 'NONE',  ( 1.000000000000000000, 0.000000000000000000, -0.000000000000000000 ) ) ;
#367 = VERTEX_POINT ( 'NONE', #1796 ) ;
#368 = DIRECTION ( 'NONE',  ( 1.000000000000000000, 0.000000000000000000, -0.000000000000000000 ) ) ;
#369 = ORIENTED_EDGE ( 'NONE', *, *, #754, .F. ) ;
#370 = ADVANCED_FACE ( 'NONE', ( #999, #1154 ), #1123, .T. ) ;
#371 = DIRECTION ( 'NONE',  ( 1.000000000000000000, 0.000000000000000000, 0.000000000000000000 ) ) ;
#372 = ORIENTED_EDGE ( 'NONE', *, *, #157, .T. ) ;
#373 = CARTESIAN_POINT ( 'NONE',  ( -57.76475457404245617, 5.000000000000004441, -4.942657653041636401 ) ) ;
#374 = VECTOR ( 'NONE', #887, 1000.000000000000000 ) ;
#375 = ORIENTED_EDGE ( 'NONE', *, *, #528, .T. ) ;
#376 = DIRECTION ( 'NONE',  ( -0.000000000000000000, 1.000000000000000000, -0.000000000000000000 ) ) ;
#377 = DIRECTION ( 'NONE',  ( 0.000000000000000000, 0.000000000000000000, 1.000000000000000000 ) ) ;
#378 = ORIENTED_EDGE ( 'NONE', *, *, #1790, .T. ) ;
#379 = EDGE_CURVE ( 'NONE', #1569, #1097, #1741, .T. ) ;
#380 = DIRECTION ( 'NONE',  ( -0.000000000000000000, 0.000000000000000000, 1.000000000000000000 ) ) ;
#381 = LINE ( 'NONE', #260, #205 ) ;
#382 = EDGE_CURVE ( 'NONE', #768, #793, #397, .T. ) ;
#383 = PLANE ( 'NONE',  #271 ) ;
#384 = ORIENTED_EDGE ( 'NONE', *, *, #1551, .T. ) ;
#385 = FACE_OUTER_BOUND ( 'NONE', #1917, .T. ) ;
#386 = CARTESIAN_POINT ( 'NONE',  ( -2.460000000000003961, 39.82923954403116795, -27.45999999999999019 ) ) ;
#387 = VERTEX_POINT ( 'NONE', #1269 ) ;
#388 = PRODUCT_DEFINITION_CONTEXT ( 'detailed design', #64, 'design' ) ;
#389 = CIRCLE ( 'NONE', #1442, 3.175000000000004263 ) ;
#390 = DIRECTION ( 'NONE',  ( 1.000000000000000000, 0.000000000000000000, 0.000000000000000000 ) ) ;
#391 = VECTOR ( 'NONE', #823, 1000.000000000000000 ) ;
#392 = CARTESIAN_POINT ( 'NONE',  ( -60.26475457404245617, 15.00000000000000533, -22.44265765304163551 ) ) ;
#393 = ADVANCED_FACE ( 'NONE', ( #276 ), #243, .F. ) ;
#394 = DIRECTION ( 'NONE',  ( -1.000000000000000000, 0.000000000000000000, 0.000000000000000000 ) ) ;
#395 = CARTESIAN_POINT ( 'NONE',  ( -2.459999999999764597, 16.82923954403117150, -27.45999999999999019 ) ) ;
#396 = ORIENTED_EDGE ( 'NONE', *, *, #945, .F. ) ;
#397 = LINE ( 'NONE', #1730, #1665 ) ;
#398 = DIRECTION ( 'NONE',  ( -1.000000000000000000, 0.000000000000000000, 0.000000000000000000 ) ) ;
#399 = ORIENTED_EDGE ( 'NONE', *, *, #1576, .T. ) ;
#400 = CARTESIAN_POINT ( 'NONE',  ( 72.45999999999997954, 5.000000000000004441, -27.45999999999999019 ) ) ;
#401 = CARTESIAN_POINT ( 'NONE',  ( -2.540000000000014246, -0.07999999999999587996, 8.175000000000002487 ) ) ;
#402 = CARTESIAN_POINT ( 'NONE',  ( 9.735245425957550935, 5.000000000000004441, -22.44265765304163551 ) ) ;
#403 = DIRECTION ( 'NONE',  ( -2.312964634635746211E-15, 1.000000000000000000, 0.000000000000000000 ) ) ;
#404 = ORIENTED_EDGE ( 'NONE', *, *, #341, .T. ) ;
#405 = ADVANCED_FACE ( 'NONE', ( #385 ), #114, .F. ) ;
#406 = CARTESIAN_POINT ( 'NONE',  ( 72.45999999999997954, 5.000000000000004441, -27.45999999999999019 ) ) ;
#407 = PLANE ( 'NONE',  #1762 ) ;
#408 = ORIENTED_EDGE ( 'NONE', *, *, #157, .F. ) ;
#409 = DIRECTION ( 'NONE',  ( 1.000000000000000000, 0.000000000000000000, 0.000000000000000000 ) ) ;
#410 = VECTOR ( 'NONE', #160, 1000.000000000000000 ) ;
#411 = CIRCLE ( 'NONE', #1499, 2.499995000000001522 ) ;
#412 = FACE_OUTER_BOUND ( 'NONE', #145, .T. ) ;
#413 = CARTESIAN_POINT ( 'NONE',  ( -60.26475457404245617, 5.000000000000004441, -22.44265765304163551 ) ) ;
#414 = CARTESIAN_POINT ( 'NONE',  ( 72.45999999999997954, 80.00000000000000000, 0.000000000000000000 ) ) ;
#415 = ORIENTED_EDGE ( 'NONE', *, *, #1240, .F. ) ;
#416 = CYLINDRICAL_SURFACE ( 'NONE', #886, 2.499994999999997969 ) ;
#417 = DIRECTION ( 'NONE',  ( -1.000000000000000000, 0.000000000000000000, 0.000000000000000000 ) ) ;
#418 = ADVANCED_FACE ( 'NONE', ( #831 ), #416, .T. ) ;
#419 = ORIENTED_EDGE ( 'NONE', *, *, #987, .F. ) ;
#420 = DIRECTION ( 'NONE',  ( 1.000000000000000000, -0.000000000000000000, 0.000000000000000000 ) ) ;
#421 = CARTESIAN_POINT ( 'NONE',  ( -2.540000000000014246, 5.000000000000004441, 4.999999999999997335 ) ) ;
#422 = VECTOR ( 'NONE', #916, 1000.000000000000000 ) ;
#423 = DIRECTION ( 'NONE',  ( 0.000000000000000000, 0.000000000000000000, 1.000000000000000000 ) ) ;
#424 = LINE ( 'NONE', #1051, #1898 ) ;
#425 = VECTOR ( 'NONE', #1587, 1000.000000000000000 ) ;
#426 = ORIENTED_EDGE ( 'NONE', *, *, #1576, .F. ) ;
#427 = CARTESIAN_POINT ( 'NONE',  ( -2.460000000000003961, 39.82923954403116795, -25.45999999999999019 ) ) ;
#428 = CARTESIAN_POINT ( 'NONE',  ( -2.459999999999764597, 16.82923954403117150, -25.45999999999999019 ) ) ;
#429 = VERTEX_POINT ( 'NONE', #822 ) ;
#430 = VECTOR ( 'NONE', #1370, 1000.000000000000000 ) ;
#431 = CIRCLE ( 'NONE', #1516, 1.250000000000001554 ) ;
#432 = FACE_BOUND ( 'NONE', #758, .T. ) ;
#433 = ORIENTED_EDGE ( 'NONE', *, *, #1614, .T. ) ;
#434 = EDGE_CURVE ( 'NONE', #387, #605, #1472, .T. ) ;
#435 = CARTESIAN_POINT ( 'NONE',  ( -72.46000000000000796, 80.00000000000000000, 30.00000000000000355 ) ) ;
#436 = CARTESIAN_POINT ( 'NONE',  ( 72.45999999999997954, 5.000000000000004441, -27.45999999999999019 ) ) ;
#437 = ORIENTED_EDGE ( 'NONE', *, *, #1712, .F. ) ;
#438 = DIRECTION ( 'NONE',  ( -1.000000000000000000, 0.000000000000000000, 0.000000000000000000 ) ) ;
#439 = CARTESIAN_POINT ( 'NONE',  ( -75.00000000000001421, 80.00000000000000000, 30.00000000000000355 ) ) ;
#440 = ORIENTED_EDGE ( 'NONE', *, *, #1392, .T. ) ;
#441 = CARTESIAN_POINT ( 'NONE',  ( 55.54000000000024073, 16.82923954403117150, -27.45999999999999019 ) ) ;
#442 = CIRCLE ( 'NONE', #533, 2.499995000000001077 ) ;
#443 = DIRECTION ( 'NONE',  ( -1.000000000000000000, -1.734723475976805517E-15, 0.000000000000000000 ) ) ;
#444 = ADVANCED_FACE ( 'NONE', ( #264 ), #1311, .T. ) ;
#445 = CARTESIAN_POINT ( 'NONE',  ( -35.17000000000001592, 27.03006333144230311, -25.45999999999999019 ) ) ;
#446 = ORIENTED_EDGE ( 'NONE', *, *, #1379, .F. ) ;
#447 = CYLINDRICAL_SURFACE ( 'NONE', #1749, 2.499994999999997969 ) ;
#448 = PLANE ( 'NONE',  #489 ) ;
#449 = ORIENTED_EDGE ( 'NONE', *, *, #563, .T. ) ;
#450 = AXIS2_PLACEMENT_3D ( 'NONE', #332, #1172, #1214 ) ;
#451 = DIRECTION ( 'NONE',  ( 1.000000000000000000, 0.000000000000000000, 0.000000000000000000 ) ) ;
#452 = FACE_OUTER_BOUND ( 'NONE', #920, .T. ) ;
#453 = ORIENTED_EDGE ( 'NONE', *, *, #1180, .F. ) ;
#454 = CARTESIAN_POINT ( 'NONE',  ( -72.46000000000000796, 80.00000000000000000, -27.45999999999999019 ) ) ;
#455 = PRESENTATION_STYLE_ASSIGNMENT (( #878 ) ) ;
#456 = ADVANCED_FACE ( 'NONE', ( #1454 ), #136, .F. ) ;
#457 = VECTOR ( 'NONE', #928, 1000.000000000000000 ) ;
#458 = VERTEX_POINT ( 'NONE', #126 ) ;
#459 = ADVANCED_FACE ( 'NONE', ( #1300 ), #707, .F. ) ;
#460 = CARTESIAN_POINT ( 'NONE',  ( 72.45999999999996533, 80.00000000000000000, 30.00000000000000355 ) ) ;
#461 = AXIS2_PLACEMENT_3D ( 'NONE', #1211, #1655, #327 ) ;
#462 = DIRECTION ( 'NONE',  ( -1.000000000000000000, 0.000000000000000000, 0.000000000000000000 ) ) ;
#463 = ORIENTED_EDGE ( 'NONE', *, *, #349, .F. ) ;
#464 = DIRECTION ( 'NONE',  ( -0.000000000000000000, -0.000000000000000000, -1.000000000000000000 ) ) ;
#465 = ORIENTED_EDGE ( 'NONE', *, *, #610, .T. ) ;
#466 = LINE ( 'NONE', #1800, #410 ) ;
#467 = ORIENTED_EDGE ( 'NONE', *, *, #538, .T. ) ;
#468 = DIRECTION ( 'NONE',  ( -0.000000000000000000, -0.000000000000000000, -1.000000000000000000 ) ) ;
#469 = CARTESIAN_POINT ( 'NONE',  ( 55.53999999999999915, 39.82923954403116795, -27.45999999999999019 ) ) ;
#470 = EDGE_LOOP ( 'NONE', ( #1835, #369, #437, #1116 ) ) ;
#471 = ADVANCED_FACE ( 'NONE', ( #1567 ), #526, .F. ) ;
#472 = DIRECTION ( 'NONE',  ( 0.000000000000000000, 0.000000000000000000, 1.000000000000000000 ) ) ;
#473 = ORIENTED_EDGE ( 'NONE', *, *, #286, .F. ) ;
#474 = DIRECTION ( 'NONE',  ( 0.000000000000000000, 0.000000000000000000, 1.000000000000000000 ) ) ;
#475 = AXIS2_PLACEMENT_3D ( 'NONE', #400, #1314, #1919 ) ;
#476 = AXIS2_PLACEMENT_3D ( 'NONE', #1904, #1422, #103 ) ;
#477 = EDGE_LOOP ( 'NONE', ( #885, #534, #282, #747 ) ) ;
#478 = AXIS2_PLACEMENT_3D ( 'NONE', #579, #1897, #1148 ) ;
#479 = LINE ( 'NONE', #87, #187 ) ;
#480 = LINE ( 'NONE', #873, #1384 ) ;
#481 = ORIENTED_EDGE ( 'NONE', *, *, #1421, .T. ) ;
#482 = ADVANCED_FACE ( 'NONE', ( #687 ), #1279, .F. ) ;
#483 = CARTESIAN_POINT ( 'NONE',  ( -75.00000000000001421, 0.000000000000000000, -29.99999999999999289 ) ) ;
#484 = CARTESIAN_POINT ( 'NONE',  ( 0.03999499999999710231, 39.82923954403116795, -25.45999999999999019 ) ) ;
#485 = ORIENTED_EDGE ( 'NONE', *, *, #801, .F. ) ;
#486 = CARTESIAN_POINT ( 'NONE',  ( -35.17000000000001592, 27.03006333144230311, -25.45999999999999019 ) ) ;
#487 = AXIS2_PLACEMENT_3D ( 'NONE', #991, #376, #1751 ) ;
#488 = ORIENTED_EDGE ( 'NONE', *, *, #807, .F. ) ;
#489 = AXIS2_PLACEMENT_3D ( 'NONE', #165, #29, #749 ) ;
#490 = FACE_OUTER_BOUND ( 'NONE', #69, .T. ) ;
#491 = EDGE_LOOP ( 'NONE', ( #343, #1892, #1263, #76 ) ) ;
#492 = CYLINDRICAL_SURFACE ( 'NONE', #362, 1.250000000000001110 ) ;
#493 = CARTESIAN_POINT ( 'NONE',  ( 73.73000000000001819, 5.000000000000004441, 28.73000000000000043 ) ) ;
#494 = ORIENTED_EDGE ( 'NONE', *, *, #829, .T. ) ;
#495 = CARTESIAN_POINT ( 'NONE',  ( -72.46000000000000796, 5.000000000000004441, 28.72999999999999687 ) ) ;
#496 = ADVANCED_FACE ( 'NONE', ( #544 ), #1431, .F. ) ;
#497 = EDGE_CURVE ( 'NONE', #1406, #881, #411, .T. ) ;
#498 = PLANE ( 'NONE',  #744 ) ;
#499 = DIRECTION ( 'NONE',  ( 0.000000000000000000, -1.000000000000000000, 0.000000000000000000 ) ) ;
#500 = ORIENTED_EDGE ( 'NONE', *, *, #1053, .T. ) ;
#501 = LINE ( 'NONE', #1082, #1050 ) ;
#502 = ORIENTED_EDGE ( 'NONE', *, *, #41, .T. ) ;
#503 = EDGE_CURVE ( 'NONE', #1157, #102, #603, .T. ) ;
#504 = VERTEX_POINT ( 'NONE', #323 ) ;
#505 = DIRECTION ( 'NONE',  ( 0.000000000000000000, 0.000000000000000000, -1.000000000000000000 ) ) ;
#506 = VERTEX_POINT ( 'NONE', #180 ) ;
#507 = VECTOR ( 'NONE', #1543, 1000.000000000000000 ) ;
#508 = DIRECTION ( 'NONE',  ( 1.000000000000000000, 0.000000000000000000, 0.000000000000000000 ) ) ;
#509 = ORIENTED_EDGE ( 'NONE', *, *, #1654, .F. ) ;
#510 = PRESENTATION_LAYER_ASSIGNMENT (  '', '', ( #354 ) ) ;
#511 = DIRECTION ( 'NONE',  ( 1.000000000000000000, 0.000000000000000000, 0.000000000000000000 ) ) ;
#512 = CARTESIAN_POINT ( 'NONE',  ( -2.459999999999764597, 16.82923954403117150, -25.45999999999999019 ) ) ;
#513 = LINE ( 'NONE', #1080, #1562 ) ;
#514 = EDGE_CURVE ( 'NONE', #1808, #1009, #8, .T. ) ;
#515 = ORIENTED_EDGE ( 'NONE', *, *, #242, .F. ) ;
#516 = EDGE_CURVE ( 'NONE', #929, #518, #1184, .T. ) ;
#517 = CARTESIAN_POINT ( 'NONE',  ( 0.000000000000000000, 15.00000000000000533, 0.000000000000000000 ) ) ;
#518 = VERTEX_POINT ( 'NONE', #306 ) ;
#519 = CIRCLE ( 'NONE', #1356, 2.499995000000000189 ) ;
#520 = CARTESIAN_POINT ( 'NONE',  ( 74.99999999999998579, 80.00000000000000000, 30.00000000000000355 ) ) ;
#521 = ORIENTED_EDGE ( 'NONE', *, *, #1232, .T. ) ;
#522 = AXIS2_PLACEMENT_3D ( 'NONE', #421, #293, #1326 ) ;
#523 = VECTOR ( 'NONE', #474, 1000.000000000000000 ) ;
#524 = LINE ( 'NONE', #1687, #1048 ) ;
#525 = ORIENTED_EDGE ( 'NONE', *, *, #1776, .F. ) ;
#526 = PLANE ( 'NONE',  #476 ) ;
#527 = DIRECTION ( 'NONE',  ( 0.000000000000000000, 0.000000000000000000, 1.000000000000000000 ) ) ;
#528 = EDGE_CURVE ( 'NONE', #1787, #1816, #1348, .T. ) ;
#529 = VERTEX_POINT ( 'NONE', #460 ) ;
#530 = CARTESIAN_POINT ( 'NONE',  ( 9.735245425957550935, 15.00000000000000533, -2.442657653041635513 ) ) ;
#531 = LINE ( 'NONE', #553, #1191 ) ;
#532 = DIRECTION ( 'NONE',  ( 1.000000000000000000, 0.000000000000000000, 0.000000000000000000 ) ) ;
#533 = AXIS2_PLACEMENT_3D ( 'NONE', #1885, #1590, #854 ) ;
#534 = ORIENTED_EDGE ( 'NONE', *, *, #955, .F. ) ;
#535 = CARTESIAN_POINT ( 'NONE',  ( -72.46000000000000796, 13.52476666011689410, -5.249999999999991118 ) ) ;
#536 = CARTESIAN_POINT ( 'NONE',  ( 72.45999999999997954, 5.000000000000004441, 30.00000000000000355 ) ) ;
#537 = ORIENTED_EDGE ( 'NONE', *, *, #1918, .T. ) ;
#538 = EDGE_CURVE ( 'NONE', #529, #1569, #288, .T. ) ;
#539 = EDGE_CURVE ( 'NONE', #1097, #116, #1915, .T. ) ;
#540 = LINE ( 'NONE', #1870, #430 ) ;
#541 = CARTESIAN_POINT ( 'NONE',  ( -60.26475457404245617, 15.00000000000000533, -22.44265765304163551 ) ) ;
#542 = LINE ( 'NONE', #746, #1838 ) ;
#543 = VERTEX_POINT ( 'NONE', #28 ) ;
#544 = FACE_OUTER_BOUND ( 'NONE', #1632, .T. ) ;
#545 = VECTOR ( 'NONE', #752, 1000.000000000000000 ) ;
#546 = DIRECTION ( 'NONE',  ( -1.000000000000000000, 0.000000000000000000, 0.000000000000000000 ) ) ;
#547 = ORIENTED_EDGE ( 'NONE', *, *, #868, .F. ) ;
#548 = CIRCLE ( 'NONE', #641, 2.499994999999997969 ) ;
#549 = CARTESIAN_POINT ( 'NONE',  ( -75.00000000000001421, 13.52476666011689410, -5.249999999999991118 ) ) ;
#550 = VECTOR ( 'NONE', #417, 1000.000000000000000 ) ;
#551 = CARTESIAN_POINT ( 'NONE',  ( -33.17000000000000881, 27.03006333144230666, -25.45999999999999019 ) ) ;
#552 = EDGE_CURVE ( 'NONE', #504, #1358, #915, .T. ) ;
#553 = CARTESIAN_POINT ( 'NONE',  ( 53.04000500000024232, 16.82923954403117150, -25.45999999999999019 ) ) ;
#554 = DIRECTION ( 'NONE',  ( 1.000000000000000000, 2.312964634635746211E-15, -0.000000000000000000 ) ) ;
#555 = ORIENTED_EDGE ( 'NONE', *, *, #1689, .F. ) ;
#556 = CARTESIAN_POINT ( 'NONE',  ( -2.460000000000003961, 39.82923954403116795, -27.45999999999999019 ) ) ;
#557 = CARTESIAN_POINT ( 'NONE',  ( 53.04000500000000073, 39.82923954403116795, -25.45999999999999019 ) ) ;
#558 = EDGE_LOOP ( 'NONE', ( #727, #152, #1251, #372 ) ) ;
#559 = AXIS2_PLACEMENT_3D ( 'NONE', #1298, #858, #1911 ) ;
#560 = CARTESIAN_POINT ( 'NONE',  ( -1.209999999999762821, 16.82923954403117150, -25.45999999999999019 ) ) ;
#561 = LINE ( 'NONE', #401, #674 ) ;
#562 = LINE ( 'NONE', #413, #1528 ) ;
#563 = EDGE_CURVE ( 'NONE', #529, #1430, #1759, .T. ) ;
#564 = DIRECTION ( 'NONE',  ( -1.000000000000000000, 0.000000000000000000, 0.000000000000000000 ) ) ;
#565 = ORIENTED_EDGE ( 'NONE', *, *, #1357, .T. ) ;
#566 = DIRECTION ( 'NONE',  ( -0.000000000000000000, 0.000000000000000000, -1.000000000000000000 ) ) ;
#567 = DIRECTION ( 'NONE',  ( 0.000000000000000000, 0.000000000000000000, 1.000000000000000000 ) ) ;
#568 = ORIENTED_EDGE ( 'NONE', *, *, #349, .T. ) ;
#569 = FACE_BOUND ( 'NONE', #1453, .T. ) ;
#570 = VECTOR ( 'NONE', #1207, 1000.000000000000000 ) ;
#571 = LINE ( 'NONE', #1029, #618 ) ;
#572 = LINE ( 'NONE', #869, #1041 ) ;
#573 = DIRECTION ( 'NONE',  ( -0.000000000000000000, 0.000000000000000000, 1.000000000000000000 ) ) ;
#574 = EDGE_LOOP ( 'NONE', ( #1315, #433, #1884, #326 ) ) ;
#575 = CARTESIAN_POINT ( 'NONE',  ( -75.00000000000001421, 80.00000000000000000, -29.99999999999999289 ) ) ;
#576 = CARTESIAN_POINT ( 'NONE',  ( -2.540000000000014246, 5.000000000000004441, 1.824999999999992406 ) ) ;
#577 = ORIENTED_EDGE ( 'NONE', *, *, #798, .T. ) ;
#578 = FACE_BOUND ( 'NONE', #806, .T. ) ;
#579 = CARTESIAN_POINT ( 'NONE',  ( -2.540000000000014246, -0.07999999999999587996, 4.999999999999997335 ) ) ;
#580 = VERTEX_POINT ( 'NONE', #1772 ) ;
#581 = CARTESIAN_POINT ( 'NONE',  ( -33.17000000000000881, 27.03006333144230666, -25.45999999999999019 ) ) ;
#582 = ORIENTED_EDGE ( 'NONE', *, *, #1398, .F. ) ;
#583 = CARTESIAN_POINT ( 'NONE',  ( -3.709999999999765929, 16.82923954403117150, -27.45999999999999019 ) ) ;
#584 = CARTESIAN_POINT ( 'NONE',  ( 55.53999999999999915, 39.82923954403116795, -27.45999999999999019 ) ) ;
#585 = ORIENTED_EDGE ( 'NONE', *, *, #656, .F. ) ;
#586 = VECTOR ( 'NONE', #1038, 1000.000000000000000 ) ;
#587 = ADVANCED_FACE ( 'NONE', ( #736 ), #1329, .F. ) ;
#588 = CARTESIAN_POINT ( 'NONE',  ( -57.76475457404245617, 5.000000000000004441, -4.942657653041636401 ) ) ;
#589 = VECTOR ( 'NONE', #67, 1000.000000000000000 ) ;
#590 = LINE ( 'NONE', #1887, #37 ) ;
#591 = FILL_AREA_STYLE_COLOUR ( '', #1098 ) ;
#592 = DIRECTION ( 'NONE',  ( 1.000000000000000000, 0.000000000000000000, 0.000000000000000000 ) ) ;
#593 = VERTEX_POINT ( 'NONE', #1022 ) ;
#594 = DIRECTION ( 'NONE',  ( 0.000000000000000000, 0.000000000000000000, 1.000000000000000000 ) ) ;
#595 = CARTESIAN_POINT ( 'NONE',  ( 9.735245425957550935, 15.00000000000000533, -22.44265765304163551 ) ) ;
#596 = ORIENTED_EDGE ( 'NONE', *, *, #309, .T. ) ;
#597 = DIRECTION ( 'NONE',  ( 1.000000000000000000, 0.000000000000000000, 0.000000000000000000 ) ) ;
#598 = ADVANCED_FACE ( 'NONE', ( #1054 ), #447, .T. ) ;
#599 = DIRECTION ( 'NONE',  ( -0.000000000000000000, -0.000000000000000000, -1.000000000000000000 ) ) ;
#600 = FACE_BOUND ( 'NONE', #245, .T. ) ;
#601 = EDGE_CURVE ( 'NONE', #169, #1750, #146, .T. ) ;
#602 = EDGE_LOOP ( 'NONE', ( #1820, #266, #892, #1227 ) ) ;
#603 = LINE ( 'NONE', #725, #813 ) ;
#604 = DIRECTION ( 'NONE',  ( -1.000000000000000000, 0.000000000000000000, 0.000000000000000000 ) ) ;
#605 = VERTEX_POINT ( 'NONE', #583 ) ;
#606 = VECTOR ( 'NONE', #836, 1000.000000000000000 ) ;
#607 = LINE ( 'NONE', #1197, #48 ) ;
#608 = ORIENTED_EDGE ( 'NONE', *, *, #239, .F. ) ;
#609 = CYLINDRICAL_SURFACE ( 'NONE', #478, 3.175000000000004263 ) ;
#610 = EDGE_CURVE ( 'NONE', #1408, #1196, #1176, .T. ) ;
#611 = AXIS2_PLACEMENT_3D ( 'NONE', #667, #344, #192 ) ;
#612 = VERTEX_POINT ( 'NONE', #297 ) ;
#613 = CARTESIAN_POINT ( 'NONE',  ( 72.45999999999996533, 80.00000000000000000, 30.00000000000000355 ) ) ;
#614 = CARTESIAN_POINT ( 'NONE',  ( 72.46000000000000796, 80.00000000000000000, 27.46000000000000441 ) ) ;
#615 = VERTEX_POINT ( 'NONE', #1492 ) ;
#616 = CARTESIAN_POINT ( 'NONE',  ( 7.235245425957550047, 5.000000000000004441, -4.942657653041636401 ) ) ;
#617 = ORIENTED_EDGE ( 'NONE', *, *, #1740, .T. ) ;
#618 = VECTOR ( 'NONE', #1181, 1000.000000000000000 ) ;
#619 = VECTOR ( 'NONE', #599, 1000.000000000000000 ) ;
#620 = DIRECTION ( 'NONE',  ( 2.731847993664247441E-15, 0.000000000000000000, 1.000000000000000000 ) ) ;
#621 = LINE ( 'NONE', #889, #1156 ) ;
#622 = AXIS2_PLACEMENT_3D ( 'NONE', #1121, #1727, #1706 ) ;
#623 = ORIENTED_EDGE ( 'NONE', *, *, #789, .F. ) ;
#624 = ADVANCED_FACE ( 'NONE', ( #883, #1043 ), #1474, .T. ) ;
#625 = DIRECTION ( 'NONE',  ( -0.000000000000000000, -0.000000000000000000, -1.000000000000000000 ) ) ;
#626 = CARTESIAN_POINT ( 'NONE',  ( 0.000000000000000000, 0.000000000000000000, -25.45999999999999019 ) ) ;
#627 = VERTEX_POINT ( 'NONE', #164 ) ;
#628 = ADVANCED_FACE ( 'NONE', ( #748 ), #1337, .F. ) ;
#629 = LINE ( 'NONE', #176, #141 ) ;
#630 = ORIENTED_EDGE ( 'NONE', *, *, #955, .T. ) ;
#631 = CIRCLE ( 'NONE', #1861, 1.250000000000007994 ) ;
#632 = ORIENTED_EDGE ( 'NONE', *, *, #1013, .F. ) ;
#633 = CARTESIAN_POINT ( 'NONE',  ( 72.45999999999997954, 80.00000000000000000, 0.000000000000000000 ) ) ;
#634 = CARTESIAN_POINT ( 'NONE',  ( -72.46000000000000796, 80.00000000000000000, -27.45999999999999019 ) ) ;
#635 = ORIENTED_EDGE ( 'NONE', *, *, #1028, .F. ) ;
#636 = CARTESIAN_POINT ( 'NONE',  ( 55.53999999999999915, 39.82923954403116795, -25.45999999999999019 ) ) ;
#637 = CARTESIAN_POINT ( 'NONE',  ( -2.459999999999764597, 16.82923954403117150, -25.45999999999999019 ) ) ;
#638 = ORIENTED_EDGE ( 'NONE', *, *, #1626, .T. ) ;
#639 = CARTESIAN_POINT ( 'NONE',  ( -72.46000000000000796, 5.000000000000004441, 28.72999999999999687 ) ) ;
#640 = FACE_OUTER_BOUND ( 'NONE', #1061, .T. ) ;
#641 = AXIS2_PLACEMENT_3D ( 'NONE', #469, #19, #604 ) ;
#642 = DIRECTION ( 'NONE',  ( 1.000000000000000000, 0.000000000000000000, 0.000000000000000000 ) ) ;
#643 = ORIENTED_EDGE ( 'NONE', *, *, #1077, .T. ) ;
#644 = CIRCLE ( 'NONE', #186, 2.499994999999997969 ) ;
#645 = FACE_OUTER_BOUND ( 'NONE', #91, .T. ) ;
#646 = PRODUCT ( 'Radar Enclosure 0.4', 'Radar Enclosure 0.4', '', ( #1463 ) ) ;
#647 = EDGE_LOOP ( 'NONE', ( #1673, #833, #1376, #1479 ) ) ;
#648 = ADVANCED_FACE ( 'NONE', ( #1878 ), #1216, .F. ) ;
#649 = APPLICATION_CONTEXT ( 'automotive_design' ) ;
#650 = EDGE_CURVE ( 'NONE', #653, #299, #965, .T. ) ;
#651 = ORIENTED_EDGE ( 'NONE', *, *, #167, .T. ) ;
#652 = DIRECTION ( 'NONE',  ( 0.000000000000000000, 0.000000000000000000, -1.000000000000000000 ) ) ;
#653 = VERTEX_POINT ( 'NONE', #392 ) ;
#654 = DIRECTION ( 'NONE',  ( -1.000000000000000000, 0.000000000000000000, 0.000000000000000000 ) ) ;
#655 = ORIENTED_EDGE ( 'NONE', *, *, #678, .F. ) ;
#656 = EDGE_CURVE ( 'NONE', #1627, #696, #1225, .T. ) ;
#657 = EDGE_CURVE ( 'NONE', #828, #329, #843, .T. ) ;
#658 = CARTESIAN_POINT ( 'NONE',  ( -75.00000000000001421, 7.524766660116894101, -5.249999999999991118 ) ) ;
#659 = CYLINDRICAL_SURFACE ( 'NONE', #611, 1.250000000000001554 ) ;
#660 = VERTEX_POINT ( 'NONE', #1813 ) ;
#661 = VECTOR ( 'NONE', #1619, 1000.000000000000000 ) ;
#662 = CARTESIAN_POINT ( 'NONE',  ( 55.53999999999999915, 39.82923954403116795, -25.45999999999999019 ) ) ;
#663 = EDGE_LOOP ( 'NONE', ( #1183, #1302, #638, #312 ) ) ;
#664 = LINE ( 'NONE', #1099, #1450 ) ;
#665 = DIRECTION ( 'NONE',  ( 1.000000000000000000, 0.000000000000000000, 0.000000000000000000 ) ) ;
#666 = EDGE_CURVE ( 'NONE', #793, #169, #1704, .T. ) ;
#667 = CARTESIAN_POINT ( 'NONE',  ( -2.460000000000003961, 39.82923954403116795, -25.45999999999999019 ) ) ;
#668 = ORIENTED_EDGE ( 'NONE', *, *, #1551, .F. ) ;
#669 = LINE ( 'NONE', #939, #1832 ) ;
#670 = VERTEX_POINT ( 'NONE', #1399 ) ;
#671 = AXIS2_PLACEMENT_3D ( 'NONE', #1731, #1001, #708 ) ;
#672 = CARTESIAN_POINT ( 'NONE',  ( -72.46000000000000796, 5.000000000000004441, 27.46000000000000441 ) ) ;
#673 = LINE ( 'NONE', #802, #1486 ) ;
#674 = VECTOR ( 'NONE', #1017, 1000.000000000000000 ) ;
#675 = AXIS2_PLACEMENT_3D ( 'NONE', #109, #877, #867 ) ;
#676 = DIRECTION ( 'NONE',  ( -0.000000000000000000, -1.000000000000000000, -0.000000000000000000 ) ) ;
#677 = VERTEX_POINT ( 'NONE', #1552 ) ;
#678 = EDGE_CURVE ( 'NONE', #543, #905, #664, .T. ) ;
#679 = CARTESIAN_POINT ( 'NONE',  ( 74.99999999999998579, 80.00000000000000000, 30.00000000000000355 ) ) ;
#680 = FACE_OUTER_BOUND ( 'NONE', #1653, .T. ) ;
#681 = ADVANCED_FACE ( 'NONE', ( #79 ), #1663, .F. ) ;
#682 = ORIENTED_EDGE ( 'NONE', *, *, #1462, .F. ) ;
#683 = LINE ( 'NONE', #1274, #1515 ) ;
#684 = DIRECTION ( 'NONE',  ( -0.000000000000000000, 0.000000000000000000, -1.000000000000000000 ) ) ;
#685 = CARTESIAN_POINT ( 'NONE',  ( 73.73000000000001819, 80.00000000000000000, 27.46000000000000085 ) ) ;
#686 = ORIENTED_EDGE ( 'NONE', *, *, #1130, .T. ) ;
#687 = FACE_OUTER_BOUND ( 'NONE', #849, .T. ) ;
#688 = DIRECTION ( 'NONE',  ( 0.000000000000000000, 0.000000000000000000, 1.000000000000000000 ) ) ;
#689 = ORIENTED_EDGE ( 'NONE', *, *, #40, .T. ) ;
#690 = ADVANCED_FACE ( 'NONE', ( #191 ), #99, .F. ) ;
#691 = CARTESIAN_POINT ( 'NONE',  ( 72.45999999999997954, 80.00000000000000000, -27.45999999999999019 ) ) ;
#692 = DIRECTION ( 'NONE',  ( -0.000000000000000000, -0.000000000000000000, -1.000000000000000000 ) ) ;
#693 = CARTESIAN_POINT ( 'NONE',  ( -1.210000000000002407, 39.82923954403116795, -25.45999999999999019 ) ) ;
#694 = VECTOR ( 'NONE', #1769, 1000.000000000000000 ) ;
#695 = CARTESIAN_POINT ( 'NONE',  ( -35.17000000000001592, 27.03006333144230311, -25.45999999999999019 ) ) ;
#696 = VERTEX_POINT ( 'NONE', #334 ) ;
#697 = DIRECTION ( 'NONE',  ( 0.000000000000000000, 0.000000000000000000, -1.000000000000000000 ) ) ;
#698 = DIRECTION ( 'NONE',  ( -1.156482317317871478E-16, 0.000000000000000000, -1.000000000000000000 ) ) ;
#699 = ORIENTED_EDGE ( 'NONE', *, *, #144, .F. ) ;
#700 = CIRCLE ( 'NONE', #1633, 1.250000000000001554 ) ;
#701 = EDGE_CURVE ( 'NONE', #660, #225, #779, .T. ) ;
#702 = CIRCLE ( 'NONE', #1261, 2.499994999999997969 ) ;
#703 = CARTESIAN_POINT ( 'NONE',  ( 55.53999999999999915, 39.82923954403116795, -25.45999999999999019 ) ) ;
#704 = DIRECTION ( 'NONE',  ( -0.000000000000000000, -0.000000000000000000, -1.000000000000000000 ) ) ;
#705 = DIRECTION ( 'NONE',  ( -1.000000000000000000, -0.000000000000000000, -0.000000000000000000 ) ) ;
#706 = EDGE_LOOP ( 'NONE', ( #336, #630, #1512, #1881 ) ) ;
#707 = PLANE ( 'NONE',  #1308 ) ;
#708 = DIRECTION ( 'NONE',  ( 0.000000000000000000, -0.000000000000000000, -1.000000000000000000 ) ) ;
#709 = ORIENTED_EDGE ( 'NONE', *, *, #1084, .T. ) ;
#710 = FACE_OUTER_BOUND ( 'NONE', #1079, .T. ) ;
#711 = CARTESIAN_POINT ( 'NONE',  ( 7.235245425957550047, 5.000000000000004441, -4.942657653041636401 ) ) ;
#712 = DIRECTION ( 'NONE',  ( -1.000000000000000000, 0.000000000000000000, 0.000000000000000000 ) ) ;
#713 = DIRECTION ( 'NONE',  ( 1.000000000000000000, 0.000000000000000000, 0.000000000000000000 ) ) ;
#714 = EDGE_LOOP ( 'NONE', ( #1073, #1546, #1670, #1322 ) ) ;
#715 = DIRECTION ( 'NONE',  ( 0.000000000000000000, 0.000000000000000000, 1.000000000000000000 ) ) ;
#716 = DIRECTION ( 'NONE',  ( 1.000000000000000000, 0.000000000000000000, -1.156482317317871478E-16 ) ) ;
#717 = VECTOR ( 'NONE', #158, 1000.000000000000000 ) ;
#718 = ORIENTED_EDGE ( 'NONE', *, *, #1398, .T. ) ;
#719 = CARTESIAN_POINT ( 'NONE',  ( 56.79000000000024073, 16.82923954403117150, -25.45999999999999019 ) ) ;
#720 = VECTOR ( 'NONE', #328, 1000.000000000000000 ) ;
#721 = CARTESIAN_POINT ( 'NONE',  ( -1.210000000000002407, 39.82923954403116795, -25.45999999999999019 ) ) ;
#722 = LINE ( 'NONE', #975, #762 ) ;
#723 = ORIENTED_EDGE ( 'NONE', *, *, #379, .T. ) ;
#724 = EDGE_CURVE ( 'NONE', #612, #458, #1254, .T. ) ;
#725 = CARTESIAN_POINT ( 'NONE',  ( -72.46000000000000796, 13.52476666011689410, -5.249999999999991118 ) ) ;
#726 = CARTESIAN_POINT ( 'NONE',  ( -75.00000000000001421, 5.000000000000004441, 30.00000000000000355 ) ) ;
#727 = ORIENTED_EDGE ( 'NONE', *, *, #1345, .T. ) ;
#728 = EDGE_CURVE ( 'NONE', #1765, #1913, #479, .T. ) ;
#729 = VECTOR ( 'NONE', #1786, 1000.000000000000000 ) ;
#730 = CARTESIAN_POINT ( 'NONE',  ( -4.959994999999763898, 16.82923954403117150, -25.45999999999999019 ) ) ;
#731 = AXIS2_PLACEMENT_3D ( 'NONE', #1072, #1338, #1360 ) ;
#732 = CARTESIAN_POINT ( 'NONE',  ( 73.73000000000001819, 5.000000000000004441, 27.46000000000000085 ) ) ;
#733 = CYLINDRICAL_SURFACE ( 'NONE', #450, 1.250000000000001554 ) ;
#734 =( NAMED_UNIT ( * ) SI_UNIT ( $, .STERADIAN. ) SOLID_ANGLE_UNIT ( ) );
#735 = ORIENTED_EDGE ( 'NONE', *, *, #219, .T. ) ;
#736 = FACE_OUTER_BOUND ( 'NONE', #1548, .T. ) ;
#737 = DIRECTION ( 'NONE',  ( 1.000000000000000000, 0.000000000000000000, 0.000000000000000000 ) ) ;
#738 = EDGE_CURVE ( 'NONE', #225, #612, #926, .T. ) ;
#739 = ORIENTED_EDGE ( 'NONE', *, *, #1260, .T. ) ;
#740 = CARTESIAN_POINT ( 'NONE',  ( -2.540000000000014246, -0.07999999999999587996, 1.824999999999992406 ) ) ;
#741 = PRODUCT_DEFINITION ( 'UNKNOWN', '', #988, #388 ) ;
#742 = CIRCLE ( 'NONE', #342, 2.499994999999999745 ) ;
#743 = CARTESIAN_POINT ( 'NONE',  ( -60.26475457404245617, 5.000000000000004441, -2.442657653041635513 ) ) ;
#744 = AXIS2_PLACEMENT_3D ( 'NONE', #74, #1679, #1241 ) ;
#745 = FACE_OUTER_BOUND ( 'NONE', #1791, .T. ) ;
#746 = CARTESIAN_POINT ( 'NONE',  ( -75.00000000000001421, 0.000000000000000000, 30.00000000000000355 ) ) ;
#747 = ORIENTED_EDGE ( 'NONE', *, *, #724, .T. ) ;
#748 = FACE_OUTER_BOUND ( 'NONE', #491, .T. ) ;
#749 = DIRECTION ( 'NONE',  ( 0.000000000000000000, 0.000000000000000000, -1.000000000000000000 ) ) ;
#750 = ORIENTED_EDGE ( 'NONE', *, *, #841, .T. ) ;
#751 = DIRECTION ( 'NONE',  ( 0.000000000000000000, 0.000000000000000000, 1.000000000000000000 ) ) ;
#752 = DIRECTION ( 'NONE',  ( -0.000000000000000000, -0.000000000000000000, -1.000000000000000000 ) ) ;
#753 = ORIENTED_EDGE ( 'NONE', *, *, #666, .F. ) ;
#754 = EDGE_CURVE ( 'NONE', #1210, #166, #540, .T. ) ;
#755 = CARTESIAN_POINT ( 'NONE',  ( 55.53999999999999915, 39.82923954403116795, -27.45999999999999019 ) ) ;
#756 =( NAMED_UNIT ( * ) PLANE_ANGLE_UNIT ( ) SI_UNIT ( $, .RADIAN. ) );
#757 = VECTOR ( 'NONE', #1062, 1000.000000000000000 ) ;
#758 = EDGE_LOOP ( 'NONE', ( #864, #509, #1758, #1710, #842, #357 ) ) ;
#759 = DIRECTION ( 'NONE',  ( -0.000000000000000000, -0.000000000000000000, -1.000000000000000000 ) ) ;
#760 = LINE ( 'NONE', #726, #953 ) ;
#761 = ORIENTED_EDGE ( 'NONE', *, *, #1117, .F. ) ;
#762 = VECTOR ( 'NONE', #1714, 1000.000000000000000 ) ;
#763 = DIRECTION ( 'NONE',  ( -0.000000000000000000, -1.000000000000000000, -0.000000000000000000 ) ) ;
#764 = ORIENTED_EDGE ( 'NONE', *, *, #1819, .F. ) ;
#765 = LINE ( 'NONE', #1501, #619 ) ;
#766 = EDGE_CURVE ( 'NONE', #1103, #1750, #1693, .T. ) ;
#767 = AXIS2_PLACEMENT_3D ( 'NONE', #111, #1151, #564 ) ;
#768 = VERTEX_POINT ( 'NONE', #1560 ) ;
#769 = DIRECTION ( 'NONE',  ( 0.000000000000000000, 0.000000000000000000, -1.000000000000000000 ) ) ;
#770 = VECTOR ( 'NONE', #954, 1000.000000000000000 ) ;
#771 = DIRECTION ( 'NONE',  ( 0.000000000000000000, 0.000000000000000000, 1.000000000000000000 ) ) ;
#772 = VERTEX_POINT ( 'NONE', #530 ) ;
#773 = LINE ( 'NONE', #1058, #717 ) ;
#774 = EDGE_LOOP ( 'NONE', ( #1797, #308, #635, #1606 ) ) ;
#775 = VECTOR ( 'NONE', #1624, 1000.000000000000000 ) ;
#776 = AXIS2_PLACEMENT_3D ( 'NONE', #1647, #1354, #1367 ) ;
#777 = EDGE_LOOP ( 'NONE', ( #623, #59, #1368, #353 ) ) ;
#778 = ADVANCED_FACE ( 'NONE', ( #363, #1128 ), #1118, .T. ) ;
#779 = LINE ( 'NONE', #672, #932 ) ;
#780 = CARTESIAN_POINT ( 'NONE',  ( -72.46000000000000796, 7.524766660116894101, -5.249999999999991118 ) ) ;
#781 = ORIENTED_EDGE ( 'NONE', *, *, #1724, .F. ) ;
#782 = DIRECTION ( 'NONE',  ( 0.000000000000000000, 0.000000000000000000, -1.000000000000000000 ) ) ;
#783 = DIRECTION ( 'NONE',  ( 1.000000000000000000, 0.000000000000000000, 0.000000000000000000 ) ) ;
#784 = EDGE_LOOP ( 'NONE', ( #838, #750, #1646, #426 ) ) ;
#785 = AXIS2_PLACEMENT_3D ( 'NONE', #441, #751, #1187 ) ;
#786 = VERTEX_POINT ( 'NONE', #237 ) ;
#787 = FACE_OUTER_BOUND ( 'NONE', #774, .T. ) ;
#788 = ORIENTED_EDGE ( 'NONE', *, *, #539, .F. ) ;
#789 = EDGE_CURVE ( 'NONE', #1903, #1489, #683, .T. ) ;
#790 = FACE_OUTER_BOUND ( 'NONE', #182, .T. ) ;
#791 = ORIENTED_EDGE ( 'NONE', *, *, #937, .F. ) ;
#792 = VECTOR ( 'NONE', #1900, 1000.000000000000000 ) ;
#793 = VERTEX_POINT ( 'NONE', #732 ) ;
#794 = AXIS2_PLACEMENT_3D ( 'NONE', #439, #1493, #1475 ) ;
#795 = PLANE ( 'NONE',  #1078 ) ;
#796 = VERTEX_POINT ( 'NONE', #284 ) ;
#797 = AXIS2_PLACEMENT_3D ( 'NONE', #1380, #61, #1229 ) ;
#798 = EDGE_CURVE ( 'NONE', #190, #429, #1285, .T. ) ;
#799 = CARTESIAN_POINT ( 'NONE',  ( -3.710000000000005294, 39.82923954403116795, -25.45999999999999019 ) ) ;
#800 = VERTEX_POINT ( 'NONE', #1171 ) ;
#801 = EDGE_CURVE ( 'NONE', #1196, #1081, #590, .T. ) ;
#802 = CARTESIAN_POINT ( 'NONE',  ( -38.17000000000000881, 22.03006333144230666, -25.45999999999999019 ) ) ;
#803 = CARTESIAN_POINT ( 'NONE',  ( 9.735245425957550935, 15.00000000000000533, -22.44265765304163551 ) ) ;
#804 = ORIENTED_EDGE ( 'NONE', *, *, #1028, .T. ) ;
#805 = CARTESIAN_POINT ( 'NONE',  ( -2.459999999999764597, 16.82923954403117150, -25.45999999999999019 ) ) ;
#806 = EDGE_LOOP ( 'NONE', ( #1845, #1491 ) ) ;
#807 = EDGE_CURVE ( 'NONE', #1243, #1196, #1613, .T. ) ;
#808 = CARTESIAN_POINT ( 'NONE',  ( 72.46000000000000796, 5.000000000000004441, 27.46000000000000441 ) ) ;
#809 = VERTEX_POINT ( 'NONE', #1908 ) ;
#810 = FACE_OUTER_BOUND ( 'NONE', #1843, .T. ) ;
#811 = EDGE_LOOP ( 'NONE', ( #718, #1281 ) ) ;
#812 = VECTOR ( 'NONE', #1039, 1000.000000000000000 ) ;
#813 = VECTOR ( 'NONE', #468, 1000.000000000000000 ) ;
#814 = FACE_OUTER_BOUND ( 'NONE', #1122, .T. ) ;
#815 = EDGE_LOOP ( 'NONE', ( #655, #1397, #709, #56 ) ) ;
#816 = DIRECTION ( 'NONE',  ( -1.000000000000000000, 0.000000000000000000, 0.000000000000000000 ) ) ;
#817 = EDGE_CURVE ( 'NONE', #1636, #1765, #1581, .T. ) ;
#818 = EDGE_LOOP ( 'NONE', ( #1363, #1218, #788, #345 ) ) ;
#819 = AXIS2_PLACEMENT_3D ( 'NONE', #1635, #783, #1656 ) ;
#820 = FACE_OUTER_BOUND ( 'NONE', #1702, .T. ) ;
#821 = VERTEX_POINT ( 'NONE', #1138 ) ;
#822 = CARTESIAN_POINT ( 'NONE',  ( -1.210000000000002407, 39.82923954403116795, -27.45999999999999019 ) ) ;
#823 = DIRECTION ( 'NONE',  ( -0.000000000000000000, -0.000000000000000000, -1.000000000000000000 ) ) ;
#824 = EDGE_LOOP ( 'NONE', ( #465, #488, #1237, #1666 ) ) ;
#825 = DIRECTION ( 'NONE',  ( -0.000000000000000000, -0.000000000000000000, 1.000000000000000000 ) ) ;
#826 = LINE ( 'NONE', #249, #113 ) ;
#827 = CARTESIAN_POINT ( 'NONE',  ( -35.17000000000001592, 27.03006333144230311, -27.45999999999999019 ) ) ;
#828 = VERTEX_POINT ( 'NONE', #1734 ) ;
#829 = EDGE_CURVE ( 'NONE', #796, #290, #561, .T. ) ;
#830 = CIRCLE ( 'NONE', #6, 1.250000000000001554 ) ;
#831 = FACE_OUTER_BOUND ( 'NONE', #777, .T. ) ;
#832 = CARTESIAN_POINT ( 'NONE',  ( -57.76475457404245617, 5.000000000000004441, -19.94265765304163551 ) ) ;
#833 = ORIENTED_EDGE ( 'NONE', *, *, #267, .F. ) ;
#834 = CARTESIAN_POINT ( 'NONE',  ( -38.17000000000000881, 24.03006333144230666, -25.45999999999999019 ) ) ;
#835 = DIRECTION ( 'NONE',  ( -0.000000000000000000, 1.000000000000000000, -0.000000000000000000 ) ) ;
#836 = DIRECTION ( 'NONE',  ( 1.000000000000000000, 0.000000000000000000, 0.000000000000000000 ) ) ;
#837 = CARTESIAN_POINT ( 'NONE',  ( 73.73000000000001819, 80.00000000000000000, 28.73000000000000043 ) ) ;
#838 = ORIENTED_EDGE ( 'NONE', *, *, #964, .F. ) ;
#839 = CARTESIAN_POINT ( 'NONE',  ( -72.46000000000000796, 7.524766660116894101, 5.250000000000009770 ) ) ;
#840 = DIRECTION ( 'NONE',  ( -1.000000000000000000, 0.000000000000000000, -0.000000000000000000 ) ) ;
#841 = EDGE_CURVE ( 'NONE', #1012, #506, #1173, .T. ) ;
#842 = ORIENTED_EDGE ( 'NONE', *, *, #1925, .F. ) ;
#843 = CIRCLE ( 'NONE', #1342, 2.499995000000001077 ) ;
#844 = LINE ( 'NONE', #1126, #1615 ) ;
#845 = LINE ( 'NONE', #1438, #365 ) ;
#846 = DIRECTION ( 'NONE',  ( -1.000000000000000000, 0.000000000000000000, -0.000000000000000000 ) ) ;
#847 = VECTOR ( 'NONE', #986, 1000.000000000000000 ) ;
#848 = CARTESIAN_POINT ( 'NONE',  ( 72.45999999999997954, 5.000000000000004441, -27.45999999999999019 ) ) ;
#849 = EDGE_LOOP ( 'NONE', ( #1, #1716 ) ) ;
#850 = DIRECTION ( 'NONE',  ( 0.000000000000000000, 1.000000000000000000, 0.000000000000000000 ) ) ;
#851 = LINE ( 'NONE', #1578, #550 ) ;
#852 = VERTEX_POINT ( 'NONE', #1160 ) ;
#853 = AXIS2_PLACEMENT_3D ( 'NONE', #215, #75, #642 ) ;
#854 = DIRECTION ( 'NONE',  ( 1.000000000000000000, 0.000000000000000000, 0.000000000000000000 ) ) ;
#855 = AXIS2_PLACEMENT_3D ( 'NONE', #1155, #716, #698 ) ;
#856 = LINE ( 'NONE', #1745, #1865 ) ;
#857 = CARTESIAN_POINT ( 'NONE',  ( -72.46000000000000796, 13.52476666011689410, -5.249999999999991118 ) ) ;
#858 = DIRECTION ( 'NONE',  ( 0.000000000000000000, -1.000000000000000000, 0.000000000000000000 ) ) ;
#859 = CIRCLE ( 'NONE', #522, 3.175000000000004263 ) ;
#860 = ORIENTED_EDGE ( 'NONE', *, *, #1246, .T. ) ;
#861 = VECTOR ( 'NONE', #1147, 1000.000000000000000 ) ;
#862 = CARTESIAN_POINT ( 'NONE',  ( -2.459999999999764597, 16.82923954403117150, -27.45999999999999019 ) ) ;
#863 = DIRECTION ( 'NONE',  ( 0.000000000000000000, 0.000000000000000000, 1.000000000000000000 ) ) ;
#864 = ORIENTED_EDGE ( 'NONE', *, *, #309, .F. ) ;
#865 = CIRCLE ( 'NONE', #559, 3.175000000000005151 ) ;
#866 = CARTESIAN_POINT ( 'NONE',  ( -2.460000000000003961, 39.82923954403116795, -27.45999999999999019 ) ) ;
#867 = DIRECTION ( 'NONE',  ( 0.000000000000000000, 0.000000000000000000, 1.000000000000000000 ) ) ;
#868 = EDGE_CURVE ( 'NONE', #852, #1081, #845, .T. ) ;
#869 = CARTESIAN_POINT ( 'NONE',  ( -1.209999999999762821, 16.82923954403117150, -25.45999999999999019 ) ) ;
#870 =( LENGTH_UNIT ( ) NAMED_UNIT ( * ) SI_UNIT ( .MILLI., .METRE. ) );
#871 = ORIENTED_EDGE ( 'NONE', *, *, #210, .F. ) ;
#872 = DIRECTION ( 'NONE',  ( -0.000000000000000000, -0.000000000000000000, -1.000000000000000000 ) ) ;
#873 = CARTESIAN_POINT ( 'NONE',  ( 9.735245425957550935, 15.00000000000000533, -22.44265765304163551 ) ) ;
#874 = VECTOR ( 'NONE', #994, 1000.000000000000000 ) ;
#875 = ORIENTED_EDGE ( 'NONE', *, *, #1166, .F. ) ;
#876 = CARTESIAN_POINT ( 'NONE',  ( 55.54000000000024073, 16.82923954403117150, -27.45999999999999019 ) ) ;
#877 = DIRECTION ( 'NONE',  ( -1.000000000000000000, 0.000000000000000000, 0.000000000000000000 ) ) ;
#878 = SURFACE_STYLE_USAGE ( .BOTH. , #178 ) ;
#879 = EDGE_CURVE ( 'NONE', #1494, #166, #571, .T. ) ;
#880 = SHAPE_DEFINITION_REPRESENTATION ( #1833, #1652 ) ;
#881 = VERTEX_POINT ( 'NONE', #1295 ) ;
#882 = EDGE_CURVE ( 'NONE', #1009, #241, #1767, .T. ) ;
#883 = FACE_BOUND ( 'NONE', #1318, .T. ) ;
#884 = DIRECTION ( 'NONE',  ( 0.000000000000000000, 0.000000000000000000, 1.000000000000000000 ) ) ;
#885 = ORIENTED_EDGE ( 'NONE', *, *, #1724, .T. ) ;
#886 = AXIS2_PLACEMENT_3D ( 'NONE', #971, #231, #253 ) ;
#887 = DIRECTION ( 'NONE',  ( 1.000000000000000000, -0.000000000000000000, -2.731847993664247441E-15 ) ) ;
#888 = VECTOR ( 'NONE', #676, 1000.000000000000000 ) ;
#889 = CARTESIAN_POINT ( 'NONE',  ( 72.45999999999997954, 5.000000000000004441, -27.45999999999999019 ) ) ;
#890 = AXIS2_PLACEMENT_3D ( 'NONE', #805, #972, #1826 ) ;
#891 = DIRECTION ( 'NONE',  ( -0.000000000000000000, -0.000000000000000000, 1.000000000000000000 ) ) ;
#892 = ORIENTED_EDGE ( 'NONE', *, *, #701, .F. ) ;
#893 = DIRECTION ( 'NONE',  ( 0.000000000000000000, -1.000000000000000000, 0.000000000000000000 ) ) ;
#894 = LINE ( 'NONE', #1217, #183 ) ;
#895 = ORIENTED_EDGE ( 'NONE', *, *, #1332, .F. ) ;
#896 = EDGE_CURVE ( 'NONE', #290, #1502, #859, .T. ) ;
#897 = DIRECTION ( 'NONE',  ( -0.000000000000000000, 1.000000000000000000, -0.000000000000000000 ) ) ;
#898 = VECTOR ( 'NONE', #1880, 1000.000000000000000 ) ;
#899 = CARTESIAN_POINT ( 'NONE',  ( 74.99999999999998579, 0.000000000000000000, -29.99999999999999289 ) ) ;
#900 = ORIENTED_EDGE ( 'NONE', *, *, #252, .T. ) ;
#901 = DIRECTION ( 'NONE',  ( 1.000000000000000000, 0.000000000000000000, -0.000000000000000000 ) ) ;
#902 = ORIENTED_EDGE ( 'NONE', *, *, #1830, .T. ) ;
#903 = CARTESIAN_POINT ( 'NONE',  ( -75.00000000000001421, 80.00000000000000000, 30.00000000000000355 ) ) ;
#904 = DIRECTION ( 'NONE',  ( 0.000000000000000000, 0.000000000000000000, 1.000000000000000000 ) ) ;
#905 = VERTEX_POINT ( 'NONE', #1149 ) ;
#906 = EDGE_CURVE ( 'NONE', #696, #458, #856, .T. ) ;
#907 = CARTESIAN_POINT ( 'NONE',  ( 9.735245425957550935, 15.00000000000000533, -22.44265765304163551 ) ) ;
#908 = ORIENTED_EDGE ( 'NONE', *, *, #1421, .F. ) ;
#909 = ADVANCED_FACE ( 'NONE', ( #412 ), #1602, .F. ) ;
#910 = CARTESIAN_POINT ( 'NONE',  ( -72.46000000000000796, 7.524766660116894101, -5.249999999999991118 ) ) ;
#911 =( GEOMETRIC_REPRESENTATION_CONTEXT ( 3 ) GLOBAL_UNCERTAINTY_ASSIGNED_CONTEXT ( ( #1434 ) ) GLOBAL_UNIT_ASSIGNED_CONTEXT ( ( #1778, #756, #1810 ) ) REPRESENTATION_CONTEXT ( 'NONE', 'WORKASPACE' ) );
#912 = FILL_AREA_STYLE ('',( #591 ) ) ;
#913 = AXIS2_PLACEMENT_3D ( 'NONE', #427, #872, #1650 ) ;
#914 = ORIENTED_EDGE ( 'NONE', *, *, #379, .F. ) ;
#915 = LINE ( 'NONE', #153, #757 ) ;
#916 = DIRECTION ( 'NONE',  ( -0.000000000000000000, 1.000000000000000000, -0.000000000000000000 ) ) ;
#917 = ORIENTED_EDGE ( 'NONE', *, *, #906, .T. ) ;
#918 = LINE ( 'NONE', #1374, #927 ) ;
#919 = LINE ( 'NONE', #1198, #1921 ) ;
#920 = EDGE_LOOP ( 'NONE', ( #1352, #1234, #1350, #1433 ) ) ;
#921 = DIRECTION ( 'NONE',  ( 1.000000000000000000, 0.000000000000000000, 2.731847993664247441E-15 ) ) ;
#922 = EDGE_CURVE ( 'NONE', #1922, #800, #933, .T. ) ;
#923 = CARTESIAN_POINT ( 'NONE',  ( -75.00000000000001421, 80.00000000000000000, 30.00000000000000355 ) ) ;
#924 = ADVANCED_FACE ( 'NONE', ( #1459 ), #1006, .T. ) ;
#925 = EDGE_LOOP ( 'NONE', ( #1829, #1467, #179, #804, #361, #1505 ) ) ;
#926 = LINE ( 'NONE', #1265, #1019 ) ;
#927 = VECTOR ( 'NONE', #1506, 1000.000000000000000 ) ;
#928 = DIRECTION ( 'NONE',  ( 0.000000000000000000, 0.000000000000000000, 1.000000000000000000 ) ) ;
#929 = VERTEX_POINT ( 'NONE', #1920 ) ;
#930 = DIRECTION ( 'NONE',  ( 2.312964634635746211E-15, -1.000000000000000000, 0.000000000000000000 ) ) ;
#931 = EDGE_LOOP ( 'NONE', ( #962, #1125 ) ) ;
#932 = VECTOR ( 'NONE', #42, 1000.000000000000000 ) ;
#933 = CIRCLE ( 'NONE', #1109, 1.250000000000007994 ) ;
#934 = EDGE_CURVE ( 'NONE', #1636, #947, #1592, .T. ) ;
#935 = ORIENTED_EDGE ( 'NONE', *, *, #40, .F. ) ;
#936 = PLANE ( 'NONE',  #950 ) ;
#937 = EDGE_CURVE ( 'NONE', #1210, #1157, #270, .T. ) ;
#938 = ORIENTED_EDGE ( 'NONE', *, *, #1435, .F. ) ;
#939 = CARTESIAN_POINT ( 'NONE',  ( -38.17000000000000881, 22.03006333144230666, -25.45999999999999019 ) ) ;
#940 = ORIENTED_EDGE ( 'NONE', *, *, #841, .F. ) ;
#941 = VERTEX_POINT ( 'NONE', #1304 ) ;
#942 = ADVANCED_FACE ( 'NONE', ( #1480 ), #1821, .F. ) ;
#943 = FACE_OUTER_BOUND ( 'NONE', #574, .T. ) ;
#944 = EDGE_LOOP ( 'NONE', ( #1729, #351, #7, #1027 ) ) ;
#945 = EDGE_CURVE ( 'NONE', #1390, #768, #159, .T. ) ;
#946 = CARTESIAN_POINT ( 'NONE',  ( 74.99999999999998579, 0.000000000000000000, 30.00000000000000355 ) ) ;
#947 = VERTEX_POINT ( 'NONE', #486 ) ;
#948 = VECTOR ( 'NONE', #1317, 1000.000000000000000 ) ;
#949 = ORIENTED_EDGE ( 'NONE', *, *, #516, .F. ) ;
#950 = AXIS2_PLACEMENT_3D ( 'NONE', #1371, #499, #1522 ) ;
#951 = LINE ( 'NONE', #414, #1014 ) ;
#952 = ORIENTED_EDGE ( 'NONE', *, *, #1802, .F. ) ;
#953 = VECTOR ( 'NONE', #1783, 1000.000000000000000 ) ;
#954 = DIRECTION ( 'NONE',  ( -1.000000000000000000, -0.000000000000000000, -0.000000000000000000 ) ) ;
#955 = EDGE_CURVE ( 'NONE', #1808, #1047, #1831, .T. ) ;
#956 = EDGE_LOOP ( 'NONE', ( #1328, #982, #1186, #682 ) ) ;
#957 = CARTESIAN_POINT ( 'NONE',  ( -2.460000000000003961, 39.82923954403116795, -25.45999999999999019 ) ) ;
#958 = ORIENTED_EDGE ( 'NONE', *, *, #882, .T. ) ;
#959 = PLANE ( 'NONE',  #1256 ) ;
#960 = EDGE_LOOP ( 'NONE', ( #537, #112, #871, #1375 ) ) ;
#961 = LINE ( 'NONE', #1856, #1637 ) ;
#962 = ORIENTED_EDGE ( 'NONE', *, *, #1473, .T. ) ;
#963 = EDGE_CURVE ( 'NONE', #1047, #241, #1509, .T. ) ;
#964 = EDGE_CURVE ( 'NONE', #1012, #800, #765, .T. ) ;
#965 = LINE ( 'NONE', #1851, #324 ) ;
#966 = VECTOR ( 'NONE', #168, 1000.000000000000000 ) ;
#967 = ORIENTED_EDGE ( 'NONE', *, *, #1206, .T. ) ;
#968 = CYLINDRICAL_SURFACE ( 'NONE', #767, 1.250000000000007994 ) ;
#969 = VERTEX_POINT ( 'NONE', #910 ) ;
#970 = CIRCLE ( 'NONE', #1721, 2.499995000000000189 ) ;
#971 = CARTESIAN_POINT ( 'NONE',  ( 55.54000000000024073, 16.82923954403117150, -25.45999999999999019 ) ) ;
#972 = DIRECTION ( 'NONE',  ( -0.000000000000000000, -0.000000000000000000, -1.000000000000000000 ) ) ;
#973 = ORIENTED_EDGE ( 'NONE', *, *, #55, .T. ) ;
#974 = DIRECTION ( 'NONE',  ( 1.000000000000000000, 0.000000000000000000, -0.000000000000000000 ) ) ;
#975 = CARTESIAN_POINT ( 'NONE',  ( 72.45999999999997954, 5.000000000000004441, 32.54000000000000625 ) ) ;
#976 = AXIS2_PLACEMENT_3D ( 'NONE', #406, #1597, #1290 ) ;
#977 = CARTESIAN_POINT ( 'NONE',  ( -33.17000000000000881, 22.03006333144230666, -27.45999999999999019 ) ) ;
#978 = ORIENTED_EDGE ( 'NONE', *, *, #766, .T. ) ;
#979 = AXIS2_PLACEMENT_3D ( 'NONE', #1862, #200, #335 ) ;
#980 = DIRECTION ( 'NONE',  ( 0.000000000000000000, 1.000000000000000000, 0.000000000000000000 ) ) ;
#981 = CARTESIAN_POINT ( 'NONE',  ( 55.54000000000024073, 16.82923954403117150, -25.45999999999999019 ) ) ;
#982 = ORIENTED_EDGE ( 'NONE', *, *, #552, .F. ) ;
#983 = CIRCLE ( 'NONE', #461, 2.499995000000001522 ) ;
#984 = CARTESIAN_POINT ( 'NONE',  ( -33.17000000000000881, 22.03006333144230666, -25.45999999999999019 ) ) ;
#985 = CARTESIAN_POINT ( 'NONE',  ( -2.460000000000003961, 39.82923954403116795, -25.45999999999999019 ) ) ;
#986 = DIRECTION ( 'NONE',  ( -0.000000000000000000, -0.000000000000000000, -1.000000000000000000 ) ) ;
#987 = EDGE_CURVE ( 'NONE', #793, #1816, #1789, .T. ) ;
#988 = PRODUCT_DEFINITION_FORMATION_WITH_SPECIFIED_SOURCE ( 'ANY', '', #646, .NOT_KNOWN. ) ;
#989 = DIRECTION ( 'NONE',  ( -0.000000000000000000, 1.000000000000000000, -0.000000000000000000 ) ) ;
#990 = ORIENTED_EDGE ( 'NONE', *, *, #514, .T. ) ;
#991 = CARTESIAN_POINT ( 'NONE',  ( -2.540000000000014246, -0.07999999999999587996, 4.999999999999997335 ) ) ;
#992 = FACE_OUTER_BOUND ( 'NONE', #815, .T. ) ;
#993 = VERTEX_POINT ( 'NONE', #1049 ) ;
#994 = DIRECTION ( 'NONE',  ( 0.000000000000000000, 0.000000000000000000, 1.000000000000000000 ) ) ;
#995 = DIRECTION ( 'NONE',  ( -0.000000000000000000, -0.000000000000000000, -1.000000000000000000 ) ) ;
#996 = LINE ( 'NONE', #1582, #792 ) ;
#997 = CARTESIAN_POINT ( 'NONE',  ( 55.54000000000024073, 16.82923954403117150, -25.45999999999999019 ) ) ;
#998 = ORIENTED_EDGE ( 'NONE', *, *, #601, .F. ) ;
#999 = FACE_OUTER_BOUND ( 'NONE', #1272, .T. ) ;
#1000 = EDGE_CURVE ( 'NONE', #670, #993, #96, .T. ) ;
#1001 = DIRECTION ( 'NONE',  ( 0.000000000000000000, -1.000000000000000000, 0.000000000000000000 ) ) ;
#1002 = ADVANCED_FACE ( 'NONE', ( #1799 ), #1060, .F. ) ;
#1003 = ORIENTED_EDGE ( 'NONE', *, *, #1139, .F. ) ;
#1004 = AXIS2_PLACEMENT_3D ( 'NONE', #18, #1641, #315 ) ;
#1005 = DIRECTION ( 'NONE',  ( 0.000000000000000000, 0.000000000000000000, 1.000000000000000000 ) ) ;
#1006 = CYLINDRICAL_SURFACE ( 'NONE', #280, 2.499994999999997969 ) ;
#1007 = CARTESIAN_POINT ( 'NONE',  ( -75.00000000000001421, 80.00000000000000000, -29.99999999999999289 ) ) ;
#1008 = PLANE ( 'NONE',  #1858 ) ;
#1009 = VERTEX_POINT ( 'NONE', #35 ) ;
#1010 = DIRECTION ( 'NONE',  ( -1.000000000000000000, 0.000000000000000000, 0.000000000000000000 ) ) ;
#1011 = FACE_OUTER_BOUND ( 'NONE', #1743, .T. ) ;
#1012 = VERTEX_POINT ( 'NONE', #1809 ) ;
#1013 = EDGE_CURVE ( 'NONE', #1020, #1088, #331, .T. ) ;
#1014 = VECTOR ( 'NONE', #573, 1000.000000000000000 ) ;
#1015 = LINE ( 'NONE', #984, #1362 ) ;
#1016 = AXIS2_PLACEMENT_3D ( 'NONE', #636, #377, #368 ) ;
#1017 = DIRECTION ( 'NONE',  ( -0.000000000000000000, 1.000000000000000000, -0.000000000000000000 ) ) ;
#1018 = CARTESIAN_POINT ( 'NONE',  ( -4.959994999999763898, 16.82923954403117150, -25.45999999999999019 ) ) ;
#1019 = VECTOR ( 'NONE', #825, 1000.000000000000000 ) ;
#1020 = VERTEX_POINT ( 'NONE', #1283 ) ;
#1021 = VECTOR ( 'NONE', #1294, 1000.000000000000000 ) ;
#1022 = CARTESIAN_POINT ( 'NONE',  ( -2.540000000000014246, 0.000000000000000000, 1.824999999999992406 ) ) ;
#1023 = DIRECTION ( 'NONE',  ( -1.000000000000000000, -0.000000000000000000, -0.000000000000000000 ) ) ;
#1024 = ORIENTED_EDGE ( 'NONE', *, *, #255, .T. ) ;
#1025 = CARTESIAN_POINT ( 'NONE',  ( -60.26475457404245617, 15.00000000000000533, -2.442657653041635513 ) ) ;
#1026 = CARTESIAN_POINT ( 'NONE',  ( -2.460000000000003961, 39.82923954403116795, -25.45999999999999019 ) ) ;
#1027 = ORIENTED_EDGE ( 'NONE', *, *, #83, .F. ) ;
#1028 = EDGE_CURVE ( 'NONE', #627, #1636, #1015, .T. ) ;
#1029 = CARTESIAN_POINT ( 'NONE',  ( -75.00000000000001421, 7.524766660116894101, -5.249999999999991118 ) ) ;
#1030 = DIRECTION ( 'NONE',  ( -1.000000000000000000, 0.000000000000000000, 0.000000000000000000 ) ) ;
#1031 = EDGE_CURVE ( 'NONE', #518, #1339, #1672, .T. ) ;
#1032 = ORIENTED_EDGE ( 'NONE', *, *, #1085, .F. ) ;
#1033 = CARTESIAN_POINT ( 'NONE',  ( -57.76475457404245617, 15.00000000000000533, -4.942657653041636401 ) ) ;
#1034 = DIRECTION ( 'NONE',  ( 1.000000000000000000, 0.000000000000000000, 0.000000000000000000 ) ) ;
#1035 = VECTOR ( 'NONE', #1457, 1000.000000000000000 ) ;
#1036 = ORIENTED_EDGE ( 'NONE', *, *, #1588, .T. ) ;
#1037 = CARTESIAN_POINT ( 'NONE',  ( -35.17000000000001592, 27.03006333144230311, -25.45999999999999019 ) ) ;
#1038 = DIRECTION ( 'NONE',  ( 0.000000000000000000, 1.000000000000000000, 0.000000000000000000 ) ) ;
#1039 = DIRECTION ( 'NONE',  ( -0.000000000000000000, -0.000000000000000000, -1.000000000000000000 ) ) ;
#1040 = EDGE_CURVE ( 'NONE', #299, #772, #1755, .T. ) ;
#1041 = VECTOR ( 'NONE', #1161, 1000.000000000000000 ) ;
#1042 = ORIENTED_EDGE ( 'NONE', *, *, #1379, .T. ) ;
#1043 = FACE_OUTER_BOUND ( 'NONE', #956, .T. ) ;
#1044 = DIRECTION ( 'NONE',  ( 0.000000000000000000, 0.000000000000000000, 1.000000000000000000 ) ) ;
#1045 = ORIENTED_EDGE ( 'NONE', *, *, #1153, .F. ) ;
#1046 = DIRECTION ( 'NONE',  ( -0.000000000000000000, -1.000000000000000000, -0.000000000000000000 ) ) ;
#1047 = VERTEX_POINT ( 'NONE', #268 ) ;
#1048 = VECTOR ( 'NONE', #1236, 1000.000000000000000 ) ;
#1049 = CARTESIAN_POINT ( 'NONE',  ( 53.04000500000000073, 39.82923954403116795, -27.45999999999999019 ) ) ;
#1050 = VECTOR ( 'NONE', #1238, 1000.000000000000000 ) ;
#1051 = CARTESIAN_POINT ( 'NONE',  ( -38.17000000000000881, 22.03006333144230666, -27.45999999999999019 ) ) ;
#1052 = ORIENTED_EDGE ( 'NONE', *, *, #434, .T. ) ;
#1053 = EDGE_CURVE ( 'NONE', #828, #881, #1907, .T. ) ;
#1054 = FACE_OUTER_BOUND ( 'NONE', #944, .T. ) ;
#1055 = CARTESIAN_POINT ( 'NONE',  ( -35.17000000000001592, 27.03006333144230311, -27.45999999999999019 ) ) ;
#1056 = ORIENTED_EDGE ( 'NONE', *, *, #1258, .T. ) ;
#1057 = ADVANCED_FACE ( 'NONE', ( #1436, #1570 ), #2, .F. ) ;
#1058 = CARTESIAN_POINT ( 'NONE',  ( -60.26475457404245617, 15.00000000000000533, -2.442657653041635513 ) ) ;
#1059 = ORIENTED_EDGE ( 'NONE', *, *, #1864, .T. ) ;
#1060 = PLANE ( 'NONE',  #776 ) ;
#1061 = EDGE_LOOP ( 'NONE', ( #408, #1395, #651, #1685 ) ) ;
#1062 = DIRECTION ( 'NONE',  ( 1.000000000000000000, 0.000000000000000000, 0.000000000000000000 ) ) ;
#1063 = DIRECTION ( 'NONE',  ( 0.000000000000000000, 1.000000000000000000, 0.000000000000000000 ) ) ;
#1064 = EDGE_LOOP ( 'NONE', ( #1420, #1732 ) ) ;
#1065 = EDGE_CURVE ( 'NONE', #429, #230, #431, .T. ) ;
#1066 = DIRECTION ( 'NONE',  ( -1.000000000000000000, 0.000000000000000000, 0.000000000000000000 ) ) ;
#1067 = EDGE_LOOP ( 'NONE', ( #1840, #1857, #1095, #1825 ) ) ;
#1068 = DIRECTION ( 'NONE',  ( 1.000000000000000000, 0.000000000000000000, -2.731847993664247441E-15 ) ) ;
#1069 = PLANE ( 'NONE',  #1848 ) ;
#1070 = VERTEX_POINT ( 'NONE', #560 ) ;
#1071 = DIRECTION ( 'NONE',  ( -1.000000000000000000, 0.000000000000000000, -2.731847993664247441E-15 ) ) ;
#1072 = CARTESIAN_POINT ( 'NONE',  ( -2.460000000000003961, 39.82923954403116795, -25.45999999999999019 ) ) ;
#1073 = ORIENTED_EDGE ( 'NONE', *, *, #319, .F. ) ;
#1074 = FACE_OUTER_BOUND ( 'NONE', #1178, .T. ) ;
#1075 = DIRECTION ( 'NONE',  ( 1.000000000000000000, 0.000000000000000000, 0.000000000000000000 ) ) ;
#1076 = VERTEX_POINT ( 'NONE', #719 ) ;
#1077 = EDGE_CURVE ( 'NONE', #166, #1020, #844, .T. ) ;
#1078 = AXIS2_PLACEMENT_3D ( 'NONE', #1387, #652, #1094 ) ;
#1079 = EDGE_LOOP ( 'NONE', ( #481, #1559, #1530, #735 ) ) ;
#1080 = CARTESIAN_POINT ( 'NONE',  ( -72.46000000000000796, 80.00000000000000000, 28.72999999999999687 ) ) ;
#1081 = VERTEX_POINT ( 'NONE', #1426 ) ;
#1082 = CARTESIAN_POINT ( 'NONE',  ( 74.99999999999998579, 80.00000000000000000, 30.00000000000000355 ) ) ;
#1083 = ORIENTED_EDGE ( 'NONE', *, *, #879, .F. ) ;
#1084 = EDGE_CURVE ( 'NONE', #128, #580, #247, .T. ) ;
#1085 = EDGE_CURVE ( 'NONE', #163, #78, #1720, .T. ) ;
#1086 = ORIENTED_EDGE ( 'NONE', *, *, #964, .T. ) ;
#1087 = FACE_OUTER_BOUND ( 'NONE', #706, .T. ) ;
#1088 = VERTEX_POINT ( 'NONE', #549 ) ;
#1089 = DIRECTION ( 'NONE',  ( 0.000000000000000000, -1.000000000000000000, 0.000000000000000000 ) ) ;
#1090 = VERTEX_POINT ( 'NONE', #1744 ) ;
#1091 = LINE ( 'NONE', #1248, #1676 ) ;
#1092 = VECTOR ( 'NONE', #759, 1000.000000000000000 ) ;
#1093 = EDGE_CURVE ( 'NONE', #329, #828, #442, .T. ) ;
#1094 = DIRECTION ( 'NONE',  ( -1.000000000000000000, 0.000000000000000000, -0.000000000000000000 ) ) ;
#1095 = ORIENTED_EDGE ( 'NONE', *, *, #1435, .T. ) ;
#1096 = LINE ( 'NONE', #1690, #770 ) ;
#1097 = VERTEX_POINT ( 'NONE', #1468 ) ;
#1098 = COLOUR_RGB ( '',0.7921568627450980005, 0.8196078431372548767, 0.9333333333333333481 ) ;
#1099 = CARTESIAN_POINT ( 'NONE',  ( 0.03999500000023561985, 16.82923954403117150, -25.45999999999999019 ) ) ;
#1100 = CARTESIAN_POINT ( 'NONE',  ( -75.00000000000001421, 80.00000000000000000, -29.99999999999999289 ) ) ;
#1101 = VECTOR ( 'NONE', #1902, 1000.000000000000000 ) ;
#1102 = DIRECTION ( 'NONE',  ( -0.000000000000000000, -0.000000000000000000, -1.000000000000000000 ) ) ;
#1103 = VERTEX_POINT ( 'NONE', #691 ) ;
#1104 = EDGE_CURVE ( 'NONE', #177, #1408, #1447, .T. ) ;
#1105 = FACE_OUTER_BOUND ( 'NONE', #714, .T. ) ;
#1106 = ORIENTED_EDGE ( 'NONE', *, *, #1424, .F. ) ;
#1107 = ADVANCED_FACE ( 'NONE', ( #710, #139, #1303, #569, #578, #432 ), #1159, .F. ) ;
#1108 = VECTOR ( 'NONE', #835, 1000.000000000000000 ) ;
#1109 = AXIS2_PLACEMENT_3D ( 'NONE', #4, #1469, #150 ) ;
#1110 = CARTESIAN_POINT ( 'NONE',  ( -72.46000000000000796, 80.00000000000000000, 27.46000000000000441 ) ) ;
#1111 = LINE ( 'NONE', #1100, #589 ) ;
#1112 = CARTESIAN_POINT ( 'NONE',  ( -38.17000000000000881, 24.03006333144230666, -25.45999999999999019 ) ) ;
#1113 = ORIENTED_EDGE ( 'NONE', *, *, #83, .T. ) ;
#1114 = CARTESIAN_POINT ( 'NONE',  ( 72.46000000000000796, 5.000000000000004441, 27.46000000000000441 ) ) ;
#1115 = CARTESIAN_POINT ( 'NONE',  ( 72.46000000000000796, 80.00000000000000000, 28.72999999999999687 ) ) ;
#1116 = ORIENTED_EDGE ( 'NONE', *, *, #1689, .T. ) ;
#1117 = EDGE_CURVE ( 'NONE', #1076, #1339, #257, .T. ) ;
#1118 = PLANE ( 'NONE',  #1361 ) ;
#1119 = VECTOR ( 'NONE', #1764, 1000.000000000000000 ) ;
#1120 = CARTESIAN_POINT ( 'NONE',  ( -75.00000000000001421, 80.00000000000000000, -29.99999999999999289 ) ) ;
#1121 = CARTESIAN_POINT ( 'NONE',  ( -2.459999999999764597, 16.82923954403117150, -25.45999999999999019 ) ) ;
#1122 = EDGE_LOOP ( 'NONE', ( #1784, #1441, #1771, #1553 ) ) ;
#1123 = PLANE ( 'NONE',  #58 ) ;
#1124 = DIRECTION ( 'NONE',  ( -1.000000000000000000, 0.000000000000000000, 0.000000000000000000 ) ) ;
#1125 = ORIENTED_EDGE ( 'NONE', *, *, #1065, .T. ) ;
#1126 = CARTESIAN_POINT ( 'NONE',  ( -75.00000000000001421, 7.524766660116894101, 5.250000000000009770 ) ) ;
#1127 = EDGE_CURVE ( 'NONE', #367, #241, #1610, .T. ) ;
#1128 = FACE_BOUND ( 'NONE', #39, .T. ) ;
#1129 = CARTESIAN_POINT ( 'NONE',  ( 72.45999999999997954, 5.000000000000004441, 27.45999999999999730 ) ) ;
#1130 = EDGE_CURVE ( 'NONE', #1358, #322, #1324, .T. ) ;
#1131 = CARTESIAN_POINT ( 'NONE',  ( -38.17000000000000881, 24.03006333144230666, -27.45999999999999019 ) ) ;
#1132 = ORIENTED_EDGE ( 'NONE', *, *, #754, .T. ) ;
#1133 = DIRECTION ( 'NONE',  ( -1.000000000000000000, 0.000000000000000000, 2.731847993664247441E-15 ) ) ;
#1134 = DIRECTION ( 'NONE',  ( 0.000000000000000000, 0.000000000000000000, -1.000000000000000000 ) ) ;
#1135 = VERTEX_POINT ( 'NONE', #21 ) ;
#1136 = VECTOR ( 'NONE', #1718, 1000.000000000000000 ) ;
#1137 = CARTESIAN_POINT ( 'NONE',  ( -4.959995000000005483, 39.82923954403116795, -25.45999999999999019 ) ) ;
#1138 = CARTESIAN_POINT ( 'NONE',  ( -3.709999999999765929, 16.82923954403117150, -25.45999999999999019 ) ) ;
#1139 = EDGE_CURVE ( 'NONE', #1163, #1489, #1220, .T. ) ;
#1140 = FACE_OUTER_BOUND ( 'NONE', #818, .T. ) ;
#1141 = EDGE_CURVE ( 'NONE', #612, #1808, #1795, .T. ) ;
#1142 = CARTESIAN_POINT ( 'NONE',  ( -57.76475457404245617, 15.00000000000000533, -19.94265765304163551 ) ) ;
#1143 = ORIENTED_EDGE ( 'NONE', *, *, #382, .T. ) ;
#1144 = DIRECTION ( 'NONE',  ( 0.000000000000000000, 0.000000000000000000, 1.000000000000000000 ) ) ;
#1145 = FACE_OUTER_BOUND ( 'NONE', #1618, .T. ) ;
#1146 = VERTEX_POINT ( 'NONE', #1340 ) ;
#1147 = DIRECTION ( 'NONE',  ( -0.000000000000000000, -0.000000000000000000, -1.000000000000000000 ) ) ;
#1148 = DIRECTION ( 'NONE',  ( 0.000000000000000000, 0.000000000000000000, 1.000000000000000000 ) ) ;
#1149 = CARTESIAN_POINT ( 'NONE',  ( 0.03999500000023561985, 16.82923954403117150, -27.45999999999999019 ) ) ;
#1150 = LINE ( 'NONE', #1605, #847 ) ;
#1151 = DIRECTION ( 'NONE',  ( -0.000000000000000000, -0.000000000000000000, -1.000000000000000000 ) ) ;
#1152 = ORIENTED_EDGE ( 'NONE', *, *, #497, .T. ) ;
#1153 = EDGE_CURVE ( 'NONE', #299, #1135, #773, .T. ) ;
#1154 = FACE_BOUND ( 'NONE', #214, .T. ) ;
#1155 = CARTESIAN_POINT ( 'NONE',  ( 7.235245425957548271, 5.000000000000004441, -19.94265765304163551 ) ) ;
#1156 = VECTOR ( 'NONE', #1030, 1000.000000000000000 ) ;
#1157 = VERTEX_POINT ( 'NONE', #1478 ) ;
#1158 = VECTOR ( 'NONE', #1923, 1000.000000000000000 ) ;
#1159 = PLANE ( 'NONE',  #475 ) ;
#1160 = CARTESIAN_POINT ( 'NONE',  ( 7.235245425957548271, 5.000000000000004441, -19.94265765304163551 ) ) ;
#1161 = DIRECTION ( 'NONE',  ( -0.000000000000000000, -0.000000000000000000, -1.000000000000000000 ) ) ;
#1162 = APPLICATION_PROTOCOL_DEFINITION ( 'draft international standard', 'automotive_design', 1998, #649 ) ;
#1163 = VERTEX_POINT ( 'NONE', #1806 ) ;
#1164 = CARTESIAN_POINT ( 'NONE',  ( 54.29000000000024073, 16.82923954403117150, -25.45999999999999019 ) ) ;
#1165 = LINE ( 'NONE', #1760, #1728 ) ;
#1166 = EDGE_CURVE ( 'NONE', #1278, #230, #607, .T. ) ;
#1167 = ORIENTED_EDGE ( 'NONE', *, *, #1306, .T. ) ;
#1168 = CARTESIAN_POINT ( 'NONE',  ( 56.79000000000024073, 16.82923954403117150, -25.45999999999999019 ) ) ;
#1169 = CYLINDRICAL_SURFACE ( 'NONE', #1817, 2.499995000000001522 ) ;
#1170 = AXIS2_PLACEMENT_3D ( 'NONE', #337, #1518, #782 ) ;
#1171 = CARTESIAN_POINT ( 'NONE',  ( 56.79000000000000625, 39.82923954403116795, -27.45999999999999019 ) ) ;
#1172 = DIRECTION ( 'NONE',  ( -0.000000000000000000, -0.000000000000000000, -1.000000000000000000 ) ) ;
#1173 = CIRCLE ( 'NONE', #129, 1.250000000000007994 ) ;
#1174 = ORIENTED_EDGE ( 'NONE', *, *, #1077, .F. ) ;
#1175 = VECTOR ( 'NONE', #921, 1000.000000000000000 ) ;
#1176 = LINE ( 'NONE', #1033, #570 ) ;
#1177 = DIRECTION ( 'NONE',  ( 0.000000000000000000, 1.000000000000000000, 0.000000000000000000 ) ) ;
#1178 = EDGE_LOOP ( 'NONE', ( #1253, #1045, #1781, #502 ) ) ;
#1179 = FACE_OUTER_BOUND ( 'NONE', #811, .T. ) ;
#1180 = EDGE_CURVE ( 'NONE', #593, #1502, #318, .T. ) ;
#1181 = DIRECTION ( 'NONE',  ( 0.000000000000000000, 0.000000000000000000, 1.000000000000000000 ) ) ;
#1182 = SURFACE_STYLE_FILL_AREA ( #912 ) ;
#1183 = ORIENTED_EDGE ( 'NONE', *, *, #1345, .F. ) ;
#1184 = LINE ( 'NONE', #1164, #1092 ) ;
#1185 = CARTESIAN_POINT ( 'NONE',  ( 55.54000000000024073, 16.82923954403117150, -25.45999999999999019 ) ) ;
#1186 = ORIENTED_EDGE ( 'NONE', *, *, #1918, .F. ) ;
#1187 = DIRECTION ( 'NONE',  ( -1.000000000000000000, 0.000000000000000000, 0.000000000000000000 ) ) ;
#1188 = DIRECTION ( 'NONE',  ( -0.000000000000000000, 1.000000000000000000, -0.000000000000000000 ) ) ;
#1189 = EDGE_CURVE ( 'NONE', #1589, #135, #1645, .T. ) ;
#1190 = CARTESIAN_POINT ( 'NONE',  ( -3.710000000000005294, 39.82923954403116795, -27.45999999999999019 ) ) ;
#1191 = VECTOR ( 'NONE', #1736, 1000.000000000000000 ) ;
#1192 = EDGE_CURVE ( 'NONE', #947, #1299, #1496, .T. ) ;
#1193 = ORIENTED_EDGE ( 'NONE', *, *, #189, .F. ) ;
#1194 = DIRECTION ( 'NONE',  ( -1.000000000000000000, -0.000000000000000000, -0.000000000000000000 ) ) ;
#1195 = DIRECTION ( 'NONE',  ( -2.731847993664247441E-15, 0.000000000000000000, 1.000000000000000000 ) ) ;
#1196 = VERTEX_POINT ( 'NONE', #45 ) ;
#1197 = CARTESIAN_POINT ( 'NONE',  ( -3.710000000000005294, 39.82923954403116795, -25.45999999999999019 ) ) ;
#1198 = CARTESIAN_POINT ( 'NONE',  ( -72.46000000000000796, 7.524766660116894101, -5.249999999999991118 ) ) ;
#1199 = ORIENTED_EDGE ( 'NONE', *, *, #267, .T. ) ;
#1200 = CIRCLE ( 'NONE', #1692, 1.250000000000001554 ) ;
#1201 = DIRECTION ( 'NONE',  ( -1.000000000000000000, 0.000000000000000000, 0.000000000000000000 ) ) ;
#1202 = FACE_OUTER_BOUND ( 'NONE', #1805, .T. ) ;
#1203 = CIRCLE ( 'NONE', #1537, 2.499994999999999745 ) ;
#1204 = CARTESIAN_POINT ( 'NONE',  ( 54.28999999999999204, 39.82923954403116795, -27.45999999999999019 ) ) ;
#1205 = ORIENTED_EDGE ( 'NONE', *, *, #1510, .T. ) ;
#1206 = EDGE_CURVE ( 'NONE', #367, #504, #629, .T. ) ;
#1207 = DIRECTION ( 'NONE',  ( 1.000000000000000000, 0.000000000000000000, 0.000000000000000000 ) ) ;
#1208 = FACE_OUTER_BOUND ( 'NONE', #216, .T. ) ;
#1209 = AXIS2_PLACEMENT_3D ( 'NONE', #1359, #380, #371 ) ;
#1210 = VERTEX_POINT ( 'NONE', #1351 ) ;
#1211 = CARTESIAN_POINT ( 'NONE',  ( -2.460000000000003961, 39.82923954403116795, -27.45999999999999019 ) ) ;
#1212 = CARTESIAN_POINT ( 'NONE',  ( 53.04000500000024232, 16.82923954403117150, -25.45999999999999019 ) ) ;
#1213 = ORIENTED_EDGE ( 'NONE', *, *, #52, .F. ) ;
#1214 = DIRECTION ( 'NONE',  ( -1.000000000000000000, 0.000000000000000000, 0.000000000000000000 ) ) ;
#1215 = ORIENTED_EDGE ( 'NONE', *, *, #1093, .F. ) ;
#1216 = PLANE ( 'NONE',  #1912 ) ;
#1217 = CARTESIAN_POINT ( 'NONE',  ( -35.17000000000000881, 24.03006333144230666, -25.45999999999999019 ) ) ;
#1218 = ORIENTED_EDGE ( 'NONE', *, *, #13, .F. ) ;
#1219 = EDGE_CURVE ( 'NONE', #660, #1627, #32, .T. ) ;
#1220 = CIRCLE ( 'NONE', #785, 2.499994999999997969 ) ;
#1221 = CYLINDRICAL_SURFACE ( 'NONE', #1275, 1.250000000000001554 ) ;
#1222 = CARTESIAN_POINT ( 'NONE',  ( -35.17000000000000881, 24.03006333144230666, -27.45999999999999019 ) ) ;
#1223 = ORIENTED_EDGE ( 'NONE', *, *, #701, .T. ) ;
#1224 = ORIENTED_EDGE ( 'NONE', *, *, #906, .F. ) ;
#1225 = LINE ( 'NONE', #1110, #258 ) ;
#1226 = PLANE ( 'NONE',  #1725 ) ;
#1227 = ORIENTED_EDGE ( 'NONE', *, *, #1219, .T. ) ;
#1228 = ADVANCED_FACE ( 'NONE', ( #1622 ), #1221, .F. ) ;
#1229 = DIRECTION ( 'NONE',  ( -1.000000000000000000, 0.000000000000000000, 0.000000000000000000 ) ) ;
#1230 = CARTESIAN_POINT ( 'NONE',  ( -38.17000000000000881, 24.03006333144230666, -25.45999999999999019 ) ) ;
#1231 = ORIENTED_EDGE ( 'NONE', *, *, #1141, .T. ) ;
#1232 = EDGE_CURVE ( 'NONE', #317, #1903, #1524, .T. ) ;
#1233 = CIRCLE ( 'NONE', #853, 1.250000000000001110 ) ;
#1234 = ORIENTED_EDGE ( 'NONE', *, *, #1564, .F. ) ;
#1235 = VECTOR ( 'NONE', #527, 1000.000000000000000 ) ;
#1236 = DIRECTION ( 'NONE',  ( 0.000000000000000000, 0.000000000000000000, 1.000000000000000000 ) ) ;
#1237 = ORIENTED_EDGE ( 'NONE', *, *, #1260, .F. ) ;
#1238 = DIRECTION ( 'NONE',  ( -0.000000000000000000, -1.000000000000000000, -0.000000000000000000 ) ) ;
#1239 = ORIENTED_EDGE ( 'NONE', *, *, #1534, .F. ) ;
#1240 = EDGE_CURVE ( 'NONE', #506, #1012, #631, .T. ) ;
#1241 = DIRECTION ( 'NONE',  ( -1.000000000000000000, 0.000000000000000000, -0.000000000000000000 ) ) ;
#1242 = FACE_OUTER_BOUND ( 'NONE', #1539, .T. ) ;
#1243 = VERTEX_POINT ( 'NONE', #616 ) ;
#1244 = CARTESIAN_POINT ( 'NONE',  ( -2.459999999999764597, 16.82923954403117150, -25.45999999999999019 ) ) ;
#1245 = EDGE_LOOP ( 'NONE', ( #1517, #399 ) ) ;
#1246 = EDGE_CURVE ( 'NONE', #881, #1406, #983, .T. ) ;
#1247 = VECTOR ( 'NONE', #1355, 1000.000000000000000 ) ;
#1248 = CARTESIAN_POINT ( 'NONE',  ( -60.26475457404245617, 15.00000000000000533, -22.44265765304163551 ) ) ;
#1249 = VECTOR ( 'NONE', #1782, 1000.000000000000000 ) ;
#1250 = CARTESIAN_POINT ( 'NONE',  ( -72.46000000000000796, 5.000000000000004441, -27.45999999999999019 ) ) ;
#1251 = ORIENTED_EDGE ( 'NONE', *, *, #199, .F. ) ;
#1252 = DIRECTION ( 'NONE',  ( 0.000000000000000000, 0.000000000000000000, 1.000000000000000000 ) ) ;
#1253 = ORIENTED_EDGE ( 'NONE', *, *, #199, .T. ) ;
#1254 = LINE ( 'NONE', #1723, #1264 ) ;
#1255 = LINE ( 'NONE', #658, #1735 ) ;
#1256 = AXIS2_PLACEMENT_3D ( 'NONE', #803, #1545, #505 ) ;
#1257 = FACE_OUTER_BOUND ( 'NONE', #663, .T. ) ;
#1258 = EDGE_CURVE ( 'NONE', #852, #1415, #918, .T. ) ;
#1259 = ORIENTED_EDGE ( 'NONE', *, *, #497, .F. ) ;
#1260 = EDGE_CURVE ( 'NONE', #615, #1243, #1364, .T. ) ;
#1261 = AXIS2_PLACEMENT_3D ( 'NONE', #244, #688, #1124 ) ;
#1262 = PLANE ( 'NONE',  #1600 ) ;
#1263 = ORIENTED_EDGE ( 'NONE', *, *, #1040, .F. ) ;
#1264 = VECTOR ( 'NONE', #1407, 1000.000000000000000 ) ;
#1265 = CARTESIAN_POINT ( 'NONE',  ( -73.73000000000001819, 5.000000000000004441, 28.73000000000000043 ) ) ;
#1266 = CARTESIAN_POINT ( 'NONE',  ( -38.17000000000000881, 22.03006333144230666, -27.45999999999999019 ) ) ;
#1267 = FACE_OUTER_BOUND ( 'NONE', #1245, .T. ) ;
#1268 = VERTEX_POINT ( 'NONE', #483 ) ;
#1269 = CARTESIAN_POINT ( 'NONE',  ( -1.209999999999762821, 16.82923954403117150, -27.45999999999999019 ) ) ;
#1270 = DIRECTION ( 'NONE',  ( 1.000000000000000000, 0.000000000000000000, 0.000000000000000000 ) ) ;
#1271 = ADVANCED_FACE ( 'NONE', ( #1074 ), #1667, .F. ) ;
#1272 = EDGE_LOOP ( 'NONE', ( #1533, #1739 ) ) ;
#1273 = ADVANCED_FACE ( 'NONE', ( #1179, #1775 ), #203, .T. ) ;
#1274 = CARTESIAN_POINT ( 'NONE',  ( 58.03999500000023914, 16.82923954403117150, -25.45999999999999019 ) ) ;
#1275 = AXIS2_PLACEMENT_3D ( 'NONE', #184, #300, #1066 ) ;
#1276 = DIRECTION ( 'NONE',  ( -0.000000000000000000, 0.000000000000000000, 1.000000000000000000 ) ) ;
#1277 = CARTESIAN_POINT ( 'NONE',  ( -72.46000000000000796, 5.000000000000004441, -27.45999999999999019 ) ) ;
#1278 = VERTEX_POINT ( 'NONE', #799 ) ;
#1279 = PLANE ( 'NONE',  #1550 ) ;
#1280 = CARTESIAN_POINT ( 'NONE',  ( -33.17000000000001592, 22.03006333144230666, -27.45999999999999019 ) ) ;
#1281 = ORIENTED_EDGE ( 'NONE', *, *, #60, .T. ) ;
#1282 = EDGE_CURVE ( 'NONE', #772, #1761, #961, .T. ) ;
#1283 = CARTESIAN_POINT ( 'NONE',  ( -75.00000000000001421, 13.52476666011689410, 5.250000000000009770 ) ) ;
#1284 = AXIS2_PLACEMENT_3D ( 'NONE', #143, #846, #1276 ) ;
#1285 = LINE ( 'NONE', #721, #93 ) ;
#1286 = CARTESIAN_POINT ( 'NONE',  ( 53.04000500000000073, 39.82923954403116795, -25.45999999999999019 ) ) ;
#1287 = FACE_OUTER_BOUND ( 'NONE', #275, .T. ) ;
#1288 = ORIENTED_EDGE ( 'NONE', *, *, #117, .F. ) ;
#1289 = AXIS2_PLACEMENT_3D ( 'NONE', #1112, #366, #50 ) ;
#1290 = DIRECTION ( 'NONE',  ( -1.000000000000000000, 0.000000000000000000, 0.000000000000000000 ) ) ;
#1291 = CARTESIAN_POINT ( 'NONE',  ( -75.00000000000001421, 7.524766660116894101, -5.249999999999987566 ) ) ;
#1292 = ORIENTED_EDGE ( 'NONE', *, *, #1369, .F. ) ;
#1293 = CIRCLE ( 'NONE', #154, 1.250000000000001554 ) ;
#1294 = DIRECTION ( 'NONE',  ( 1.000000000000000000, 0.000000000000000000, 0.000000000000000000 ) ) ;
#1295 = CARTESIAN_POINT ( 'NONE',  ( -4.959995000000005483, 39.82923954403116795, -27.45999999999999019 ) ) ;
#1296 = ADVANCED_FACE ( 'NONE', ( #790 ), #1525, .T. ) ;
#1297 = FACE_OUTER_BOUND ( 'NONE', #51, .T. ) ;
#1298 = CARTESIAN_POINT ( 'NONE',  ( -2.540000000000014246, 0.000000000000000000, 4.999999999999997335 ) ) ;
#1299 = VERTEX_POINT ( 'NONE', #224 ) ;
#1300 = FACE_OUTER_BOUND ( 'NONE', #355, .T. ) ;
#1301 = FACE_OUTER_BOUND ( 'NONE', #1822, .T. ) ;
#1302 = ORIENTED_EDGE ( 'NONE', *, *, #1189, .F. ) ;
#1303 = FACE_BOUND ( 'NONE', #84, .T. ) ;
#1304 = CARTESIAN_POINT ( 'NONE',  ( -72.46000000000000796, 80.00000000000000000, -27.45999999999999019 ) ) ;
#1305 = DIRECTION ( 'NONE',  ( 0.000000000000000000, 0.000000000000000000, 1.000000000000000000 ) ) ;
#1306 = EDGE_CURVE ( 'NONE', #78, #20, #669, .T. ) ;
#1307 = LINE ( 'NONE', #1142, #1674 ) ;
#1308 = AXIS2_PLACEMENT_3D ( 'NONE', #535, #980, #1893 ) ;
#1309 = ORIENTED_EDGE ( 'NONE', *, *, #1654, .T. ) ;
#1310 = ADVANCED_FACE ( 'NONE', ( #1105 ), #359, .T. ) ;
#1311 = PLANE ( 'NONE',  #1383 ) ;
#1312 = CARTESIAN_POINT ( 'NONE',  ( 58.03999500000023914, 16.82923954403117150, -27.45999999999999019 ) ) ;
#1313 = VERTEX_POINT ( 'NONE', #1709 ) ;
#1314 = DIRECTION ( 'NONE',  ( -0.000000000000000000, 0.000000000000000000, -1.000000000000000000 ) ) ;
#1315 = ORIENTED_EDGE ( 'NONE', *, *, #798, .F. ) ;
#1316 = DIRECTION ( 'NONE',  ( -1.000000000000000000, 0.000000000000000000, 0.000000000000000000 ) ) ;
#1317 = DIRECTION ( 'NONE',  ( -0.000000000000000000, 1.000000000000000000, -0.000000000000000000 ) ) ;
#1318 = EDGE_LOOP ( 'NONE', ( #125, #473 ) ) ;
#1319 = CARTESIAN_POINT ( 'NONE',  ( 72.46000000000000796, 5.000000000000004441, 27.46000000000000441 ) ) ;
#1320 = DIRECTION ( 'NONE',  ( 0.000000000000000000, 0.000000000000000000, 1.000000000000000000 ) ) ;
#1321 = ADVANCED_FACE ( 'NONE', ( #645 ), #492, .F. ) ;
#1322 = ORIENTED_EDGE ( 'NONE', *, *, #1084, .F. ) ;
#1323 = VECTOR ( 'NONE', #1815, 1000.000000000000000 ) ;
#1324 = LINE ( 'NONE', #195, #966 ) ;
#1325 = FACE_OUTER_BOUND ( 'NONE', #262, .T. ) ;
#1326 = DIRECTION ( 'NONE',  ( 0.000000000000000000, 0.000000000000000000, 1.000000000000000000 ) ) ;
#1327 = LINE ( 'NONE', #923, #694 ) ;
#1328 = ORIENTED_EDGE ( 'NONE', *, *, #1130, .F. ) ;
#1329 = CYLINDRICAL_SURFACE ( 'NONE', #913, 1.250000000000001554 ) ;
#1330 = DIRECTION ( 'NONE',  ( 0.000000000000000000, 0.000000000000000000, 1.000000000000000000 ) ) ;
#1331 = ORIENTED_EDGE ( 'NONE', *, *, #1400, .F. ) ;
#1332 = EDGE_CURVE ( 'NONE', #1569, #1358, #501, .T. ) ;
#1333 = DIRECTION ( 'NONE',  ( -0.000000000000000000, 1.000000000000000000, -0.000000000000000000 ) ) ;
#1334 = DIRECTION ( 'NONE',  ( 1.000000000000000000, 0.000000000000000000, 0.000000000000000000 ) ) ;
#1335 = CARTESIAN_POINT ( 'NONE',  ( -72.46000000000000796, 80.00000000000000000, 30.00000000000000711 ) ) ;
#1336 = ORIENTED_EDGE ( 'NONE', *, *, #1914, .T. ) ;
#1337 = PLANE ( 'NONE',  #1004 ) ;
#1338 = DIRECTION ( 'NONE',  ( 0.000000000000000000, 0.000000000000000000, 1.000000000000000000 ) ) ;
#1339 = VERTEX_POINT ( 'NONE', #1839 ) ;
#1340 = CARTESIAN_POINT ( 'NONE',  ( 58.03999499999999756, 39.82923954403116795, -25.45999999999999019 ) ) ;
#1341 = EDGE_LOOP ( 'NONE', ( #1083, #935, #632, #1174 ) ) ;
#1342 = AXIS2_PLACEMENT_3D ( 'NONE', #985, #1572, #511 ) ;
#1343 = ADVANCED_FACE ( 'NONE', ( #352, #814 ), #1262, .F. ) ;
#1344 = CARTESIAN_POINT ( 'NONE',  ( -2.540000000000014246, 5.000000000000004441, 8.175000000000002487 ) ) ;
#1345 = EDGE_CURVE ( 'NONE', #135, #1761, #1683, .T. ) ;
#1346 = AXIS2_PLACEMENT_3D ( 'NONE', #1120, #423, #110 ) ;
#1347 = ORIENTED_EDGE ( 'NONE', *, *, #817, .T. ) ;
#1348 = LINE ( 'NONE', #1503, #1584 ) ;
#1349 = CARTESIAN_POINT ( 'NONE',  ( -2.540000000000014246, 5.000000000000004441, 4.999999999999997335 ) ) ;
#1350 = ORIENTED_EDGE ( 'NONE', *, *, #55, .F. ) ;
#1351 = CARTESIAN_POINT ( 'NONE',  ( -72.46000000000000796, 7.524766660116894101, 5.250000000000011546 ) ) ;
#1352 = ORIENTED_EDGE ( 'NONE', *, *, #1766, .F. ) ;
#1353 = AXIS2_PLACEMENT_3D ( 'NONE', #997, #1594, #713 ) ;
#1354 = DIRECTION ( 'NONE',  ( 1.734723475976805517E-15, -1.000000000000000000, 0.000000000000000000 ) ) ;
#1355 = DIRECTION ( 'NONE',  ( -0.000000000000000000, -0.000000000000000000, -1.000000000000000000 ) ) ;
#1356 = AXIS2_PLACEMENT_3D ( 'NONE', #1244, #1846, #508 ) ;
#1357 = EDGE_CURVE ( 'NONE', #1313, #1787, #217, .T. ) ;
#1358 = VERTEX_POINT ( 'NONE', #946 ) ;
#1359 = CARTESIAN_POINT ( 'NONE',  ( -57.76475457404245617, 5.000000000000004441, -4.942657653041636401 ) ) ;
#1360 = DIRECTION ( 'NONE',  ( 1.000000000000000000, 0.000000000000000000, 0.000000000000000000 ) ) ;
#1361 = AXIS2_PLACEMENT_3D ( 'NONE', #957, #1713, #974 ) ;
#1362 = VECTOR ( 'NONE', #118, 1000.000000000000000 ) ;
#1363 = ORIENTED_EDGE ( 'NONE', *, *, #1462, .T. ) ;
#1364 = LINE ( 'NONE', #588, #89 ) ;
#1365 = LINE ( 'NONE', #1222, #720 ) ;
#1366 = ORIENTED_EDGE ( 'NONE', *, *, #1869, .F. ) ;
#1367 = DIRECTION ( 'NONE',  ( 1.000000000000000000, 1.734723475976805517E-15, 0.000000000000000000 ) ) ;
#1368 = ORIENTED_EDGE ( 'NONE', *, *, #65, .T. ) ;
#1369 = EDGE_CURVE ( 'NONE', #506, #1922, #209, .T. ) ;
#1370 = DIRECTION ( 'NONE',  ( -1.000000000000000000, -0.000000000000000000, -0.000000000000000000 ) ) ;
#1371 = CARTESIAN_POINT ( 'NONE',  ( 0.000000000000000000, 80.00000000000000000, 0.000000000000000000 ) ) ;
#1372 = ORIENTED_EDGE ( 'NONE', *, *, #937, .T. ) ;
#1373 = VECTOR ( 'NONE', #1046, 1000.000000000000000 ) ;
#1374 = CARTESIAN_POINT ( 'NONE',  ( -57.76475457404245617, 5.000000000000004441, -19.94265765304163551 ) ) ;
#1375 = ORIENTED_EDGE ( 'NONE', *, *, #13, .T. ) ;
#1376 = ORIENTED_EDGE ( 'NONE', *, *, #1258, .F. ) ;
#1377 = PLANE ( 'NONE',  #211 ) ;
#1378 = ORIENTED_EDGE ( 'NONE', *, *, #341, .F. ) ;
#1379 = EDGE_CURVE ( 'NONE', #1243, #852, #53, .T. ) ;
#1380 = CARTESIAN_POINT ( 'NONE',  ( 55.53999999999999915, 39.82923954403116795, -25.45999999999999019 ) ) ;
#1381 = EDGE_CURVE ( 'NONE', #580, #905, #1203, .T. ) ;
#1382 = ORIENTED_EDGE ( 'NONE', *, *, #1740, .F. ) ;
#1383 = AXIS2_PLACEMENT_3D ( 'NONE', #1874, #850, #1413 ) ;
#1384 = VECTOR ( 'NONE', #1330, 1000.000000000000000 ) ;
#1385 = ORIENTED_EDGE ( 'NONE', *, *, #934, .F. ) ;
#1386 = AXIS2_PLACEMENT_3D ( 'NONE', #428, #1432, #398 ) ;
#1387 = CARTESIAN_POINT ( 'NONE',  ( -57.76475457404245617, 5.000000000000004441, -19.94265765304163551 ) ) ;
#1388 = ORIENTED_EDGE ( 'NONE', *, *, #1886, .T. ) ;
#1389 = CARTESIAN_POINT ( 'NONE',  ( -2.459999999999764597, 16.82923954403117150, -27.45999999999999019 ) ) ;
#1390 = VERTEX_POINT ( 'NONE', #77 ) ;
#1391 = EDGE_CURVE ( 'NONE', #128, #543, #519, .T. ) ;
#1392 = EDGE_CURVE ( 'NONE', #102, #1088, #1096, .T. ) ;
#1393 = DIRECTION ( 'NONE',  ( 1.000000000000000000, 0.000000000000000000, 0.000000000000000000 ) ) ;
#1394 = DIRECTION ( 'NONE',  ( -1.000000000000000000, 0.000000000000000000, 0.000000000000000000 ) ) ;
#1395 = ORIENTED_EDGE ( 'NONE', *, *, #41, .F. ) ;
#1396 = CARTESIAN_POINT ( 'NONE',  ( 7.235245425957548271, 5.000000000000004441, -19.94265765304163551 ) ) ;
#1397 = ORIENTED_EDGE ( 'NONE', *, *, #1391, .F. ) ;
#1398 = EDGE_CURVE ( 'NONE', #1476, #1146, #644, .T. ) ;
#1399 = CARTESIAN_POINT ( 'NONE',  ( 58.03999499999999756, 39.82923954403116795, -27.45999999999999019 ) ) ;
#1400 = EDGE_CURVE ( 'NONE', #929, #1076, #274, .T. ) ;
#1401 = DIRECTION ( 'NONE',  ( 0.000000000000000000, 0.000000000000000000, -1.000000000000000000 ) ) ;
#1402 = VECTOR ( 'NONE', #1194, 1000.000000000000000 ) ;
#1403 = PLANE ( 'NONE',  #1289 ) ;
#1404 = ORIENTED_EDGE ( 'NONE', *, *, #434, .F. ) ;
#1405 = DIRECTION ( 'NONE',  ( -0.000000000000000000, -0.000000000000000000, -1.000000000000000000 ) ) ;
#1406 = VERTEX_POINT ( 'NONE', #1568 ) ;
#1407 = DIRECTION ( 'NONE',  ( -0.000000000000000000, 1.000000000000000000, -0.000000000000000000 ) ) ;
#1408 = VERTEX_POINT ( 'NONE', #1608 ) ;
#1409 = ADVANCED_FACE ( 'NONE', ( #992 ), #265, .T. ) ;
#1410 = DIRECTION ( 'NONE',  ( 0.000000000000000000, 0.000000000000000000, 1.000000000000000000 ) ) ;
#1411 = ORIENTED_EDGE ( 'NONE', *, *, #666, .T. ) ;
#1412 = ADVANCED_FACE ( 'NONE', ( #1301 ), #1905, .T. ) ;
#1413 = DIRECTION ( 'NONE',  ( 0.000000000000000000, -0.000000000000000000, 1.000000000000000000 ) ) ;
#1414 = CARTESIAN_POINT ( 'NONE',  ( -75.00000000000001421, 0.000000000000000000, -29.99999999999999289 ) ) ;
#1415 = VERTEX_POINT ( 'NONE', #832 ) ;
#1416 = AXIS2_PLACEMENT_3D ( 'NONE', #876, #281, #409 ) ;
#1417 = DIRECTION ( 'NONE',  ( -0.000000000000000000, 0.000000000000000000, 1.000000000000000000 ) ) ;
#1418 = DIRECTION ( 'NONE',  ( -0.000000000000000000, 1.000000000000000000, -0.000000000000000000 ) ) ;
#1419 = CARTESIAN_POINT ( 'NONE',  ( 72.45999999999997954, 5.000000000000004441, 32.54000000000000625 ) ) ;
#1420 = ORIENTED_EDGE ( 'NONE', *, *, #657, .T. ) ;
#1421 = EDGE_CURVE ( 'NONE', #1103, #941, #851, .T. ) ;
#1422 = DIRECTION ( 'NONE',  ( 0.000000000000000000, -1.000000000000000000, 0.000000000000000000 ) ) ;
#1423 = CARTESIAN_POINT ( 'NONE',  ( -3.709999999999765929, 16.82923954403117150, -25.45999999999999019 ) ) ;
#1424 = EDGE_CURVE ( 'NONE', #821, #605, #104, .T. ) ;
#1425 = ORIENTED_EDGE ( 'NONE', *, *, #1180, .T. ) ;
#1426 = CARTESIAN_POINT ( 'NONE',  ( 7.235245425957548271, 15.00000000000000533, -19.94265765304163551 ) ) ;
#1427 = DIRECTION ( 'NONE',  ( 1.000000000000000000, 0.000000000000000000, 0.000000000000000000 ) ) ;
#1428 = CARTESIAN_POINT ( 'NONE',  ( -57.76475457404245617, 15.00000000000000533, -19.94265765304163551 ) ) ;
#1429 = LINE ( 'NONE', #1131, #1101 ) ;
#1430 = VERTEX_POINT ( 'NONE', #536 ) ;
#1431 = PLANE ( 'NONE',  #173 ) ;
#1432 = DIRECTION ( 'NONE',  ( -0.000000000000000000, -0.000000000000000000, -1.000000000000000000 ) ) ;
#1433 = ORIENTED_EDGE ( 'NONE', *, *, #563, .F. ) ;
#1434 = UNCERTAINTY_MEASURE_WITH_UNIT (LENGTH_MEASURE( 1.000000000000000082E-05 ), #1778, 'distance_accuracy_value', 'NONE');
#1435 = EDGE_CURVE ( 'NONE', #1489, #1163, #702, .T. ) ;
#1436 = FACE_BOUND ( 'NONE', #1341, .T. ) ;
#1437 = AXIS2_PLACEMENT_3D ( 'NONE', #1705, #81, #665 ) ;
#1438 = CARTESIAN_POINT ( 'NONE',  ( 7.235245425957548271, 5.000000000000004441, -19.94265765304163551 ) ) ;
#1439 = DIRECTION ( 'NONE',  ( -0.000000000000000000, -0.000000000000000000, -1.000000000000000000 ) ) ;
#1440 = LINE ( 'NONE', #261, #1535 ) ;
#1441 = ORIENTED_EDGE ( 'NONE', *, *, #1626, .F. ) ;
#1442 = AXIS2_PLACEMENT_3D ( 'NONE', #1349, #1177, #904 ) ;
#1443 = DIRECTION ( 'NONE',  ( 1.000000000000000000, 0.000000000000000000, -0.000000000000000000 ) ) ;
#1444 = PLANE ( 'NONE',  #671 ) ;
#1445 = ORIENTED_EDGE ( 'NONE', *, *, #239, .T. ) ;
#1446 = VECTOR ( 'NONE', #325, 1000.000000000000000 ) ;
#1447 = LINE ( 'NONE', #130, #874 ) ;
#1448 = ADVANCED_FACE ( 'NONE', ( #1011 ), #1444, .F. ) ;
#1449 = CARTESIAN_POINT ( 'NONE',  ( -72.46000000000000796, 7.524766660116894101, 5.250000000000009770 ) ) ;
#1450 = VECTOR ( 'NONE', #248, 1000.000000000000000 ) ;
#1451 = PLANE ( 'NONE',  #1591 ) ;
#1452 = DIRECTION ( 'NONE',  ( 0.000000000000000000, 0.000000000000000000, 1.000000000000000000 ) ) ;
#1453 = EDGE_LOOP ( 'NONE', ( #1003, #938 ) ) ;
#1454 = FACE_OUTER_BOUND ( 'NONE', #1649, .T. ) ;
#1455 = PLANE ( 'NONE',  #1511 ) ;
#1456 = ORIENTED_EDGE ( 'NONE', *, *, #1424, .T. ) ;
#1457 = DIRECTION ( 'NONE',  ( 0.000000000000000000, -1.000000000000000000, 0.000000000000000000 ) ) ;
#1458 = VERTEX_POINT ( 'NONE', #1280 ) ;
#1459 = FACE_OUTER_BOUND ( 'NONE', #1067, .T. ) ;
#1460 = PLANE ( 'NONE',  #1346 ) ;
#1461 = VECTOR ( 'NONE', #1333, 1000.000000000000000 ) ;
#1462 = EDGE_CURVE ( 'NONE', #322, #1268, #137, .T. ) ;
#1463 = PRODUCT_CONTEXT ( 'NONE', #649, 'mechanical' ) ;
#1464 = ORIENTED_EDGE ( 'NONE', *, *, #1104, .T. ) ;
#1465 = DIRECTION ( 'NONE',  ( -0.000000000000000000, -0.000000000000000000, -1.000000000000000000 ) ) ;
#1466 = FACE_OUTER_BOUND ( 'NONE', #1906, .T. ) ;
#1467 = ORIENTED_EDGE ( 'NONE', *, *, #1085, .T. ) ;
#1468 = CARTESIAN_POINT ( 'NONE',  ( 74.99999999999998579, 80.00000000000000000, -29.99999999999999289 ) ) ;
#1469 = DIRECTION ( 'NONE',  ( 0.000000000000000000, 0.000000000000000000, 1.000000000000000000 ) ) ;
#1470 = LINE ( 'NONE', #436, #948 ) ;
#1471 = ORIENTED_EDGE ( 'NONE', *, *, #516, .T. ) ;
#1472 = CIRCLE ( 'NONE', #301, 1.250000000000001554 ) ;
#1473 = EDGE_CURVE ( 'NONE', #230, #429, #1293, .T. ) ;
#1474 = PLANE ( 'NONE',  #1658 ) ;
#1475 = DIRECTION ( 'NONE',  ( -1.000000000000000000, 0.000000000000000000, -0.000000000000000000 ) ) ;
#1476 = VERTEX_POINT ( 'NONE', #557 ) ;
#1477 = AXIS2_PLACEMENT_3D ( 'NONE', #1185, #1320, #1034 ) ;
#1478 = CARTESIAN_POINT ( 'NONE',  ( -72.46000000000000796, 13.52476666011689410, 5.250000000000009770 ) ) ;
#1479 = ORIENTED_EDGE ( 'NONE', *, *, #868, .T. ) ;
#1480 = FACE_OUTER_BOUND ( 'NONE', #477, .T. ) ;
#1481 = ORIENTED_EDGE ( 'NONE', *, *, #552, .T. ) ;
#1482 = DIRECTION ( 'NONE',  ( 0.000000000000000000, -0.000000000000000000, -1.000000000000000000 ) ) ;
#1483 = LINE ( 'NONE', #1055, #1323 ) ;
#1484 = ADVANCED_FACE ( 'NONE', ( #1883 ), #1455, .F. ) ;
#1485 = ORIENTED_EDGE ( 'NONE', *, *, #382, .F. ) ;
#1486 = VECTOR ( 'NONE', #1393, 1000.000000000000000 ) ;
#1487 = CARTESIAN_POINT ( 'NONE',  ( -72.46000000000000796, 5.000000000000004441, 28.72999999999999687 ) ) ;
#1488 = ADVANCED_FACE ( 'NONE', ( #1145 ), #115, .F. ) ;
#1489 = VERTEX_POINT ( 'NONE', #1312 ) ;
#1490 = CARTESIAN_POINT ( 'NONE',  ( 55.54000000000024073, 16.82923954403117150, -25.45999999999999019 ) ) ;
#1491 = ORIENTED_EDGE ( 'NONE', *, *, #1890, .F. ) ;
#1492 = CARTESIAN_POINT ( 'NONE',  ( -57.76475457404245617, 5.000000000000004441, -4.942657653041636401 ) ) ;
#1493 = DIRECTION ( 'NONE',  ( 0.000000000000000000, 0.000000000000000000, -1.000000000000000000 ) ) ;
#1494 = VERTEX_POINT ( 'NONE', #1291 ) ;
#1495 = VECTOR ( 'NONE', #36, 1000.000000000000000 ) ;
#1496 = LINE ( 'NONE', #1037, #1877 ) ;
#1497 = DIRECTION ( 'NONE',  ( 0.000000000000000000, 0.000000000000000000, 1.000000000000000000 ) ) ;
#1498 = VERTEX_POINT ( 'NONE', #1894 ) ;
#1499 = AXIS2_PLACEMENT_3D ( 'NONE', #556, #172, #1792 ) ;
#1500 = ADVANCED_FACE ( 'NONE', ( #95, #1753, #1742 ), #407, .T. ) ;
#1501 = CARTESIAN_POINT ( 'NONE',  ( 56.79000000000000625, 39.82923954403116795, -25.45999999999999019 ) ) ;
#1502 = VERTEX_POINT ( 'NONE', #576 ) ;
#1503 = CARTESIAN_POINT ( 'NONE',  ( 73.73000000000001819, 80.00000000000000000, 28.73000000000000043 ) ) ;
#1504 = LINE ( 'NONE', #1773, #422 ) ;
#1505 = ORIENTED_EDGE ( 'NONE', *, *, #1192, .T. ) ;
#1506 = DIRECTION ( 'NONE',  ( -1.000000000000000000, -0.000000000000000000, -0.000000000000000000 ) ) ;
#1507 = DIRECTION ( 'NONE',  ( -0.000000000000000000, -1.000000000000000000, -0.000000000000000000 ) ) ;
#1508 = ORIENTED_EDGE ( 'NONE', *, *, #144, .T. ) ;
#1509 = LINE ( 'NONE', #454, #523 ) ;
#1510 = EDGE_CURVE ( 'NONE', #1157, #1020, #1165, .T. ) ;
#1511 = AXIS2_PLACEMENT_3D ( 'NONE', #254, #1134, #840 ) ;
#1512 = ORIENTED_EDGE ( 'NONE', *, *, #963, .T. ) ;
#1513 = DIRECTION ( 'NONE',  ( 0.000000000000000000, 0.000000000000000000, 1.000000000000000000 ) ) ;
#1514 = FACE_OUTER_BOUND ( 'NONE', #602, .T. ) ;
#1515 = VECTOR ( 'NONE', #692, 1000.000000000000000 ) ;
#1516 = AXIS2_PLACEMENT_3D ( 'NONE', #866, #1005, #390 ) ;
#1517 = ORIENTED_EDGE ( 'NONE', *, *, #922, .T. ) ;
#1518 = DIRECTION ( 'NONE',  ( 1.000000000000000000, 0.000000000000000000, 0.000000000000000000 ) ) ;
#1519 = ORIENTED_EDGE ( 'NONE', *, *, #1681, .F. ) ;
#1520 = DIRECTION ( 'NONE',  ( -0.000000000000000000, 1.000000000000000000, -0.000000000000000000 ) ) ;
#1521 = ORIENTED_EDGE ( 'NONE', *, *, #538, .F. ) ;
#1522 = DIRECTION ( 'NONE',  ( 0.000000000000000000, -0.000000000000000000, -1.000000000000000000 ) ) ;
#1523 = ORIENTED_EDGE ( 'NONE', *, *, #1510, .F. ) ;
#1524 = CIRCLE ( 'NONE', #1549, 2.499994999999997969 ) ;
#1525 = CYLINDRICAL_SURFACE ( 'NONE', #797, 2.499994999999997969 ) ;
#1526 = EDGE_LOOP ( 'NONE', ( #375, #419, #1485, #1895 ) ) ;
#1527 = ORIENTED_EDGE ( 'NONE', *, *, #1864, .F. ) ;
#1528 = VECTOR ( 'NONE', #1593, 1000.000000000000000 ) ;
#1529 = CARTESIAN_POINT ( 'NONE',  ( -72.46000000000000796, 5.000000000000004441, 27.46000000000000441 ) ) ;
#1530 = ORIENTED_EDGE ( 'NONE', *, *, #255, .F. ) ;
#1531 = ADVANCED_FACE ( 'NONE', ( #680 ), #1620, .F. ) ;
#1532 = CARTESIAN_POINT ( 'NONE',  ( 9.735245425957550935, 5.000000000000004441, -22.44265765304163551 ) ) ;
#1533 = ORIENTED_EDGE ( 'NONE', *, *, #1391, .T. ) ;
#1534 = EDGE_CURVE ( 'NONE', #1009, #1430, #760, .T. ) ;
#1535 = VECTOR ( 'NONE', #989, 1000.000000000000000 ) ;
#1536 = ORIENTED_EDGE ( 'NONE', *, *, #1629, .F. ) ;
#1537 = AXIS2_PLACEMENT_3D ( 'NONE', #1389, #70, #654 ) ;
#1538 = CARTESIAN_POINT ( 'NONE',  ( 55.54000000000024073, 16.82923954403117150, -25.45999999999999019 ) ) ;
#1539 = EDGE_LOOP ( 'NONE', ( #902, #46, #1032, #568 ) ) ;
#1540 = DIRECTION ( 'NONE',  ( -0.000000000000000000, -1.000000000000000000, -0.000000000000000000 ) ) ;
#1541 = ORIENTED_EDGE ( 'NONE', *, *, #189, .T. ) ;
#1542 = PRODUCT_RELATED_PRODUCT_CATEGORY ( 'part', '', ( #646 ) ) ;
#1543 = DIRECTION ( 'NONE',  ( -1.000000000000000000, -0.000000000000000000, 2.731847993664247441E-15 ) ) ;
#1544 = DIRECTION ( 'NONE',  ( -0.000000000000000000, -1.000000000000000000, -0.000000000000000000 ) ) ;
#1545 = DIRECTION ( 'NONE',  ( 1.000000000000000000, 0.000000000000000000, 0.000000000000000000 ) ) ;
#1546 = ORIENTED_EDGE ( 'NONE', *, *, #678, .T. ) ;
#1547 = DIRECTION ( 'NONE',  ( -0.000000000000000000, -0.000000000000000000, -1.000000000000000000 ) ) ;
#1548 = EDGE_LOOP ( 'NONE', ( #1691, #577, #1677, #875 ) ) ;
#1549 = AXIS2_PLACEMENT_3D ( 'NONE', #11, #310, #597 ) ;
#1550 = AXIS2_PLACEMENT_3D ( 'NONE', #1882, #566, #1010 ) ;
#1551 = EDGE_CURVE ( 'NONE', #1816, #1750, #147, .T. ) ;
#1552 = CARTESIAN_POINT ( 'NONE',  ( 72.45999999999997954, 5.000000000000004441, -27.45999999999999019 ) ) ;
#1553 = ORIENTED_EDGE ( 'NONE', *, *, #650, .T. ) ;
#1554 = EDGE_CURVE ( 'NONE', #1903, #317, #66, .T. ) ;
#1555 = CARTESIAN_POINT ( 'NONE',  ( -2.459999999999764597, 16.82923954403117150, -27.45999999999999019 ) ) ;
#1556 = ORIENTED_EDGE ( 'NONE', *, *, #3, .F. ) ;
#1557 = DIRECTION ( 'NONE',  ( 0.000000000000000000, 0.000000000000000000, -1.000000000000000000 ) ) ;
#1558 = CARTESIAN_POINT ( 'NONE',  ( 55.54000000000024073, 16.82923954403117150, -25.45999999999999019 ) ) ;
#1559 = ORIENTED_EDGE ( 'NONE', *, *, #92, .F. ) ;
#1560 = CARTESIAN_POINT ( 'NONE',  ( 73.73000000000001819, 5.000000000000004441, 28.73000000000000043 ) ) ;
#1561 = ADVANCED_FACE ( 'NONE', ( #1664 ), #448, .F. ) ;
#1562 = VECTOR ( 'NONE', #350, 1000.000000000000000 ) ;
#1563 = CARTESIAN_POINT ( 'NONE',  ( -38.17000000000000881, 24.03006333144230666, -25.45999999999999019 ) ) ;
#1564 = EDGE_CURVE ( 'NONE', #1390, #1313, #1504, .T. ) ;
#1565 = DIRECTION ( 'NONE',  ( 0.000000000000000000, 1.000000000000000000, 0.000000000000000000 ) ) ;
#1566 = EDGE_LOOP ( 'NONE', ( #917, #204, #256, #378 ) ) ;
#1567 = FACE_OUTER_BOUND ( 'NONE', #470, .T. ) ;
#1568 = CARTESIAN_POINT ( 'NONE',  ( 0.03999499999999710231, 39.82923954403116795, -27.45999999999999019 ) ) ;
#1569 = VERTEX_POINT ( 'NONE', #1924 ) ;
#1570 = FACE_OUTER_BOUND ( 'NONE', #960, .T. ) ;
#1571 = VECTOR ( 'NONE', #1565, 1000.000000000000000 ) ;
#1572 = DIRECTION ( 'NONE',  ( 0.000000000000000000, 0.000000000000000000, 1.000000000000000000 ) ) ;
#1573 = LINE ( 'NONE', #1286, #263 ) ;
#1574 = DIRECTION ( 'NONE',  ( 1.000000000000000000, 0.000000000000000000, 0.000000000000000000 ) ) ;
#1575 = ORIENTED_EDGE ( 'NONE', *, *, #117, .T. ) ;
#1576 = EDGE_CURVE ( 'NONE', #800, #1922, #303, .T. ) ;
#1577 = DIRECTION ( 'NONE',  ( 1.000000000000000000, 0.000000000000000000, -0.000000000000000000 ) ) ;
#1578 = CARTESIAN_POINT ( 'NONE',  ( 72.45999999999997954, 80.00000000000000000, -27.45999999999999019 ) ) ;
#1579 = ORIENTED_EDGE ( 'NONE', *, *, #528, .F. ) ;
#1580 = DIRECTION ( 'NONE',  ( 0.000000000000000000, 1.000000000000000000, 0.000000000000000000 ) ) ;
#1581 = LINE ( 'NONE', #551, #775 ) ;
#1582 = CARTESIAN_POINT ( 'NONE',  ( 58.03999499999999756, 39.82923954403116795, -25.45999999999999019 ) ) ;
#1583 = FACE_OUTER_BOUND ( 'NONE', #1684, .T. ) ;
#1584 = VECTOR ( 'NONE', #769, 1000.000000000000000 ) ;
#1585 = ORIENTED_EDGE ( 'NONE', *, *, #807, .T. ) ;
#1586 = DIRECTION ( 'NONE',  ( 1.000000000000000000, 0.000000000000000000, 0.000000000000000000 ) ) ;
#1587 = DIRECTION ( 'NONE',  ( -0.000000000000000000, -0.000000000000000000, -1.000000000000000000 ) ) ;
#1588 = EDGE_CURVE ( 'NONE', #1502, #290, #389, .T. ) ;
#1589 = VERTEX_POINT ( 'NONE', #595 ) ;
#1590 = DIRECTION ( 'NONE',  ( 0.000000000000000000, 0.000000000000000000, 1.000000000000000000 ) ) ;
#1591 = AXIS2_PLACEMENT_3D ( 'NONE', #1889, #712, #1305 ) ;
#1592 = LINE ( 'NONE', #581, #1867 ) ;
#1593 = DIRECTION ( 'NONE',  ( 0.000000000000000000, 0.000000000000000000, 1.000000000000000000 ) ) ;
#1594 = DIRECTION ( 'NONE',  ( 0.000000000000000000, 0.000000000000000000, 1.000000000000000000 ) ) ;
#1595 = ORIENTED_EDGE ( 'NONE', *, *, #1127, .F. ) ;
#1596 = AXIS2_PLACEMENT_3D ( 'NONE', #1419, #532, #123 ) ;
#1597 = DIRECTION ( 'NONE',  ( -0.000000000000000000, 0.000000000000000000, -1.000000000000000000 ) ) ;
#1598 = CARTESIAN_POINT ( 'NONE',  ( 0.000000000000000000, 5.000000000000004441, 0.000000000000000000 ) ) ;
#1599 = ORIENTED_EDGE ( 'NONE', *, *, #610, .F. ) ;
#1600 = AXIS2_PLACEMENT_3D ( 'NONE', #517, #1089, #1866 ) ;
#1601 = ADVANCED_FACE ( 'NONE', ( #1208 ), #9, .F. ) ;
#1602 = PLANE ( 'NONE',  #675 ) ;
#1603 = AXIS2_PLACEMENT_3D ( 'NONE', #227, #625, #816 ) ;
#1604 = VECTOR ( 'NONE', #1188, 1000.000000000000000 ) ;
#1605 = CARTESIAN_POINT ( 'NONE',  ( -35.17000000000000881, 24.03006333144230666, -25.45999999999999019 ) ) ;
#1606 = ORIENTED_EDGE ( 'NONE', *, *, #242, .T. ) ;
#1607 = CARTESIAN_POINT ( 'NONE',  ( 55.53999999999999915, 39.82923954403116795, -25.45999999999999019 ) ) ;
#1608 = CARTESIAN_POINT ( 'NONE',  ( -57.76475457404245617, 15.00000000000000533, -4.942657653041636401 ) ) ;
#1609 = ORIENTED_EDGE ( 'NONE', *, *, #1779, .F. ) ;
#1610 = LINE ( 'NONE', #291, #292 ) ;
#1611 = DIRECTION ( 'NONE',  ( -0.000000000000000000, -0.000000000000000000, -1.000000000000000000 ) ) ;
#1612 = EDGE_LOOP ( 'NONE', ( #1754, #973, #338, #1143, #1411, #1508, #1024, #1336, #1223, #185, #1231, #990 ) ) ;
#1613 = LINE ( 'NONE', #711, #1108 ) ;
#1614 = EDGE_CURVE ( 'NONE', #190, #1278, #700, .T. ) ;
#1615 = VECTOR ( 'NONE', #1580, 1000.000000000000000 ) ;
#1616 = CARTESIAN_POINT ( 'NONE',  ( 0.000000000000000000, 0.000000000000000000, 0.000000000000000000 ) ) ;
#1617 = EDGE_CURVE ( 'NONE', #1278, #190, #1888, .T. ) ;
#1618 = EDGE_LOOP ( 'NONE', ( #138, #547, #446, #1585 ) ) ;
#1619 = DIRECTION ( 'NONE',  ( 1.000000000000000000, 0.000000000000000000, 0.000000000000000000 ) ) ;
#1620 = PLANE ( 'NONE',  #1798 ) ;
#1621 = EDGE_LOOP ( 'NONE', ( #900, #739, #1042, #1056 ) ) ;
#1622 = FACE_OUTER_BOUND ( 'NONE', #1697, .T. ) ;
#1623 = VECTOR ( 'NONE', #704, 1000.000000000000000 ) ;
#1624 = DIRECTION ( 'NONE',  ( -0.000000000000000000, -0.000000000000000000, -1.000000000000000000 ) ) ;
#1625 = LINE ( 'NONE', #445, #1247 ) ;
#1626 = EDGE_CURVE ( 'NONE', #1589, #772, #480, .T. ) ;
#1627 = VERTEX_POINT ( 'NONE', #1631 ) ;
#1628 = ADVANCED_FACE ( 'NONE', ( #1793 ), #43, .T. ) ;
#1629 = EDGE_CURVE ( 'NONE', #993, #670, #548, .T. ) ;
#1630 = CARTESIAN_POINT ( 'NONE',  ( 0.000000000000000000, 0.000000000000000000, 0.000000000000000000 ) ) ;
#1631 = CARTESIAN_POINT ( 'NONE',  ( -72.46000000000000796, 80.00000000000000000, 27.46000000000000441 ) ) ;
#1632 = EDGE_LOOP ( 'NONE', ( #384, #998, #753, #1876 ) ) ;
#1633 = AXIS2_PLACEMENT_3D ( 'NONE', #155, #1044, #737 ) ;
#1634 = CARTESIAN_POINT ( 'NONE',  ( -72.46000000000000796, 5.000000000000004441, 27.46000000000000441 ) ) ;
#1635 = CARTESIAN_POINT ( 'NONE',  ( 72.45999999999997954, 5.000000000000004441, 32.54000000000000625 ) ) ;
#1636 = VERTEX_POINT ( 'NONE', #1642 ) ;
#1637 = VECTOR ( 'NONE', #1540, 1000.000000000000000 ) ;
#1638 = CARTESIAN_POINT ( 'NONE',  ( -33.17000000000000881, 22.03006333144230666, -25.45999999999999019 ) ) ;
#1639 = EDGE_LOOP ( 'NONE', ( #54, #1052 ) ) ;
#1640 =( GEOMETRIC_REPRESENTATION_CONTEXT ( 3 ) GLOBAL_UNCERTAINTY_ASSIGNED_CONTEXT ( ( #107 ) ) GLOBAL_UNIT_ASSIGNED_CONTEXT ( ( #870, #16, #734 ) ) REPRESENTATION_CONTEXT ( 'NONE', 'WORKASPACE' ) );
#1641 = DIRECTION ( 'NONE',  ( 0.000000000000000000, 0.000000000000000000, -1.000000000000000000 ) ) ;
#1642 = CARTESIAN_POINT ( 'NONE',  ( -33.17000000000000881, 27.03006333144230666, -25.45999999999999019 ) ) ;
#1643 = EDGE_LOOP ( 'NONE', ( #47, #404, #314, #1372 ) ) ;
#1644 = EDGE_CURVE ( 'NONE', #1299, #163, #894, .T. ) ;
#1645 = LINE ( 'NONE', #907, #1373 ) ;
#1646 = ORIENTED_EDGE ( 'NONE', *, *, #1369, .T. ) ;
#1647 = CARTESIAN_POINT ( 'NONE',  ( -33.17000000000000881, 27.03006333144230666, -25.45999999999999019 ) ) ;
#1648 = LINE ( 'NONE', #1638, #812 ) ;
#1649 = EDGE_LOOP ( 'NONE', ( #643, #1523, #791, #1132 ) ) ;
#1650 = DIRECTION ( 'NONE',  ( -1.000000000000000000, 0.000000000000000000, 0.000000000000000000 ) ) ;
#1651 = DIRECTION ( 'NONE',  ( 0.000000000000000000, -0.000000000000000000, 1.000000000000000000 ) ) ;
#1652 = ADVANCED_BREP_SHAPE_REPRESENTATION ( 'Radar Enclosure 0.4', ( #236, #1770 ), #1640 ) ;
#1653 = EDGE_LOOP ( 'NONE', ( #565, #1707, #396, #198 ) ) ;
#1654 = EDGE_CURVE ( 'NONE', #1913, #809, #1483, .T. ) ;
#1655 = DIRECTION ( 'NONE',  ( 0.000000000000000000, 0.000000000000000000, 1.000000000000000000 ) ) ;
#1656 = DIRECTION ( 'NONE',  ( 0.000000000000000000, 0.000000000000000000, -1.000000000000000000 ) ) ;
#1657 = EDGE_LOOP ( 'NONE', ( #686, #764, #914, #156 ) ) ;
#1658 = AXIS2_PLACEMENT_3D ( 'NONE', #1630, #893, #1482 ) ;
#1659 = ADVANCED_FACE ( 'NONE', ( #1466 ), #316, .F. ) ;
#1660 = CARTESIAN_POINT ( 'NONE',  ( 73.73000000000001819, 5.000000000000004441, 27.46000000000000085 ) ) ;
#1661 = DIRECTION ( 'NONE',  ( 0.000000000000000000, -1.000000000000000000, 0.000000000000000000 ) ) ;
#1662 = ORIENTED_EDGE ( 'NONE', *, *, #1104, .F. ) ;
#1663 = PLANE ( 'NONE',  #1209 ) ;
#1664 = FACE_OUTER_BOUND ( 'NONE', #1526, .T. ) ;
#1665 = VECTOR ( 'NONE', #1557, 1000.000000000000000 ) ;
#1666 = ORIENTED_EDGE ( 'NONE', *, *, #1779, .T. ) ;
#1667 = PLANE ( 'NONE',  #1170 ) ;
#1668 = ORIENTED_EDGE ( 'NONE', *, *, #503, .F. ) ;
#1669 = ADVANCED_FACE ( 'NONE', ( #490 ), #1844, .F. ) ;
#1670 = ORIENTED_EDGE ( 'NONE', *, *, #1890, .T. ) ;
#1671 = DIRECTION ( 'NONE',  ( -1.000000000000000000, 0.000000000000000000, -2.731847993664247441E-15 ) ) ;
#1672 = CIRCLE ( 'NONE', #1416, 1.250000000000001110 ) ;
#1673 = ORIENTED_EDGE ( 'NONE', *, *, #1869, .T. ) ;
#1674 = VECTOR ( 'NONE', #705, 1000.000000000000000 ) ;
#1675 = CARTESIAN_POINT ( 'NONE',  ( 54.28999999999999204, 39.82923954403116795, -25.45999999999999019 ) ) ;
#1676 = VECTOR ( 'NONE', #1852, 1000.000000000000000 ) ;
#1677 = ORIENTED_EDGE ( 'NONE', *, *, #1473, .F. ) ;
#1678 = ADVANCED_FACE ( 'NONE', ( #787 ), #82, .F. ) ;
#1679 = DIRECTION ( 'NONE',  ( 0.000000000000000000, 0.000000000000000000, -1.000000000000000000 ) ) ;
#1680 = DIRECTION ( 'NONE',  ( 0.000000000000000000, 0.000000000000000000, 1.000000000000000000 ) ) ;
#1681 = EDGE_CURVE ( 'NONE', #1339, #518, #1233, .T. ) ;
#1682 = EDGE_LOOP ( 'NONE', ( #453, #44, #494, #348 ) ) ;
#1683 = LINE ( 'NONE', #1532, #1235 ) ;
#1684 = EDGE_LOOP ( 'NONE', ( #699, #1837, #175, #333 ) ) ;
#1685 = ORIENTED_EDGE ( 'NONE', *, *, #1189, .T. ) ;
#1686 = ADVANCED_FACE ( 'NONE', ( #943 ), #659, .F. ) ;
#1687 = CARTESIAN_POINT ( 'NONE',  ( -72.46000000000000796, 7.524766660116894101, -5.249999999999991118 ) ) ;
#1688 = ORIENTED_EDGE ( 'NONE', *, *, #1240, .T. ) ;
#1689 = EDGE_CURVE ( 'NONE', #969, #1494, #68, .T. ) ;
#1690 = CARTESIAN_POINT ( 'NONE',  ( -72.46000000000000796, 13.52476666011689410, -5.249999999999991118 ) ) ;
#1691 = ORIENTED_EDGE ( 'NONE', *, *, #1617, .T. ) ;
#1692 = AXIS2_PLACEMENT_3D ( 'NONE', #1555, #1410, #1574 ) ;
#1693 = LINE ( 'NONE', #633, #279 ) ;
#1694 = DIRECTION ( 'NONE',  ( 0.000000000000000000, 0.000000000000000000, 1.000000000000000000 ) ) ;
#1695 = VECTOR ( 'NONE', #233, 1000.000000000000000 ) ;
#1696 = CARTESIAN_POINT ( 'NONE',  ( 9.735245425957550935, 5.000000000000004441, -2.442657653041635513 ) ) ;
#1697 = EDGE_LOOP ( 'NONE', ( #208, #1575, #952, #1106 ) ) ;
#1698 = VECTOR ( 'NONE', #1899, 1000.000000000000000 ) ;
#1700 = VECTOR ( 'NONE', #1849, 1000.000000000000000 ) ;
#1699 = DIRECTION ( 'NONE',  ( 1.000000000000000000, 0.000000000000000000, 0.000000000000000000 ) ) ;
#1701 = ADVANCED_FACE ( 'NONE', ( #1257 ), #959, .T. ) ;
#1702 = EDGE_LOOP ( 'NONE', ( #1688, #1086, #33, #1292 ) ) ;
#1703 = ADVANCED_FACE ( 'NONE', ( #810 ), #936, .F. ) ;
#1704 = LINE ( 'NONE', #808, #507 ) ;
#1705 = CARTESIAN_POINT ( 'NONE',  ( 55.53999999999999915, 39.82923954403116795, -25.45999999999999019 ) ) ;
#1706 = DIRECTION ( 'NONE',  ( 1.000000000000000000, 0.000000000000000000, 0.000000000000000000 ) ) ;
#1707 = ORIENTED_EDGE ( 'NONE', *, *, #358, .F. ) ;
#1708 = DIRECTION ( 'NONE',  ( -2.731847993664247441E-15, 0.000000000000000000, -1.000000000000000000 ) ) ;
#1709 = CARTESIAN_POINT ( 'NONE',  ( 72.46000000000000796, 80.00000000000000000, 28.72999999999999687 ) ) ;
#1710 = ORIENTED_EDGE ( 'NONE', *, *, #1901, .F. ) ;
#1711 = VECTOR ( 'NONE', #108, 1000.000000000000000 ) ;
#1712 = EDGE_CURVE ( 'NONE', #969, #1210, #524, .T. ) ;
#1713 = DIRECTION ( 'NONE',  ( 0.000000000000000000, 0.000000000000000000, 1.000000000000000000 ) ) ;
#1714 = DIRECTION ( 'NONE',  ( 0.000000000000000000, 0.000000000000000000, -1.000000000000000000 ) ) ;
#1715 = LINE ( 'NONE', #977, #1571 ) ;
#1716 = ORIENTED_EDGE ( 'NONE', *, *, #1681, .T. ) ;
#1717 = CARTESIAN_POINT ( 'NONE',  ( -2.459999999999764597, 16.82923954403117150, -25.45999999999999019 ) ) ;
#1718 = DIRECTION ( 'NONE',  ( -1.000000000000000000, -0.000000000000000000, -0.000000000000000000 ) ) ;
#1719 = EDGE_LOOP ( 'NONE', ( #218, #1259 ) ) ;
#1720 = LINE ( 'NONE', #834, #1035 ) ;
#1721 = AXIS2_PLACEMENT_3D ( 'NONE', #637, #1497, #1075 ) ;
#1722 = ADVANCED_FACE ( 'NONE', ( #1087 ), #1377, .F. ) ;
#1723 = CARTESIAN_POINT ( 'NONE',  ( -73.73000000000001819, 5.000000000000004441, 28.73000000000000043 ) ) ;
#1724 = EDGE_CURVE ( 'NONE', #458, #1047, #513, .T. ) ;
#1725 = AXIS2_PLACEMENT_3D ( 'NONE', #1529, #1823, #1671 ) ;
#1726 = CARTESIAN_POINT ( 'NONE',  ( 0.03999499999999710231, 39.82923954403116795, -25.45999999999999019 ) ) ;
#1727 = DIRECTION ( 'NONE',  ( 0.000000000000000000, 0.000000000000000000, 1.000000000000000000 ) ) ;
#1728 = VECTOR ( 'NONE', #1023, 1000.000000000000000 ) ;
#1729 = ORIENTED_EDGE ( 'NONE', *, *, #60, .F. ) ;
#1730 = CARTESIAN_POINT ( 'NONE',  ( 73.73000000000001819, 5.000000000000004441, 28.73000000000000043 ) ) ;
#1731 = CARTESIAN_POINT ( 'NONE',  ( -35.17000000000000881, 24.03006333144230666, -25.45999999999999019 ) ) ;
#1732 = ORIENTED_EDGE ( 'NONE', *, *, #1093, .T. ) ;
#1733 = DIRECTION ( 'NONE',  ( 0.000000000000000000, 0.000000000000000000, -1.000000000000000000 ) ) ;
#1734 = CARTESIAN_POINT ( 'NONE',  ( -4.959995000000005483, 39.82923954403116795, -25.45999999999999019 ) ) ;
#1735 = VECTOR ( 'NONE', #1544, 1000.000000000000000 ) ;
#1736 = DIRECTION ( 'NONE',  ( -0.000000000000000000, -0.000000000000000000, -1.000000000000000000 ) ) ;
#1737 = ADVANCED_FACE ( 'NONE', ( #1242 ), #1403, .F. ) ;
#1738 = DIRECTION ( 'NONE',  ( -1.000000000000000000, 0.000000000000000000, 0.000000000000000000 ) ) ;
#1739 = ORIENTED_EDGE ( 'NONE', *, *, #319, .T. ) ;
#1740 = EDGE_CURVE ( 'NONE', #941, #1627, #57, .T. ) ;
#1741 = LINE ( 'NONE', #679, #1824 ) ;
#1742 = FACE_BOUND ( 'NONE', #558, .T. ) ;
#1743 = EDGE_LOOP ( 'NONE', ( #596, #463, #106, #197 ) ) ;
#1744 = CARTESIAN_POINT ( 'NONE',  ( -38.17000000000000881, 24.03006333144230666, -27.45999999999999019 ) ) ;
#1745 = CARTESIAN_POINT ( 'NONE',  ( -73.73000000000001819, 80.00000000000000000, 28.73000000000000043 ) ) ;
#1746 = LINE ( 'NONE', #1726, #1623 ) ;
#1747 = CIRCLE ( 'NONE', #226, 3.175000000000005151 ) ;
#1748 = LINE ( 'NONE', #373, #235 ) ;
#1749 = AXIS2_PLACEMENT_3D ( 'NONE', #1607, #1465, #438 ) ;
#1750 = VERTEX_POINT ( 'NONE', #1836 ) ;
#1751 = DIRECTION ( 'NONE',  ( 0.000000000000000000, 0.000000000000000000, 1.000000000000000000 ) ) ;
#1752 = ADVANCED_FACE ( 'NONE', ( #1514 ), #1226, .F. ) ;
#1753 = FACE_OUTER_BOUND ( 'NONE', #1612, .T. ) ;
#1754 = ORIENTED_EDGE ( 'NONE', *, *, #1534, .T. ) ;
#1755 = LINE ( 'NONE', #1025, #1021 ) ;
#1756 = DIRECTION ( 'NONE',  ( -0.000000000000000000, -0.000000000000000000, 1.000000000000000000 ) ) ;
#1757 = FACE_BOUND ( 'NONE', #1643, .T. ) ;
#1758 = ORIENTED_EDGE ( 'NONE', *, *, #728, .F. ) ;
#1759 = LINE ( 'NONE', #613, #1249 ) ;
#1760 = CARTESIAN_POINT ( 'NONE',  ( -72.46000000000000796, 13.52476666011689410, 5.250000000000009770 ) ) ;
#1761 = VERTEX_POINT ( 'NONE', #1696 ) ;
#1762 = AXIS2_PLACEMENT_3D ( 'NONE', #1598, #277, #1916 ) ;
#1763 = ADVANCED_FACE ( 'NONE', ( #207 ), #795, .F. ) ;
#1764 = DIRECTION ( 'NONE',  ( -0.000000000000000000, -0.000000000000000000, -1.000000000000000000 ) ) ;
#1765 = VERTEX_POINT ( 'NONE', #356 ) ;
#1766 = EDGE_CURVE ( 'NONE', #1313, #529, #951, .T. ) ;
#1767 = LINE ( 'NONE', #435, #1698 ) ;
#1768 = VECTOR ( 'NONE', #1520, 1000.000000000000000 ) ;
#1769 = DIRECTION ( 'NONE',  ( -0.000000000000000000, -0.000000000000000000, 1.000000000000000000 ) ) ;
#1770 = AXIS2_PLACEMENT_3D ( 'NONE', #1616, #162, #592 ) ;
#1771 = ORIENTED_EDGE ( 'NONE', *, *, #167, .F. ) ;
#1772 = CARTESIAN_POINT ( 'NONE',  ( -4.959994999999763898, 16.82923954403117150, -27.45999999999999019 ) ) ;
#1773 = CARTESIAN_POINT ( 'NONE',  ( 72.46000000000000796, 5.000000000000004441, 28.72999999999999687 ) ) ;
#1774 = ORIENTED_EDGE ( 'NONE', *, *, #1053, .F. ) ;
#1775 = FACE_BOUND ( 'NONE', #194, .T. ) ;
#1776 = EDGE_CURVE ( 'NONE', #1076, #929, #121, .T. ) ;
#1777 = CARTESIAN_POINT ( 'NONE',  ( 55.54000000000024073, 16.82923954403117150, -25.45999999999999019 ) ) ;
#1778 =( LENGTH_UNIT ( ) NAMED_UNIT ( * ) SI_UNIT ( .MILLI., .METRE. ) );
#1779 = EDGE_CURVE ( 'NONE', #615, #1408, #1748, .T. ) ;
#1780 = DIRECTION ( 'NONE',  ( 1.000000000000000000, 0.000000000000000000, 0.000000000000000000 ) ) ;
#1781 = ORIENTED_EDGE ( 'NONE', *, *, #650, .F. ) ;
#1782 = DIRECTION ( 'NONE',  ( 0.000000000000000000, -1.000000000000000000, 0.000000000000000000 ) ) ;
#1783 = DIRECTION ( 'NONE',  ( 1.000000000000000000, -0.000000000000000000, 0.000000000000000000 ) ) ;
#1784 = ORIENTED_EDGE ( 'NONE', *, *, #1040, .T. ) ;
#1785 = CARTESIAN_POINT ( 'NONE',  ( 55.53999999999999915, 39.82923954403116795, -25.45999999999999019 ) ) ;
#1786 = DIRECTION ( 'NONE',  ( -0.000000000000000000, 1.000000000000000000, -0.000000000000000000 ) ) ;
#1787 = VERTEX_POINT ( 'NONE', #837 ) ;
#1788 = AXIS2_PLACEMENT_3D ( 'NONE', #1909, #684, #394 ) ;
#1789 = LINE ( 'NONE', #1660, #1768 ) ;
#1790 = EDGE_CURVE ( 'NONE', #225, #696, #1440, .T. ) ;
#1791 = EDGE_LOOP ( 'NONE', ( #521, #71 ) ) ;
#1792 = DIRECTION ( 'NONE',  ( -1.000000000000000000, 0.000000000000000000, 0.000000000000000000 ) ) ;
#1793 = FACE_OUTER_BOUND ( 'NONE', #925, .T. ) ;
#1794 = ORIENTED_EDGE ( 'NONE', *, *, #1117, .T. ) ;
#1795 = LINE ( 'NONE', #1487, #374 ) ;
#1796 = CARTESIAN_POINT ( 'NONE',  ( -75.00000000000001421, 80.00000000000000000, 30.00000000000000355 ) ) ;
#1797 = ORIENTED_EDGE ( 'NONE', *, *, #1901, .T. ) ;
#1798 = AXIS2_PLACEMENT_3D ( 'NONE', #1804, #1195, #298 ) ;
#1799 = FACE_OUTER_BOUND ( 'NONE', #22, .T. ) ;
#1800 = CARTESIAN_POINT ( 'NONE',  ( -57.76475457404245617, 5.000000000000004441, -19.94265765304163551 ) ) ;
#1801 = ORIENTED_EDGE ( 'NONE', *, *, #1914, .F. ) ;
#1802 = EDGE_CURVE ( 'NONE', #605, #387, #1200, .T. ) ;
#1803 = CARTESIAN_POINT ( 'NONE',  ( -72.46000000000000796, 5.000000000000004441, -27.45999999999999019 ) ) ;
#1804 = CARTESIAN_POINT ( 'NONE',  ( 72.46000000000000796, 5.000000000000004441, 28.72999999999999687 ) ) ;
#1805 = EDGE_LOOP ( 'NONE', ( #1288, #1059, #1456, #1404 ) ) ;
#1806 = CARTESIAN_POINT ( 'NONE',  ( 53.04000500000024232, 16.82923954403117150, -27.45999999999999019 ) ) ;
#1807 = PLANE ( 'NONE',  #819 ) ;
#1808 = VERTEX_POINT ( 'NONE', #229 ) ;
#1809 = CARTESIAN_POINT ( 'NONE',  ( 56.79000000000000625, 39.82923954403116795, -25.45999999999999019 ) ) ;
#1810 =( NAMED_UNIT ( * ) SI_UNIT ( $, .STERADIAN. ) SOLID_ANGLE_UNIT ( ) );
#1811 = ORIENTED_EDGE ( 'NONE', *, *, #1031, .F. ) ;
#1812 = VECTOR ( 'NONE', #897, 1000.000000000000000 ) ;
#1813 = CARTESIAN_POINT ( 'NONE',  ( -72.46000000000000796, 5.000000000000004441, 27.46000000000000441 ) ) ;
#1814 = AXIS2_PLACEMENT_3D ( 'NONE', #839, #715, #1443 ) ;
#1815 = DIRECTION ( 'NONE',  ( 2.312964634635746211E-15, -1.000000000000000000, 0.000000000000000000 ) ) ;
#1816 = VERTEX_POINT ( 'NONE', #685 ) ;
#1817 = AXIS2_PLACEMENT_3D ( 'NONE', #1026, #1611, #196 ) ;
#1818 = DIRECTION ( 'NONE',  ( 1.000000000000000000, 0.000000000000000000, 0.000000000000000000 ) ) ;
#1819 = EDGE_CURVE ( 'NONE', #1097, #322, #273, .T. ) ;
#1820 = ORIENTED_EDGE ( 'NONE', *, *, #656, .T. ) ;
#1821 = PLANE ( 'NONE',  #38 ) ;
#1822 = EDGE_LOOP ( 'NONE', ( #1215, #1541, #1152, #1774 ) ) ;
#1823 = DIRECTION ( 'NONE',  ( 2.731847993664247441E-15, 0.000000000000000000, -1.000000000000000000 ) ) ;
#1824 = VECTOR ( 'NONE', #697, 1000.000000000000000 ) ;
#1825 = ORIENTED_EDGE ( 'NONE', *, *, #65, .F. ) ;
#1826 = DIRECTION ( 'NONE',  ( -1.000000000000000000, 0.000000000000000000, 0.000000000000000000 ) ) ;
#1827 = LINE ( 'NONE', #493, #729 ) ;
#1828 = AXIS2_PLACEMENT_3D ( 'NONE', #584, #884, #181 ) ;
#1829 = ORIENTED_EDGE ( 'NONE', *, *, #1644, .T. ) ;
#1830 = EDGE_CURVE ( 'NONE', #1090, #20, #1429, .T. ) ;
#1831 = LINE ( 'NONE', #495, #1604 ) ;
#1832 = VECTOR ( 'NONE', #1405, 1000.000000000000000 ) ;
#1833 = PRODUCT_DEFINITION_SHAPE ( 'NONE', 'NONE',  #741 ) ;
#1834 = ADVANCED_FACE ( 'NONE', ( #1267 ), #383, .F. ) ;
#1835 = ORIENTED_EDGE ( 'NONE', *, *, #879, .T. ) ;
#1836 = CARTESIAN_POINT ( 'NONE',  ( 72.46000000000000796, 80.00000000000000000, 27.46000000000000441 ) ) ;
#1837 = ORIENTED_EDGE ( 'NONE', *, *, #601, .T. ) ;
#1838 = VECTOR ( 'NONE', #891, 1000.000000000000000 ) ;
#1839 = CARTESIAN_POINT ( 'NONE',  ( 56.79000000000024073, 16.82923954403117150, -27.45999999999999019 ) ) ;
#1840 = ORIENTED_EDGE ( 'NONE', *, *, #1554, .F. ) ;
#1841 = ADVANCED_FACE ( 'NONE', ( #820 ), #968, .F. ) ;
#1842 = ADVANCED_FACE ( 'NONE', ( #1583 ), #250, .F. ) ;
#1843 = EDGE_LOOP ( 'NONE', ( #206, #781, #1224, #585, #1382, #908, #978, #668, #1579, #228, #97, #467, #723, #1873, #212, #347 ) ) ;
#1844 = CYLINDRICAL_SURFACE ( 'NONE', #31, 1.250000000000001110 ) ;
#1845 = ORIENTED_EDGE ( 'NONE', *, *, #1381, .F. ) ;
#1846 = DIRECTION ( 'NONE',  ( 0.000000000000000000, 0.000000000000000000, 1.000000000000000000 ) ) ;
#1847 = ORIENTED_EDGE ( 'NONE', *, *, #728, .T. ) ;
#1848 = AXIS2_PLACEMENT_3D ( 'NONE', #1490, #313, #901 ) ;
#1849 = DIRECTION ( 'NONE',  ( -0.000000000000000000, -0.000000000000000000, -1.000000000000000000 ) ) ;
#1850 = VECTOR ( 'NONE', #594, 1000.000000000000000 ) ;
#1851 = CARTESIAN_POINT ( 'NONE',  ( -60.26475457404245617, 15.00000000000000533, -22.44265765304163551 ) ) ;
#1852 = DIRECTION ( 'NONE',  ( -0.000000000000000000, -1.000000000000000000, -0.000000000000000000 ) ) ;
#1853 = ADVANCED_FACE ( 'NONE', ( #1287 ), #1008, .F. ) ;
#1854 = DIRECTION ( 'NONE',  ( -1.000000000000000000, 0.000000000000000000, 0.000000000000000000 ) ) ;
#1855 = ORIENTED_EDGE ( 'NONE', *, *, #829, .F. ) ;
#1856 = CARTESIAN_POINT ( 'NONE',  ( 9.735245425957550935, 15.00000000000000533, -2.442657653041635513 ) ) ;
#1857 = ORIENTED_EDGE ( 'NONE', *, *, #789, .T. ) ;
#1858 = AXIS2_PLACEMENT_3D ( 'NONE', #695, #554, #403 ) ;
#1859 = DIRECTION ( 'NONE',  ( -1.000000000000000000, 0.000000000000000000, 0.000000000000000000 ) ) ;
#1860 = DIRECTION ( 'NONE',  ( 1.000000000000000000, 0.000000000000000000, 0.000000000000000000 ) ) ;
#1861 = AXIS2_PLACEMENT_3D ( 'NONE', #1785, #472, #451 ) ;
#1862 = CARTESIAN_POINT ( 'NONE',  ( -33.17000000000000881, 22.03006333144230666, -25.45999999999999019 ) ) ;
#1863 = ORIENTED_EDGE ( 'NONE', *, *, #1629, .T. ) ;
#1864 = EDGE_CURVE ( 'NONE', #1070, #821, #98, .T. ) ;
#1865 = VECTOR ( 'NONE', #1756, 1000.000000000000000 ) ;
#1867 = VECTOR ( 'NONE', #443, 1000.000000000000000 ) ;
#1866 = DIRECTION ( 'NONE',  ( 0.000000000000000000, -0.000000000000000000, -1.000000000000000000 ) ) ;
#1868 = ORIENTED_EDGE ( 'NONE', *, *, #1925, .T. ) ;
#1869 = EDGE_CURVE ( 'NONE', #1081, #177, #1307, .T. ) ;
#1870 = CARTESIAN_POINT ( 'NONE',  ( -72.46000000000000796, 7.524766660116894101, 5.250000000000009770 ) ) ;
#1871 = PLANE ( 'NONE',  #1788 ) ;
#1872 = CARTESIAN_POINT ( 'NONE',  ( 74.99999999999998579, 80.00000000000000000, -29.99999999999999289 ) ) ;
#1873 = ORIENTED_EDGE ( 'NONE', *, *, #539, .T. ) ;
#1874 = CARTESIAN_POINT ( 'NONE',  ( 0.000000000000000000, 5.000000000000004441, 0.000000000000000000 ) ) ;
#1875 = CARTESIAN_POINT ( 'NONE',  ( -2.460000000000003961, 39.82923954403116795, -25.45999999999999019 ) ) ;
#1876 = ORIENTED_EDGE ( 'NONE', *, *, #987, .T. ) ;
#1877 = VECTOR ( 'NONE', #930, 1000.000000000000000 ) ;
#1878 = FACE_OUTER_BOUND ( 'NONE', #1657, .T. ) ;
#1879 = PLANE ( 'NONE',  #1284 ) ;
#1880 = DIRECTION ( 'NONE',  ( 0.000000000000000000, 0.000000000000000000, 1.000000000000000000 ) ) ;
#1881 = ORIENTED_EDGE ( 'NONE', *, *, #882, .F. ) ;
#1882 = CARTESIAN_POINT ( 'NONE',  ( 72.45999999999997954, 5.000000000000004441, -27.45999999999999019 ) ) ;
#1883 = FACE_OUTER_BOUND ( 'NONE', #234, .T. ) ;
#1884 = ORIENTED_EDGE ( 'NONE', *, *, #1166, .T. ) ;
#1885 = CARTESIAN_POINT ( 'NONE',  ( -2.460000000000003961, 39.82923954403116795, -25.45999999999999019 ) ) ;
#1886 = EDGE_CURVE ( 'NONE', #796, #593, #865, .T. ) ;
#1887 = CARTESIAN_POINT ( 'NONE',  ( 7.235245425957548271, 15.00000000000000533, -19.94265765304163551 ) ) ;
#1888 = CIRCLE ( 'NONE', #731, 1.250000000000001554 ) ;
#1889 = CARTESIAN_POINT ( 'NONE',  ( -72.46000000000000796, 5.000000000000004441, -27.45999999999999019 ) ) ;
#1890 = EDGE_CURVE ( 'NONE', #905, #580, #742, .T. ) ;
#1891 = DIRECTION ( 'NONE',  ( -0.000000000000000000, 1.000000000000000000, -0.000000000000000000 ) ) ;
#1892 = ORIENTED_EDGE ( 'NONE', *, *, #1282, .F. ) ;
#1893 = DIRECTION ( 'NONE',  ( 0.000000000000000000, -0.000000000000000000, 1.000000000000000000 ) ) ;
#1894 = CARTESIAN_POINT ( 'NONE',  ( -72.46000000000000796, 5.000000000000004441, -27.45999999999999019 ) ) ;
#1895 = ORIENTED_EDGE ( 'NONE', *, *, #358, .T. ) ;
#1896 = CARTESIAN_POINT ( 'NONE',  ( -75.00000000000001421, 80.00000000000000000, 30.00000000000000355 ) ) ;
#1897 = DIRECTION ( 'NONE',  ( -0.000000000000000000, 1.000000000000000000, -0.000000000000000000 ) ) ;
#1898 = VECTOR ( 'NONE', #1780, 1000.000000000000000 ) ;
#1899 = DIRECTION ( 'NONE',  ( 0.000000000000000000, 1.000000000000000000, 0.000000000000000000 ) ) ;
#1900 = DIRECTION ( 'NONE',  ( -0.000000000000000000, -0.000000000000000000, -1.000000000000000000 ) ) ;
#1901 = EDGE_CURVE ( 'NONE', #1458, #1765, #1715, .T. ) ;
#1902 = DIRECTION ( 'NONE',  ( 0.000000000000000000, -1.000000000000000000, 0.000000000000000000 ) ) ;
#1903 = VERTEX_POINT ( 'NONE', #240 ) ;
#1904 = CARTESIAN_POINT ( 'NONE',  ( -72.46000000000000796, 7.524766660116894101, -5.249999999999991118 ) ) ;
#1905 = CYLINDRICAL_SURFACE ( 'NONE', #213, 2.499995000000001522 ) ;
#1906 = EDGE_LOOP ( 'NONE', ( #1868, #515, #1556, #1167 ) ) ;
#1907 = LINE ( 'NONE', #1137, #861 ) ;
#1908 = CARTESIAN_POINT ( 'NONE',  ( -35.17000000000000881, 24.03006333144230666, -27.45999999999999019 ) ) ;
#1909 = CARTESIAN_POINT ( 'NONE',  ( 72.45999999999997954, 5.000000000000004441, -27.45999999999999019 ) ) ;
#1910 = MECHANICAL_DESIGN_GEOMETRIC_PRESENTATION_REPRESENTATION (  '', ( #354 ), #911 ) ;
#1911 = DIRECTION ( 'NONE',  ( 0.000000000000000000, 0.000000000000000000, -1.000000000000000000 ) ) ;
#1912 = AXIS2_PLACEMENT_3D ( 'NONE', #520, #1859, #1513 ) ;
#1913 = VERTEX_POINT ( 'NONE', #827 ) ;
#1914 = EDGE_CURVE ( 'NONE', #1498, #660, #101, .T. ) ;
#1915 = LINE ( 'NONE', #575, #1402 ) ;
#1916 = DIRECTION ( 'NONE',  ( 0.000000000000000000, -0.000000000000000000, 1.000000000000000000 ) ) ;
#1917 = EDGE_LOOP ( 'NONE', ( #1388, #1425, #1036, #1855 ) ) ;
#1918 = EDGE_CURVE ( 'NONE', #1268, #504, #542, .T. ) ;
#1919 = DIRECTION ( 'NONE',  ( -1.000000000000000000, 0.000000000000000000, 0.000000000000000000 ) ) ;
#1920 = CARTESIAN_POINT ( 'NONE',  ( 54.29000000000024073, 16.82923954403117150, -25.45999999999999019 ) ) ;
#1921 = VECTOR ( 'NONE', #1507, 1000.000000000000000 ) ;
#1922 = VERTEX_POINT ( 'NONE', #1204 ) ;
#1923 = DIRECTION ( 'NONE',  ( -0.000000000000000000, 1.000000000000000000, -0.000000000000000000 ) ) ;
#1924 = CARTESIAN_POINT ( 'NONE',  ( 74.99999999999998579, 80.00000000000000000, 30.00000000000000355 ) ) ;
#1925 = EDGE_CURVE ( 'NONE', #20, #1458, #424, .T. ) ;
ENDSEC;
END-ISO-10303-21;
